2026-08-12 19:24:35,733 [INFO] scraper.rbi: Discovered 2 Master Direction entries from listing
2026-08-12 19:24:35,734 [INFO] scraper.rbi: Discovered 2 Master Direction entries from listing
2026-08-12 19:24:35,734 [INFO] scraper.rbi: GET attempt=1 url=https://rbidocs.rbi.org.in/rdocs/notification/PDFs/ABCDEF1234567890ABCDEF1234.PDF
2026-08-12 19:24:35,734 [INFO] scraper.rbi: DOWNLOADED md_99901 bytes=30 -> /private/var/folders/5n/6f_8lx951jvgm3p1clj1qykr0000gn/T/pytest-of-karan/pytest-0/test_discover_listing_mocked0/raw/master_directions/md_99901.pdf
2026-08-12 19:24:35,735 [INFO] scraper.rbi: GET attempt=1 url=https://rbidocs.rbi.org.in/rdocs/notification/PDFs/FEDCBA0987654321FEDCBA0987.PDF
2026-08-12 19:24:35,735 [INFO] scraper.rbi: DOWNLOADED md_99902 bytes=30 -> /private/var/folders/5n/6f_8lx951jvgm3p1clj1qykr0000gn/T/pytest-of-karan/pytest-0/test_discover_listing_mocked0/raw/master_directions/md_99902.pdf
2026-08-12 19:25:03,866 [INFO] scraper.rbi: Discovered 2 Master Direction entries from listing
2026-08-12 19:25:03,866 [INFO] scraper.rbi: Discovered 2 Master Direction entries from listing
2026-08-12 19:25:03,867 [INFO] scraper.rbi: GET attempt=1 url=https://rbidocs.rbi.org.in/rdocs/notification/PDFs/ABCDEF1234567890ABCDEF1234.PDF
2026-08-12 19:25:03,867 [INFO] scraper.rbi: DOWNLOADED md_99901 bytes=30 -> /private/var/folders/5n/6f_8lx951jvgm3p1clj1qykr0000gn/T/pytest-of-karan/pytest-1/test_discover_listing_mocked0/raw/master_directions/md_99901.pdf
2026-08-12 19:25:03,867 [INFO] scraper.rbi: GET attempt=1 url=https://rbidocs.rbi.org.in/rdocs/notification/PDFs/FEDCBA0987654321FEDCBA0987.PDF
2026-08-12 19:25:03,867 [INFO] scraper.rbi: DOWNLOADED md_99902 bytes=30 -> /private/var/folders/5n/6f_8lx951jvgm3p1clj1qykr0000gn/T/pytest-of-karan/pytest-1/test_discover_listing_mocked0/raw/master_directions/md_99902.pdf
2026-08-12 19:25:40,712 [INFO] scraper.rbi: Discovered 2 Master Direction entries from listing
2026-08-12 19:25:40,712 [INFO] scraper.rbi: Discovered 2 Master Direction entries from listing
2026-08-12 19:25:40,713 [INFO] scraper.rbi: GET attempt=1 url=https://rbidocs.rbi.org.in/rdocs/notification/PDFs/ABCDEF1234567890ABCDEF1234.PDF
2026-08-12 19:25:40,713 [INFO] scraper.rbi: DOWNLOADED md_99901 bytes=30 -> /private/var/folders/5n/6f_8lx951jvgm3p1clj1qykr0000gn/T/pytest-of-karan/pytest-2/test_discover_listing_mocked0/raw/master_directions/md_99901.pdf
2026-08-12 19:25:40,713 [INFO] scraper.rbi: GET attempt=1 url=https://rbidocs.rbi.org.in/rdocs/notification/PDFs/FEDCBA0987654321FEDCBA0987.PDF
2026-08-12 19:25:40,713 [INFO] scraper.rbi: DOWNLOADED md_99902 bytes=30 -> /private/var/folders/5n/6f_8lx951jvgm3p1clj1qykr0000gn/T/pytest-of-karan/pytest-2/test_discover_listing_mocked0/raw/master_directions/md_99902.pdf
2026-08-12 19:25:45,786 [INFO] scraper.rbi: GET attempt=1 url=https://www.rbi.org.in/Scripts/BS_ViewMasDirections.aspx
2026-08-12 19:25:46,831 [INFO] scraper.rbi: Cached listing page -> /Users/karan/Downloads/carbon-tracker 3/Capstone_project/data/raw/master_directions/_listing_BS_ViewMasDirections.html
2026-08-12 19:25:46,882 [INFO] scraper.rbi: Discovered 381 Master Direction entries from listing
2026-08-12 19:25:48,334 [INFO] scraper.rbi: GET attempt=1 url=https://rbidocs.rbi.org.in/rdocs/notification/PDFs/61MD0825F724310142CBB351B33F9C3F80FA.PDF
2026-08-12 19:25:48,505 [INFO] scraper.rbi: DOWNLOADED md_11322 bytes=46636 -> /Users/karan/Downloads/carbon-tracker 3/Capstone_project/data/raw/master_directions/md_11322.pdf
2026-08-12 19:25:50,015 [INFO] scraper.rbi: GET attempt=1 url=https://rbidocs.rbi.org.in/rdocs/notification/PDFs/29MD8B47C911ECA14450AACBAEF6D7981EF8.PDF
2026-08-12 19:25:50,062 [INFO] scraper.rbi: DOWNLOADED md_10476 bytes=44912 -> /Users/karan/Downloads/carbon-tracker 3/Capstone_project/data/raw/master_directions/md_10476.pdf
2026-08-12 19:25:51,567 [INFO] scraper.rbi: GET attempt=1 url=https://rbidocs.rbi.org.in/rdocs/notification/PDFs/400MDEF6FB735DC5A48308F688DCB9BA11A65.PDF
2026-08-12 19:25:51,616 [INFO] scraper.rbi: DOWNLOADED md_13443 bytes=50872 -> /Users/karan/Downloads/carbon-tracker 3/Capstone_project/data/raw/master_directions/md_13443.pdf
2026-08-12 19:25:53,120 [INFO] scraper.rbi: GET attempt=1 url=https://rbidocs.rbi.org.in/rdocs/notification/PDFs/399MDAD236E83FDD240EEB29F1F5E2DBAD333.PDF
2026-08-12 19:25:53,166 [INFO] scraper.rbi: DOWNLOADED md_13442 bytes=48588 -> /Users/karan/Downloads/carbon-tracker 3/Capstone_project/data/raw/master_directions/md_13442.pdf
2026-08-12 19:25:54,667 [INFO] scraper.rbi: GET attempt=1 url=https://rbidocs.rbi.org.in/rdocs/notification/PDFs/380MD14012026DAD56B73DC944F02AEA4530EC779AD7F.PDF
2026-08-12 19:25:54,717 [INFO] scraper.rbi: DOWNLOADED md_13271 bytes=48368 -> /Users/karan/Downloads/carbon-tracker 3/Capstone_project/data/raw/master_directions/md_13271.pdf
2026-08-12 19:25:56,216 [INFO] scraper.rbi: GET attempt=1 url=https://rbidocs.rbi.org.in/rdocs/notification/PDFs/381MD140120267212A1D4EF8349448E9416EF8F2D19B5.PDF
2026-08-12 19:25:56,263 [INFO] scraper.rbi: DOWNLOADED md_13272 bytes=47400 -> /Users/karan/Downloads/carbon-tracker 3/Capstone_project/data/raw/master_directions/md_13272.pdf
2026-08-12 19:25:57,770 [INFO] scraper.rbi: GET attempt=1 url=https://rbidocs.rbi.org.in/rdocs/notification/PDFs/NOT3821EAEF90E037B4061A91775A5525510C3.PDF
2026-08-12 19:25:57,819 [INFO] scraper.rbi: DOWNLOADED md_13273 bytes=47996 -> /Users/karan/Downloads/carbon-tracker 3/Capstone_project/data/raw/master_directions/md_13273.pdf
2026-08-12 19:25:59,329 [INFO] scraper.rbi: GET attempt=1 url=https://rbidocs.rbi.org.in/rdocs/notification/PDFs/383MD14012026559E41DD96224880B75EDB2B96E4BD8B.PDF
2026-08-12 19:25:59,375 [INFO] scraper.rbi: DOWNLOADED md_13274 bytes=46948 -> /Users/karan/Downloads/carbon-tracker 3/Capstone_project/data/raw/master_directions/md_13274.pdf
2026-08-12 19:26:00,877 [INFO] scraper.rbi: GET attempt=1 url=https://rbidocs.rbi.org.in/rdocs/notification/PDFs/384MD14012026E275757688DE4E68AF9813B3B9491E4B.PDF
2026-08-12 19:26:00,928 [INFO] scraper.rbi: DOWNLOADED md_13275 bytes=44756 -> /Users/karan/Downloads/carbon-tracker 3/Capstone_project/data/raw/master_directions/md_13275.pdf
2026-08-12 19:26:02,434 [INFO] scraper.rbi: GET attempt=1 url=https://rbidocs.rbi.org.in/rdocs/notification/PDFs/NOT38578CF3B232A694DBEAB2A9CE71848DCA1.PDF
2026-08-12 19:26:02,614 [INFO] scraper.rbi: DOWNLOADED md_13276 bytes=44128 -> /Users/karan/Downloads/carbon-tracker 3/Capstone_project/data/raw/master_directions/md_13276.pdf
2026-08-12 19:26:04,122 [INFO] scraper.rbi: GET attempt=1 url=https://rbidocs.rbi.org.in/rdocs/notification/PDFs/108MDINTERNALOMBUDSMANCC05402F77BE4F229B59877F341386A4.PDF
2026-08-12 19:26:04,175 [INFO] scraper.rbi: DOWNLOADED md_12586 bytes=45160 -> /Users/karan/Downloads/carbon-tracker 3/Capstone_project/data/raw/master_directions/md_12586.pdf
2026-08-12 19:26:05,684 [INFO] scraper.rbi: GET attempt=1 url=https://rbidocs.rbi.org.in/rdocs/notification/PDFs/397MD7DCC951F9F014A738C60E0FBC1A73D70.PDF
2026-08-12 19:26:05,730 [INFO] scraper.rbi: DOWNLOADED md_13399 bytes=45160 -> /Users/karan/Downloads/carbon-tracker 3/Capstone_project/data/raw/master_directions/md_13399.pdf
2026-08-12 19:26:07,234 [INFO] scraper.rbi: GET attempt=1 url=https://rbidocs.rbi.org.in/rdocs/notification/PDFs/MD39857992A3DBE7946619F0F76DF81E472CF.PDF
2026-08-12 19:26:07,308 [INFO] scraper.rbi: DOWNLOADED md_13400 bytes=47040 -> /Users/karan/Downloads/carbon-tracker 3/Capstone_project/data/raw/master_directions/md_13400.pdf
2026-08-12 19:26:08,817 [INFO] scraper.rbi: GET attempt=1 url=https://rbidocs.rbi.org.in/rdocs/notification/PDFs/387MD1003202698CBFA3D29254532B33C97C231B6F7D8.PDF
2026-08-12 19:26:08,867 [INFO] scraper.rbi: DOWNLOADED md_13319 bytes=45872 -> /Users/karan/Downloads/carbon-tracker 3/Capstone_project/data/raw/master_directions/md_13319.pdf
2026-08-12 19:26:10,374 [INFO] scraper.rbi: GET attempt=1 url=https://rbidocs.rbi.org.in/rdocs/notification/PDFs/174MD.PDF
2026-08-12 19:26:10,484 [INFO] scraper.rbi: DOWNLOADED md_13136 bytes=47332 -> /Users/karan/Downloads/carbon-tracker 3/Capstone_project/data/raw/master_directions/md_13136.pdf
2026-08-12 19:26:11,994 [INFO] scraper.rbi: GET attempt=1 url=https://rbidocs.rbi.org.in/rdocs/notification/PDFs/173MD.PDF
2026-08-12 19:26:12,091 [INFO] scraper.rbi: DOWNLOADED md_13137 bytes=46912 -> /Users/karan/Downloads/carbon-tracker 3/Capstone_project/data/raw/master_directions/md_13137.pdf
2026-08-12 19:26:13,601 [INFO] scraper.rbi: GET attempt=1 url=https://rbidocs.rbi.org.in/rdocs/notification/PDFs/172MD.PDF
2026-08-12 19:26:13,646 [INFO] scraper.rbi: DOWNLOADED md_13138 bytes=49336 -> /Users/karan/Downloads/carbon-tracker 3/Capstone_project/data/raw/master_directions/md_13138.pdf
2026-08-12 19:26:15,151 [INFO] scraper.rbi: GET attempt=1 url=https://rbidocs.rbi.org.in/rdocs/notification/PDFs/171MD.PDF
2026-08-12 19:26:15,262 [INFO] scraper.rbi: DOWNLOADED md_13139 bytes=51384 -> /Users/karan/Downloads/carbon-tracker 3/Capstone_project/data/raw/master_directions/md_13139.pdf
2026-08-12 19:26:16,772 [INFO] scraper.rbi: GET attempt=1 url=https://rbidocs.rbi.org.in/rdocs/notification/PDFs/170MD.PDF
2026-08-12 19:26:16,818 [INFO] scraper.rbi: DOWNLOADED md_13140 bytes=46816 -> /Users/karan/Downloads/carbon-tracker 3/Capstone_project/data/raw/master_directions/md_13140.pdf
2026-08-12 19:26:18,328 [INFO] scraper.rbi: GET attempt=1 url=https://rbidocs.rbi.org.in/rdocs/notification/PDFs/169MD.PDF
2026-08-12 19:26:18,420 [INFO] scraper.rbi: DOWNLOADED md_13141 bytes=47332 -> /Users/karan/Downloads/carbon-tracker 3/Capstone_project/data/raw/master_directions/md_13141.pdf
2026-08-12 19:26:19,930 [INFO] scraper.rbi: GET attempt=1 url=https://rbidocs.rbi.org.in/rdocs/notification/PDFs/167MD.PDF
2026-08-12 19:26:19,984 [INFO] scraper.rbi: DOWNLOADED md_13143 bytes=50220 -> /Users/karan/Downloads/carbon-tracker 3/Capstone_project/data/raw/master_directions/md_13143.pdf
2026-08-12 19:26:21,493 [INFO] scraper.rbi: GET attempt=1 url=https://rbidocs.rbi.org.in/rdocs/notification/PDFs/166MD.PDF
2026-08-12 19:26:21,569 [INFO] scraper.rbi: DOWNLOADED md_13144 bytes=52952 -> /Users/karan/Downloads/carbon-tracker 3/Capstone_project/data/raw/master_directions/md_13144.pdf
2026-08-12 19:26:23,078 [INFO] scraper.rbi: GET attempt=1 url=https://rbidocs.rbi.org.in/rdocs/notification/PDFs/165MD.PDF
2026-08-12 19:26:23,130 [INFO] scraper.rbi: DOWNLOADED md_13145 bytes=50204 -> /Users/karan/Downloads/carbon-tracker 3/Capstone_project/data/raw/master_directions/md_13145.pdf
2026-08-12 19:26:24,637 [INFO] scraper.rbi: GET attempt=1 url=https://rbidocs.rbi.org.in/rdocs/notification/PDFs/164MD.PDF
2026-08-12 19:26:24,728 [INFO] scraper.rbi: DOWNLOADED md_13146 bytes=44420 -> /Users/karan/Downloads/carbon-tracker 3/Capstone_project/data/raw/master_directions/md_13146.pdf
2026-08-12 19:26:26,237 [INFO] scraper.rbi: GET attempt=1 url=https://rbidocs.rbi.org.in/rdocs/notification/PDFs/163MD.PDF
2026-08-12 19:26:26,291 [INFO] scraper.rbi: DOWNLOADED md_13147 bytes=43644 -> /Users/karan/Downloads/carbon-tracker 3/Capstone_project/data/raw/master_directions/md_13147.pdf
2026-08-12 19:26:27,799 [INFO] scraper.rbi: GET attempt=1 url=https://rbidocs.rbi.org.in/rdocs/notification/PDFs/162MD.PDF
2026-08-12 19:26:27,843 [INFO] scraper.rbi: DOWNLOADED md_13148 bytes=46676 -> /Users/karan/Downloads/carbon-tracker 3/Capstone_project/data/raw/master_directions/md_13148.pdf
2026-08-12 19:26:29,348 [INFO] scraper.rbi: GET attempt=1 url=https://rbidocs.rbi.org.in/rdocs/notification/PDFs/161MD.PDF
2026-08-12 19:26:29,532 [INFO] scraper.rbi: DOWNLOADED md_13149 bytes=51244 -> /Users/karan/Downloads/carbon-tracker 3/Capstone_project/data/raw/master_directions/md_13149.pdf
2026-08-12 19:26:31,032 [INFO] scraper.rbi: GET attempt=1 url=https://rbidocs.rbi.org.in/rdocs/notification/PDFs/160MD.PDF
2026-08-12 19:26:31,080 [INFO] scraper.rbi: DOWNLOADED md_13150 bytes=49336 -> /Users/karan/Downloads/carbon-tracker 3/Capstone_project/data/raw/master_directions/md_13150.pdf
2026-08-12 19:26:32,589 [INFO] scraper.rbi: GET attempt=1 url=https://rbidocs.rbi.org.in/rdocs/notification/PDFs/159MD.PDF
2026-08-12 19:26:32,643 [INFO] scraper.rbi: DOWNLOADED md_13151 bytes=46652 -> /Users/karan/Downloads/carbon-tracker 3/Capstone_project/data/raw/master_directions/md_13151.pdf
2026-08-12 19:26:34,145 [INFO] scraper.rbi: GET attempt=1 url=https://rbidocs.rbi.org.in/rdocs/notification/PDFs/158MD.PDF
2026-08-12 19:26:34,201 [INFO] scraper.rbi: DOWNLOADED md_13152 bytes=48732 -> /Users/karan/Downloads/carbon-tracker 3/Capstone_project/data/raw/master_directions/md_13152.pdf
2026-08-12 19:26:35,707 [INFO] scraper.rbi: GET attempt=1 url=https://rbidocs.rbi.org.in/rdocs/notification/PDFs/157MD.PDF
2026-08-12 19:26:35,762 [INFO] scraper.rbi: DOWNLOADED md_13153 bytes=50552 -> /Users/karan/Downloads/carbon-tracker 3/Capstone_project/data/raw/master_directions/md_13153.pdf
2026-08-12 19:26:37,271 [INFO] scraper.rbi: GET attempt=1 url=https://rbidocs.rbi.org.in/rdocs/notification/PDFs/156MD.PDF
2026-08-12 19:26:37,317 [INFO] scraper.rbi: DOWNLOADED md_13154 bytes=47000 -> /Users/karan/Downloads/carbon-tracker 3/Capstone_project/data/raw/master_directions/md_13154.pdf
2026-08-12 19:26:38,824 [INFO] scraper.rbi: GET attempt=1 url=https://rbidocs.rbi.org.in/rdocs/notification/PDFs/155MD.PDF
2026-08-12 19:26:38,872 [INFO] scraper.rbi: DOWNLOADED md_13155 bytes=45268 -> /Users/karan/Downloads/carbon-tracker 3/Capstone_project/data/raw/master_directions/md_13155.pdf
2026-08-12 19:26:40,382 [INFO] scraper.rbi: GET attempt=1 url=https://rbidocs.rbi.org.in/rdocs/notification/PDFs/154MD.PDF
2026-08-12 19:26:40,428 [INFO] scraper.rbi: DOWNLOADED md_13156 bytes=49456 -> /Users/karan/Downloads/carbon-tracker 3/Capstone_project/data/raw/master_directions/md_13156.pdf
2026-08-12 19:26:41,934 [INFO] scraper.rbi: GET attempt=1 url=https://rbidocs.rbi.org.in/rdocs/notification/PDFs/153MD.PDF
2026-08-12 19:26:41,991 [INFO] scraper.rbi: DOWNLOADED md_13157 bytes=48424 -> /Users/karan/Downloads/carbon-tracker 3/Capstone_project/data/raw/master_directions/md_13157.pdf
2026-08-12 19:26:43,501 [INFO] scraper.rbi: GET attempt=1 url=https://rbidocs.rbi.org.in/rdocs/notification/PDFs/152MD.PDF
2026-08-12 19:26:43,567 [INFO] scraper.rbi: DOWNLOADED md_13158 bytes=49140 -> /Users/karan/Downloads/carbon-tracker 3/Capstone_project/data/raw/master_directions/md_13158.pdf
2026-08-12 19:26:45,067 [INFO] scraper.rbi: GET attempt=1 url=https://rbidocs.rbi.org.in/rdocs/notification/PDFs/151MD.PDF
2026-08-12 19:26:45,127 [INFO] scraper.rbi: DOWNLOADED md_13159 bytes=46156 -> /Users/karan/Downloads/carbon-tracker 3/Capstone_project/data/raw/master_directions/md_13159.pdf
2026-08-12 19:26:46,634 [INFO] scraper.rbi: GET attempt=1 url=https://rbidocs.rbi.org.in/rdocs/notification/PDFs/150MD.PDF
2026-08-12 19:26:46,694 [INFO] scraper.rbi: DOWNLOADED md_13160 bytes=48688 -> /Users/karan/Downloads/carbon-tracker 3/Capstone_project/data/raw/master_directions/md_13160.pdf
2026-08-12 19:26:48,202 [INFO] scraper.rbi: GET attempt=1 url=https://rbidocs.rbi.org.in/rdocs/notification/PDFs/149MD.PDF
2026-08-12 19:26:48,255 [INFO] scraper.rbi: DOWNLOADED md_13161 bytes=47448 -> /Users/karan/Downloads/carbon-tracker 3/Capstone_project/data/raw/master_directions/md_13161.pdf
2026-08-12 19:26:49,764 [INFO] scraper.rbi: GET attempt=1 url=https://rbidocs.rbi.org.in/rdocs/notification/PDFs/148MD.PDF
2026-08-12 19:26:49,841 [INFO] scraper.rbi: DOWNLOADED md_13162 bytes=45780 -> /Users/karan/Downloads/carbon-tracker 3/Capstone_project/data/raw/master_directions/md_13162.pdf
2026-08-12 19:26:51,349 [INFO] scraper.rbi: GET attempt=1 url=https://rbidocs.rbi.org.in/rdocs/notification/PDFs/380MD.PDF
2026-08-12 19:26:51,399 [INFO] scraper.rbi: DOWNLOADED md_13163 bytes=44420 -> /Users/karan/Downloads/carbon-tracker 3/Capstone_project/data/raw/master_directions/md_13163.pdf
2026-08-12 19:26:52,908 [INFO] scraper.rbi: GET attempt=1 url=https://rbidocs.rbi.org.in/rdocs/notification/PDFs/147MD.PDF
2026-08-12 19:26:52,976 [INFO] scraper.rbi: DOWNLOADED md_13164 bytes=45452 -> /Users/karan/Downloads/carbon-tracker 3/Capstone_project/data/raw/master_directions/md_13164.pdf
2026-08-12 19:26:54,485 [INFO] scraper.rbi: GET attempt=1 url=https://rbidocs.rbi.org.in/rdocs/notification/PDFs/146MD.PDF
2026-08-12 19:26:54,531 [INFO] scraper.rbi: DOWNLOADED md_13165 bytes=41892 -> /Users/karan/Downloads/carbon-tracker 3/Capstone_project/data/raw/master_directions/md_13165.pdf
2026-08-12 19:26:56,040 [INFO] scraper.rbi: GET attempt=1 url=https://rbidocs.rbi.org.in/rdocs/notification/PDFs/145MD.PDF
2026-08-12 19:26:56,091 [INFO] scraper.rbi: DOWNLOADED md_13166 bytes=44636 -> /Users/karan/Downloads/carbon-tracker 3/Capstone_project/data/raw/master_directions/md_13166.pdf
2026-08-12 19:26:57,601 [INFO] scraper.rbi: GET attempt=1 url=https://rbidocs.rbi.org.in/rdocs/notification/PDFs/144MD.PDF
2026-08-12 19:26:57,645 [INFO] scraper.rbi: DOWNLOADED md_13167 bytes=48560 -> /Users/karan/Downloads/carbon-tracker 3/Capstone_project/data/raw/master_directions/md_13167.pdf
2026-08-12 19:26:59,151 [INFO] scraper.rbi: GET attempt=1 url=https://rbidocs.rbi.org.in/rdocs/notification/PDFs/143MD.PDF
2026-08-12 19:26:59,204 [INFO] scraper.rbi: DOWNLOADED md_13168 bytes=48580 -> /Users/karan/Downloads/carbon-tracker 3/Capstone_project/data/raw/master_directions/md_13168.pdf
2026-08-12 19:27:00,709 [INFO] scraper.rbi: GET attempt=1 url=https://rbidocs.rbi.org.in/rdocs/notification/PDFs/391MD10032026DEA2C866625C478D9F4CC695FCA60B68.PDF
2026-08-12 19:27:00,764 [INFO] scraper.rbi: DOWNLOADED md_13328 bytes=46176 -> /Users/karan/Downloads/carbon-tracker 3/Capstone_project/data/raw/master_directions/md_13328.pdf
2026-08-12 19:27:02,269 [INFO] scraper.rbi: GET attempt=1 url=https://rbidocs.rbi.org.in/rdocs/notification/PDFs/204MD.PDF
2026-08-12 19:27:02,320 [INFO] scraper.rbi: DOWNLOADED md_13105 bytes=50204 -> /Users/karan/Downloads/carbon-tracker 3/Capstone_project/data/raw/master_directions/md_13105.pdf
2026-08-12 19:27:03,829 [INFO] scraper.rbi: GET attempt=1 url=https://rbidocs.rbi.org.in/rdocs/notification/PDFs/203MD.PDF
2026-08-12 19:27:03,940 [INFO] scraper.rbi: DOWNLOADED md_13106 bytes=46816 -> /Users/karan/Downloads/carbon-tracker 3/Capstone_project/data/raw/master_directions/md_13106.pdf
2026-08-12 19:27:05,444 [INFO] scraper.rbi: GET attempt=1 url=https://rbidocs.rbi.org.in/rdocs/notification/PDFs/202MD.PDF
2026-08-12 19:27:05,490 [INFO] scraper.rbi: DOWNLOADED md_13107 bytes=48336 -> /Users/karan/Downloads/carbon-tracker 3/Capstone_project/data/raw/master_directions/md_13107.pdf
2026-08-12 19:27:06,999 [INFO] scraper.rbi: GET attempt=1 url=https://rbidocs.rbi.org.in/rdocs/notification/PDFs/201MD.PDF
2026-08-12 19:27:07,053 [INFO] scraper.rbi: DOWNLOADED md_13108 bytes=52952 -> /Users/karan/Downloads/carbon-tracker 3/Capstone_project/data/raw/master_directions/md_13108.pdf
2026-08-12 19:27:08,557 [INFO] scraper.rbi: GET attempt=1 url=https://rbidocs.rbi.org.in/rdocs/notification/PDFs/200MD.PDF
2026-08-12 19:27:08,608 [INFO] scraper.rbi: DOWNLOADED md_13109 bytes=48336 -> /Users/karan/Downloads/carbon-tracker 3/Capstone_project/data/raw/master_directions/md_13109.pdf
2026-08-12 19:27:10,118 [INFO] scraper.rbi: GET attempt=1 url=https://rbidocs.rbi.org.in/rdocs/notification/PDFs/198MD.PDF
2026-08-12 19:27:10,170 [INFO] scraper.rbi: DOWNLOADED md_13111 bytes=46412 -> /Users/karan/Downloads/carbon-tracker 3/Capstone_project/data/raw/master_directions/md_13111.pdf
2026-08-12 19:27:11,680 [INFO] scraper.rbi: GET attempt=1 url=https://rbidocs.rbi.org.in/rdocs/notification/PDFs/197MD.PDF
2026-08-12 19:27:11,734 [INFO] scraper.rbi: DOWNLOADED md_13112 bytes=48560 -> /Users/karan/Downloads/carbon-tracker 3/Capstone_project/data/raw/master_directions/md_13112.pdf
2026-08-12 19:27:13,243 [INFO] scraper.rbi: GET attempt=1 url=https://rbidocs.rbi.org.in/rdocs/notification/PDFs/196MD.PDF
2026-08-12 19:27:13,297 [INFO] scraper.rbi: DOWNLOADED md_13113 bytes=44128 -> /Users/karan/Downloads/carbon-tracker 3/Capstone_project/data/raw/master_directions/md_13113.pdf
2026-08-12 19:27:14,805 [INFO] scraper.rbi: GET attempt=1 url=https://rbidocs.rbi.org.in/rdocs/notification/PDFs/195MD.PDF
2026-08-12 19:27:14,857 [INFO] scraper.rbi: DOWNLOADED md_13114 bytes=48560 -> /Users/karan/Downloads/carbon-tracker 3/Capstone_project/data/raw/master_directions/md_13114.pdf
2026-08-12 19:27:16,364 [INFO] scraper.rbi: GET attempt=1 url=https://rbidocs.rbi.org.in/rdocs/notification/PDFs/194MD.PDF
2026-08-12 19:27:16,416 [INFO] scraper.rbi: DOWNLOADED md_13115 bytes=44128 -> /Users/karan/Downloads/carbon-tracker 3/Capstone_project/data/raw/master_directions/md_13115.pdf
2026-08-12 19:27:17,925 [INFO] scraper.rbi: GET attempt=1 url=https://rbidocs.rbi.org.in/rdocs/notification/PDFs/193MD.PDF
2026-08-12 19:27:18,013 [INFO] scraper.rbi: DOWNLOADED md_13116 bytes=49292 -> /Users/karan/Downloads/carbon-tracker 3/Capstone_project/data/raw/master_directions/md_13116.pdf
2026-08-12 19:27:19,517 [INFO] scraper.rbi: GET attempt=1 url=https://rbidocs.rbi.org.in/rdocs/notification/PDFs/192MD.PDF
2026-08-12 19:27:19,589 [INFO] scraper.rbi: DOWNLOADED md_13117 bytes=46628 -> /Users/karan/Downloads/carbon-tracker 3/Capstone_project/data/raw/master_directions/md_13117.pdf
2026-08-12 19:27:21,099 [INFO] scraper.rbi: GET attempt=1 url=https://rbidocs.rbi.org.in/rdocs/notification/PDFs/191MD.PDF
2026-08-12 19:27:21,165 [INFO] scraper.rbi: DOWNLOADED md_13118 bytes=51244 -> /Users/karan/Downloads/carbon-tracker 3/Capstone_project/data/raw/master_directions/md_13118.pdf
2026-08-12 19:27:22,667 [INFO] scraper.rbi: GET attempt=1 url=https://rbidocs.rbi.org.in/rdocs/notification/PDFs/190MD.PDF
2026-08-12 19:27:22,721 [INFO] scraper.rbi: DOWNLOADED md_13119 bytes=44128 -> /Users/karan/Downloads/carbon-tracker 3/Capstone_project/data/raw/master_directions/md_13119.pdf
2026-08-12 19:27:24,227 [INFO] scraper.rbi: GET attempt=1 url=https://rbidocs.rbi.org.in/rdocs/notification/PDFs/189MD.PDF
2026-08-12 19:27:24,292 [INFO] scraper.rbi: DOWNLOADED md_13120 bytes=49928 -> /Users/karan/Downloads/carbon-tracker 3/Capstone_project/data/raw/master_directions/md_13120.pdf
2026-08-12 19:27:25,801 [INFO] scraper.rbi: GET attempt=1 url=https://rbidocs.rbi.org.in/rdocs/notification/PDFs/188MD.PDF
2026-08-12 19:27:25,851 [INFO] scraper.rbi: DOWNLOADED md_13121 bytes=52344 -> /Users/karan/Downloads/carbon-tracker 3/Capstone_project/data/raw/master_directions/md_13121.pdf
2026-08-12 19:27:27,353 [INFO] scraper.rbi: GET attempt=1 url=https://rbidocs.rbi.org.in/rdocs/notification/PDFs/187MD.PDF
2026-08-12 19:27:27,390 [INFO] scraper.rbi: DOWNLOADED md_13122 bytes=46412 -> /Users/karan/Downloads/carbon-tracker 3/Capstone_project/data/raw/master_directions/md_13122.pdf
2026-08-12 19:27:28,890 [INFO] scraper.rbi: GET attempt=1 url=https://rbidocs.rbi.org.in/rdocs/notification/PDFs/186MD.PDF
2026-08-12 19:27:28,941 [INFO] scraper.rbi: DOWNLOADED md_13123 bytes=44716 -> /Users/karan/Downloads/carbon-tracker 3/Capstone_project/data/raw/master_directions/md_13123.pdf
2026-08-12 19:27:30,441 [INFO] scraper.rbi: GET attempt=1 url=https://rbidocs.rbi.org.in/rdocs/notification/PDFs/185MD.PDF
2026-08-12 19:27:30,496 [INFO] scraper.rbi: DOWNLOADED md_13124 bytes=46628 -> /Users/karan/Downloads/carbon-tracker 3/Capstone_project/data/raw/master_directions/md_13124.pdf
2026-08-12 19:27:32,000 [INFO] scraper.rbi: GET attempt=1 url=https://rbidocs.rbi.org.in/rdocs/notification/PDFs/184MD.PDF
2026-08-12 19:27:32,077 [INFO] scraper.rbi: DOWNLOADED md_13125 bytes=43928 -> /Users/karan/Downloads/carbon-tracker 3/Capstone_project/data/raw/master_directions/md_13125.pdf
2026-08-12 19:27:33,587 [INFO] scraper.rbi: GET attempt=1 url=https://rbidocs.rbi.org.in/rdocs/notification/PDFs/183MD.PDF
2026-08-12 19:27:33,631 [INFO] scraper.rbi: DOWNLOADED md_13126 bytes=48276 -> /Users/karan/Downloads/carbon-tracker 3/Capstone_project/data/raw/master_directions/md_13126.pdf
2026-08-12 19:27:35,140 [INFO] scraper.rbi: GET attempt=1 url=https://rbidocs.rbi.org.in/rdocs/notification/PDFs/182MD.PDF
2026-08-12 19:27:35,190 [INFO] scraper.rbi: DOWNLOADED md_13127 bytes=43644 -> /Users/karan/Downloads/carbon-tracker 3/Capstone_project/data/raw/master_directions/md_13127.pdf
2026-08-12 19:27:36,692 [INFO] scraper.rbi: GET attempt=1 url=https://rbidocs.rbi.org.in/rdocs/notification/PDFs/181MD.PDF
2026-08-12 19:27:36,737 [INFO] scraper.rbi: DOWNLOADED md_13128 bytes=48176 -> /Users/karan/Downloads/carbon-tracker 3/Capstone_project/data/raw/master_directions/md_13128.pdf
2026-08-12 19:27:38,237 [INFO] scraper.rbi: GET attempt=1 url=https://rbidocs.rbi.org.in/rdocs/notification/PDFs/180MD.PDF
2026-08-12 19:27:38,281 [INFO] scraper.rbi: DOWNLOADED md_13129 bytes=48688 -> /Users/karan/Downloads/carbon-tracker 3/Capstone_project/data/raw/master_directions/md_13129.pdf
2026-08-12 19:27:39,781 [INFO] scraper.rbi: GET attempt=1 url=https://rbidocs.rbi.org.in/rdocs/notification/PDFs/179MD.PDF
2026-08-12 19:27:39,830 [INFO] scraper.rbi: DOWNLOADED md_13130 bytes=47108 -> /Users/karan/Downloads/carbon-tracker 3/Capstone_project/data/raw/master_directions/md_13130.pdf
2026-08-12 19:27:41,334 [INFO] scraper.rbi: GET attempt=1 url=https://rbidocs.rbi.org.in/rdocs/notification/PDFs/381MD.PDF
2026-08-12 19:27:41,383 [INFO] scraper.rbi: DOWNLOADED md_13131 bytes=50716 -> /Users/karan/Downloads/carbon-tracker 3/Capstone_project/data/raw/master_directions/md_13131.pdf
2026-08-12 19:27:42,892 [INFO] scraper.rbi: GET attempt=1 url=https://rbidocs.rbi.org.in/rdocs/notification/PDFs/178MD.PDF
2026-08-12 19:27:42,942 [INFO] scraper.rbi: DOWNLOADED md_13132 bytes=45744 -> /Users/karan/Downloads/carbon-tracker 3/Capstone_project/data/raw/master_directions/md_13132.pdf
2026-08-12 19:27:44,442 [INFO] scraper.rbi: GET attempt=1 url=https://rbidocs.rbi.org.in/rdocs/notification/PDFs/177MD.PDF
2026-08-12 19:27:44,484 [INFO] scraper.rbi: DOWNLOADED md_13133 bytes=47332 -> /Users/karan/Downloads/carbon-tracker 3/Capstone_project/data/raw/master_directions/md_13133.pdf
2026-08-12 19:27:45,993 [INFO] scraper.rbi: GET attempt=1 url=https://rbidocs.rbi.org.in/rdocs/notification/PDFs/176MD.PDF
2026-08-12 19:27:46,043 [INFO] scraper.rbi: DOWNLOADED md_13134 bytes=44988 -> /Users/karan/Downloads/carbon-tracker 3/Capstone_project/data/raw/master_directions/md_13134.pdf
2026-08-12 19:27:47,550 [INFO] scraper.rbi: GET attempt=1 url=https://rbidocs.rbi.org.in/rdocs/notification/PDFs/175MD.PDF
2026-08-12 19:27:47,599 [INFO] scraper.rbi: DOWNLOADED md_13135 bytes=51244 -> /Users/karan/Downloads/carbon-tracker 3/Capstone_project/data/raw/master_directions/md_13135.pdf
2026-08-12 19:27:49,107 [INFO] scraper.rbi: GET attempt=1 url=https://rbidocs.rbi.org.in/rdocs/notification/PDFs/388MD10032026C9C28BA2FD904454A24EE40607D82CC7.PDF
2026-08-12 19:27:49,148 [INFO] scraper.rbi: DOWNLOADED md_13321 bytes=46436 -> /Users/karan/Downloads/carbon-tracker 3/Capstone_project/data/raw/master_directions/md_13321.pdf
2026-08-12 19:27:50,648 [INFO] scraper.rbi: GET attempt=1 url=https://rbidocs.rbi.org.in/rdocs/notification/PDFs/221MD.PDF
2026-08-12 19:27:50,696 [INFO] scraper.rbi: DOWNLOADED md_13087 bytes=47460 -> /Users/karan/Downloads/carbon-tracker 3/Capstone_project/data/raw/master_directions/md_13087.pdf
2026-08-12 19:27:52,200 [INFO] scraper.rbi: GET attempt=1 url=https://rbidocs.rbi.org.in/rdocs/notification/PDFs/220MD.PDF
2026-08-12 19:27:52,245 [INFO] scraper.rbi: DOWNLOADED md_13088 bytes=41380 -> /Users/karan/Downloads/carbon-tracker 3/Capstone_project/data/raw/master_directions/md_13088.pdf
2026-08-12 19:27:53,748 [INFO] scraper.rbi: GET attempt=1 url=https://rbidocs.rbi.org.in/rdocs/notification/PDFs/219MD.PDF
2026-08-12 19:27:53,833 [INFO] scraper.rbi: DOWNLOADED md_13089 bytes=44108 -> /Users/karan/Downloads/carbon-tracker 3/Capstone_project/data/raw/master_directions/md_13089.pdf
2026-08-12 19:27:55,341 [INFO] scraper.rbi: GET attempt=1 url=https://rbidocs.rbi.org.in/rdocs/notification/PDFs/218MD.PDF
2026-08-12 19:27:55,392 [INFO] scraper.rbi: DOWNLOADED md_13090 bytes=45028 -> /Users/karan/Downloads/carbon-tracker 3/Capstone_project/data/raw/master_directions/md_13090.pdf
2026-08-12 19:27:56,898 [INFO] scraper.rbi: GET attempt=1 url=https://rbidocs.rbi.org.in/rdocs/notification/PDFs/216MD.PDF
2026-08-12 19:27:56,947 [INFO] scraper.rbi: DOWNLOADED md_13092 bytes=51384 -> /Users/karan/Downloads/carbon-tracker 3/Capstone_project/data/raw/master_directions/md_13092.pdf
2026-08-12 19:27:58,450 [INFO] scraper.rbi: GET attempt=1 url=https://rbidocs.rbi.org.in/rdocs/notification/PDFs/215MD.PDF
2026-08-12 19:27:58,505 [INFO] scraper.rbi: DOWNLOADED md_13093 bytes=49820 -> /Users/karan/Downloads/carbon-tracker 3/Capstone_project/data/raw/master_directions/md_13093.pdf
2026-08-12 19:28:00,014 [INFO] scraper.rbi: GET attempt=1 url=https://rbidocs.rbi.org.in/rdocs/notification/PDFs/214MD.PDF
2026-08-12 19:28:00,059 [INFO] scraper.rbi: DOWNLOADED md_13094 bytes=45160 -> /Users/karan/Downloads/carbon-tracker 3/Capstone_project/data/raw/master_directions/md_13094.pdf
2026-08-12 19:28:01,567 [INFO] scraper.rbi: GET attempt=1 url=https://rbidocs.rbi.org.in/rdocs/notification/PDFs/213MD.PDF
2026-08-12 19:28:01,619 [INFO] scraper.rbi: DOWNLOADED md_13095 bytes=45424 -> /Users/karan/Downloads/carbon-tracker 3/Capstone_project/data/raw/master_directions/md_13095.pdf
2026-08-12 19:28:03,125 [INFO] scraper.rbi: GET attempt=1 url=https://rbidocs.rbi.org.in/rdocs/notification/PDFs/212MD.PDF
2026-08-12 19:28:03,169 [INFO] scraper.rbi: DOWNLOADED md_13096 bytes=44144 -> /Users/karan/Downloads/carbon-tracker 3/Capstone_project/data/raw/master_directions/md_13096.pdf
2026-08-12 19:28:04,676 [INFO] scraper.rbi: GET attempt=1 url=https://rbidocs.rbi.org.in/rdocs/notification/PDFs/211MD.PDF
2026-08-12 19:28:04,727 [INFO] scraper.rbi: DOWNLOADED md_13097 bytes=53340 -> /Users/karan/Downloads/carbon-tracker 3/Capstone_project/data/raw/master_directions/md_13097.pdf
2026-08-12 19:28:06,234 [INFO] scraper.rbi: GET attempt=1 url=https://rbidocs.rbi.org.in/rdocs/notification/PDFs/210MD.PDF
2026-08-12 19:28:06,279 [INFO] scraper.rbi: DOWNLOADED md_13098 bytes=44976 -> /Users/karan/Downloads/carbon-tracker 3/Capstone_project/data/raw/master_directions/md_13098.pdf
2026-08-12 19:28:07,784 [INFO] scraper.rbi: GET attempt=1 url=https://rbidocs.rbi.org.in/rdocs/notification/PDFs/209MD.PDF
2026-08-12 19:28:07,835 [INFO] scraper.rbi: DOWNLOADED md_13099 bytes=44924 -> /Users/karan/Downloads/carbon-tracker 3/Capstone_project/data/raw/master_directions/md_13099.pdf
2026-08-12 19:28:09,341 [INFO] scraper.rbi: GET attempt=1 url=https://rbidocs.rbi.org.in/rdocs/notification/PDFs/208MD.PDF
2026-08-12 19:28:09,388 [INFO] scraper.rbi: DOWNLOADED md_13100 bytes=50652 -> /Users/karan/Downloads/carbon-tracker 3/Capstone_project/data/raw/master_directions/md_13100.pdf
2026-08-12 19:28:10,890 [INFO] scraper.rbi: GET attempt=1 url=https://rbidocs.rbi.org.in/rdocs/notification/PDFs/382MD.PDF
2026-08-12 19:28:10,933 [INFO] scraper.rbi: DOWNLOADED md_13101 bytes=47436 -> /Users/karan/Downloads/carbon-tracker 3/Capstone_project/data/raw/master_directions/md_13101.pdf
2026-08-12 19:28:12,439 [INFO] scraper.rbi: GET attempt=1 url=https://rbidocs.rbi.org.in/rdocs/notification/PDFs/207MD.PDF
2026-08-12 19:28:12,485 [INFO] scraper.rbi: DOWNLOADED md_13102 bytes=48688 -> /Users/karan/Downloads/carbon-tracker 3/Capstone_project/data/raw/master_directions/md_13102.pdf
2026-08-12 19:28:13,995 [INFO] scraper.rbi: GET attempt=1 url=https://rbidocs.rbi.org.in/rdocs/notification/PDFs/206MD.PDF
2026-08-12 19:28:14,043 [INFO] scraper.rbi: DOWNLOADED md_13103 bytes=46728 -> /Users/karan/Downloads/carbon-tracker 3/Capstone_project/data/raw/master_directions/md_13103.pdf
2026-08-12 19:28:15,543 [INFO] scraper.rbi: GET attempt=1 url=https://rbidocs.rbi.org.in/rdocs/notification/PDFs/205MD.PDF
2026-08-12 19:28:15,617 [INFO] scraper.rbi: DOWNLOADED md_13104 bytes=49324 -> /Users/karan/Downloads/carbon-tracker 3/Capstone_project/data/raw/master_directions/md_13104.pdf
2026-08-12 19:28:17,124 [INFO] scraper.rbi: GET attempt=1 url=https://rbidocs.rbi.org.in/rdocs/notification/PDFs/389MD100320260CC22242233B4A46883801B79C02FE8B.PDF
2026-08-12 19:28:17,166 [INFO] scraper.rbi: DOWNLOADED md_13324 bytes=50872 -> /Users/karan/Downloads/carbon-tracker 3/Capstone_project/data/raw/master_directions/md_13324.pdf
2026-08-12 19:28:18,676 [INFO] scraper.rbi: GET attempt=1 url=https://rbidocs.rbi.org.in/rdocs/notification/PDFs/246MD.PDF
2026-08-12 19:28:18,723 [INFO] scraper.rbi: DOWNLOADED md_13061 bytes=47776 -> /Users/karan/Downloads/carbon-tracker 3/Capstone_project/data/raw/master_directions/md_13061.pdf
2026-08-12 19:28:20,222 [INFO] scraper.rbi: GET attempt=1 url=https://rbidocs.rbi.org.in/rdocs/notification/PDFs/245MD.PDF
2026-08-12 19:28:20,278 [INFO] scraper.rbi: DOWNLOADED md_13062 bytes=45808 -> /Users/karan/Downloads/carbon-tracker 3/Capstone_project/data/raw/master_directions/md_13062.pdf
2026-08-12 19:28:21,778 [INFO] scraper.rbi: GET attempt=1 url=https://rbidocs.rbi.org.in/rdocs/notification/PDFs/244MD.PDF
2026-08-12 19:28:21,820 [INFO] scraper.rbi: DOWNLOADED md_13063 bytes=46196 -> /Users/karan/Downloads/carbon-tracker 3/Capstone_project/data/raw/master_directions/md_13063.pdf
2026-08-12 19:28:23,329 [INFO] scraper.rbi: GET attempt=1 url=https://rbidocs.rbi.org.in/rdocs/notification/PDFs/243MD.PDF
2026-08-12 19:28:23,388 [INFO] scraper.rbi: DOWNLOADED md_13064 bytes=48272 -> /Users/karan/Downloads/carbon-tracker 3/Capstone_project/data/raw/master_directions/md_13064.pdf
2026-08-12 19:28:24,895 [INFO] scraper.rbi: GET attempt=1 url=https://rbidocs.rbi.org.in/rdocs/notification/PDFs/241MD.PDF
2026-08-12 19:28:24,942 [INFO] scraper.rbi: DOWNLOADED md_13066 bytes=46196 -> /Users/karan/Downloads/carbon-tracker 3/Capstone_project/data/raw/master_directions/md_13066.pdf
2026-08-12 19:28:26,450 [INFO] scraper.rbi: GET attempt=1 url=https://rbidocs.rbi.org.in/rdocs/notification/PDFs/240MD.PDF
2026-08-12 19:28:26,494 [INFO] scraper.rbi: DOWNLOADED md_13067 bytes=47760 -> /Users/karan/Downloads/carbon-tracker 3/Capstone_project/data/raw/master_directions/md_13067.pdf
2026-08-12 19:28:28,003 [INFO] scraper.rbi: GET attempt=1 url=https://rbidocs.rbi.org.in/rdocs/notification/PDFs/239MD.PDF
2026-08-12 19:28:28,053 [INFO] scraper.rbi: DOWNLOADED md_13068 bytes=45280 -> /Users/karan/Downloads/carbon-tracker 3/Capstone_project/data/raw/master_directions/md_13068.pdf
2026-08-12 19:28:29,555 [INFO] scraper.rbi: GET attempt=1 url=https://rbidocs.rbi.org.in/rdocs/notification/PDFs/238MD.PDF
2026-08-12 19:28:29,645 [INFO] scraper.rbi: DOWNLOADED md_13069 bytes=45688 -> /Users/karan/Downloads/carbon-tracker 3/Capstone_project/data/raw/master_directions/md_13069.pdf
2026-08-12 19:28:31,155 [INFO] scraper.rbi: GET attempt=1 url=https://rbidocs.rbi.org.in/rdocs/notification/PDFs/237MD.PDF
2026-08-12 19:28:31,203 [INFO] scraper.rbi: DOWNLOADED md_13070 bytes=49596 -> /Users/karan/Downloads/carbon-tracker 3/Capstone_project/data/raw/master_directions/md_13070.pdf
2026-08-12 19:28:32,713 [INFO] scraper.rbi: GET attempt=1 url=https://rbidocs.rbi.org.in/rdocs/notification/PDFs/236MD.PDF
2026-08-12 19:28:32,762 [INFO] scraper.rbi: DOWNLOADED md_13071 bytes=50788 -> /Users/karan/Downloads/carbon-tracker 3/Capstone_project/data/raw/master_directions/md_13071.pdf
2026-08-12 19:28:34,263 [INFO] scraper.rbi: GET attempt=1 url=https://rbidocs.rbi.org.in/rdocs/notification/PDFs/235MD.PDF
2026-08-12 19:28:34,311 [INFO] scraper.rbi: DOWNLOADED md_13072 bytes=44848 -> /Users/karan/Downloads/carbon-tracker 3/Capstone_project/data/raw/master_directions/md_13072.pdf
2026-08-12 19:28:35,817 [INFO] scraper.rbi: GET attempt=1 url=https://rbidocs.rbi.org.in/rdocs/notification/PDFs/234MD.PDF
2026-08-12 19:28:35,868 [INFO] scraper.rbi: DOWNLOADED md_13073 bytes=52376 -> /Users/karan/Downloads/carbon-tracker 3/Capstone_project/data/raw/master_directions/md_13073.pdf
2026-08-12 19:28:37,374 [INFO] scraper.rbi: GET attempt=1 url=https://rbidocs.rbi.org.in/rdocs/notification/PDFs/233MD.PDF
2026-08-12 19:28:37,422 [INFO] scraper.rbi: DOWNLOADED md_13074 bytes=45808 -> /Users/karan/Downloads/carbon-tracker 3/Capstone_project/data/raw/master_directions/md_13074.pdf
2026-08-12 19:28:38,924 [INFO] scraper.rbi: GET attempt=1 url=https://rbidocs.rbi.org.in/rdocs/notification/PDFs/232MD.PDF
2026-08-12 19:28:38,969 [INFO] scraper.rbi: DOWNLOADED md_13075 bytes=45876 -> /Users/karan/Downloads/carbon-tracker 3/Capstone_project/data/raw/master_directions/md_13075.pdf
2026-08-12 19:28:40,477 [INFO] scraper.rbi: GET attempt=1 url=https://rbidocs.rbi.org.in/rdocs/notification/PDFs/231MD.PDF
2026-08-12 19:28:40,525 [INFO] scraper.rbi: DOWNLOADED md_13076 bytes=47916 -> /Users/karan/Downloads/carbon-tracker 3/Capstone_project/data/raw/master_directions/md_13076.pdf
2026-08-12 19:28:42,034 [INFO] scraper.rbi: GET attempt=1 url=https://rbidocs.rbi.org.in/rdocs/notification/PDFs/230MD.PDF
2026-08-12 19:28:42,096 [INFO] scraper.rbi: DOWNLOADED md_13077 bytes=51244 -> /Users/karan/Downloads/carbon-tracker 3/Capstone_project/data/raw/master_directions/md_13077.pdf
2026-08-12 19:28:43,606 [INFO] scraper.rbi: GET attempt=1 url=https://rbidocs.rbi.org.in/rdocs/notification/PDFs/229MD.PDF
2026-08-12 19:28:43,647 [INFO] scraper.rbi: DOWNLOADED md_13078 bytes=45288 -> /Users/karan/Downloads/carbon-tracker 3/Capstone_project/data/raw/master_directions/md_13078.pdf
2026-08-12 19:28:45,153 [INFO] scraper.rbi: GET attempt=1 url=https://rbidocs.rbi.org.in/rdocs/notification/PDFs/228MD.PDF
2026-08-12 19:28:45,195 [INFO] scraper.rbi: DOWNLOADED md_13079 bytes=43832 -> /Users/karan/Downloads/carbon-tracker 3/Capstone_project/data/raw/master_directions/md_13079.pdf
2026-08-12 19:28:46,703 [INFO] scraper.rbi: GET attempt=1 url=https://rbidocs.rbi.org.in/rdocs/notification/PDFs/227MD.PDF
2026-08-12 19:28:46,753 [INFO] scraper.rbi: DOWNLOADED md_13080 bytes=47760 -> /Users/karan/Downloads/carbon-tracker 3/Capstone_project/data/raw/master_directions/md_13080.pdf
2026-08-12 19:28:48,262 [INFO] scraper.rbi: GET attempt=1 url=https://rbidocs.rbi.org.in/rdocs/notification/PDFs/226MD.PDF
2026-08-12 19:28:48,312 [INFO] scraper.rbi: DOWNLOADED md_13081 bytes=52216 -> /Users/karan/Downloads/carbon-tracker 3/Capstone_project/data/raw/master_directions/md_13081.pdf
2026-08-12 19:28:49,819 [INFO] scraper.rbi: GET attempt=1 url=https://rbidocs.rbi.org.in/rdocs/notification/PDFs/225MD.PDF
2026-08-12 19:28:49,904 [INFO] scraper.rbi: DOWNLOADED md_13082 bytes=48972 -> /Users/karan/Downloads/carbon-tracker 3/Capstone_project/data/raw/master_directions/md_13082.pdf
2026-08-12 19:28:51,414 [INFO] scraper.rbi: GET attempt=1 url=https://rbidocs.rbi.org.in/rdocs/notification/PDFs/383MD.PDF
2026-08-12 19:28:51,462 [INFO] scraper.rbi: DOWNLOADED md_13083 bytes=44848 -> /Users/karan/Downloads/carbon-tracker 3/Capstone_project/data/raw/master_directions/md_13083.pdf
2026-08-12 19:28:52,966 [INFO] scraper.rbi: GET attempt=1 url=https://rbidocs.rbi.org.in/rdocs/notification/PDFs/224MD.PDF
2026-08-12 19:28:53,015 [INFO] scraper.rbi: DOWNLOADED md_13084 bytes=48776 -> /Users/karan/Downloads/carbon-tracker 3/Capstone_project/data/raw/master_directions/md_13084.pdf
2026-08-12 19:28:54,524 [INFO] scraper.rbi: GET attempt=1 url=https://rbidocs.rbi.org.in/rdocs/notification/PDFs/223MD.PDF
2026-08-12 19:28:54,572 [INFO] scraper.rbi: DOWNLOADED md_13085 bytes=51244 -> /Users/karan/Downloads/carbon-tracker 3/Capstone_project/data/raw/master_directions/md_13085.pdf
2026-08-12 19:28:56,082 [INFO] scraper.rbi: GET attempt=1 url=https://rbidocs.rbi.org.in/rdocs/notification/PDFs/222MD.PDF
2026-08-12 19:28:56,129 [INFO] scraper.rbi: DOWNLOADED md_13086 bytes=46472 -> /Users/karan/Downloads/carbon-tracker 3/Capstone_project/data/raw/master_directions/md_13086.pdf
2026-08-12 19:28:57,634 [INFO] scraper.rbi: GET attempt=1 url=https://rbidocs.rbi.org.in/rdocs/notification/PDFs/390MD10032026A83919BF58A2481BB8240A89F25F285E.PDF
2026-08-12 19:28:57,681 [INFO] scraper.rbi: DOWNLOADED md_13327 bytes=51668 -> /Users/karan/Downloads/carbon-tracker 3/Capstone_project/data/raw/master_directions/md_13327.pdf
2026-08-12 19:28:59,188 [INFO] scraper.rbi: GET attempt=1 url=https://rbidocs.rbi.org.in/rdocs/notification/PDFs/268MD4759833478EF4A88898144BF91E4EE1B.PDF
2026-08-12 19:28:59,252 [INFO] scraper.rbi: DOWNLOADED md_13038 bytes=51292 -> /Users/karan/Downloads/carbon-tracker 3/Capstone_project/data/raw/master_directions/md_13038.pdf
2026-08-12 19:29:00,761 [INFO] scraper.rbi: GET attempt=1 url=https://rbidocs.rbi.org.in/rdocs/notification/PDFs/267MD96B7D24557AC47BFB051A5301120FFBB.PDF
2026-08-12 19:29:00,812 [INFO] scraper.rbi: DOWNLOADED md_13039 bytes=45808 -> /Users/karan/Downloads/carbon-tracker 3/Capstone_project/data/raw/master_directions/md_13039.pdf
2026-08-12 19:29:02,322 [INFO] scraper.rbi: GET attempt=1 url=https://rbidocs.rbi.org.in/rdocs/notification/PDFs/266MDB4BD80DE4B394A50808E81ACC3A2358E.PDF
2026-08-12 19:29:02,370 [INFO] scraper.rbi: DOWNLOADED md_13040 bytes=47800 -> /Users/karan/Downloads/carbon-tracker 3/Capstone_project/data/raw/master_directions/md_13040.pdf
2026-08-12 19:29:03,879 [INFO] scraper.rbi: GET attempt=1 url=https://rbidocs.rbi.org.in/rdocs/notification/PDFs/265MD4C8ABA19A5194D39A7AD1071676C3060.PDF
2026-08-12 19:29:03,932 [INFO] scraper.rbi: DOWNLOADED md_13041 bytes=49596 -> /Users/karan/Downloads/carbon-tracker 3/Capstone_project/data/raw/master_directions/md_13041.pdf
2026-08-12 19:29:05,434 [INFO] scraper.rbi: GET attempt=1 url=https://rbidocs.rbi.org.in/rdocs/notification/PDFs/264MDC9E9F8DD7A7D4A0D8C7661B8589E8605.PDF
2026-08-12 19:29:05,516 [INFO] scraper.rbi: DOWNLOADED md_13042 bytes=46472 -> /Users/karan/Downloads/carbon-tracker 3/Capstone_project/data/raw/master_directions/md_13042.pdf
2026-08-12 19:29:07,024 [INFO] scraper.rbi: GET attempt=1 url=https://rbidocs.rbi.org.in/rdocs/notification/PDFs/263MD.PDF
2026-08-12 19:29:07,083 [INFO] scraper.rbi: DOWNLOADED md_13043 bytes=47164 -> /Users/karan/Downloads/carbon-tracker 3/Capstone_project/data/raw/master_directions/md_13043.pdf
2026-08-12 19:29:08,588 [INFO] scraper.rbi: GET attempt=1 url=https://rbidocs.rbi.org.in/rdocs/notification/PDFs/262MD.PDF
2026-08-12 19:29:08,633 [INFO] scraper.rbi: DOWNLOADED md_13044 bytes=50036 -> /Users/karan/Downloads/carbon-tracker 3/Capstone_project/data/raw/master_directions/md_13044.pdf
2026-08-12 19:29:10,134 [INFO] scraper.rbi: GET attempt=1 url=https://rbidocs.rbi.org.in/rdocs/notification/PDFs/261MD.PDF
2026-08-12 19:29:10,183 [INFO] scraper.rbi: DOWNLOADED md_13045 bytes=52376 -> /Users/karan/Downloads/carbon-tracker 3/Capstone_project/data/raw/master_directions/md_13045.pdf
2026-08-12 19:29:11,684 [INFO] scraper.rbi: GET attempt=1 url=https://rbidocs.rbi.org.in/rdocs/notification/PDFs/260MD.PDF
2026-08-12 19:29:11,748 [INFO] scraper.rbi: DOWNLOADED md_13046 bytes=47164 -> /Users/karan/Downloads/carbon-tracker 3/Capstone_project/data/raw/master_directions/md_13046.pdf
2026-08-12 19:29:13,248 [INFO] scraper.rbi: GET attempt=1 url=https://rbidocs.rbi.org.in/rdocs/notification/PDFs/259MD.PDF
2026-08-12 19:29:13,302 [INFO] scraper.rbi: DOWNLOADED md_13047 bytes=52376 -> /Users/karan/Downloads/carbon-tracker 3/Capstone_project/data/raw/master_directions/md_13047.pdf
2026-08-12 19:29:14,811 [INFO] scraper.rbi: GET attempt=1 url=https://rbidocs.rbi.org.in/rdocs/notification/PDFs/258MD.PDF
2026-08-12 19:29:14,853 [INFO] scraper.rbi: DOWNLOADED md_13048 bytes=45768 -> /Users/karan/Downloads/carbon-tracker 3/Capstone_project/data/raw/master_directions/md_13048.pdf
2026-08-12 19:29:16,359 [INFO] scraper.rbi: GET attempt=1 url=https://rbidocs.rbi.org.in/rdocs/notification/PDFs/257MD.PDF
2026-08-12 19:29:16,411 [INFO] scraper.rbi: DOWNLOADED md_13049 bytes=49596 -> /Users/karan/Downloads/carbon-tracker 3/Capstone_project/data/raw/master_directions/md_13049.pdf
2026-08-12 19:29:17,917 [INFO] scraper.rbi: GET attempt=1 url=https://rbidocs.rbi.org.in/rdocs/notification/PDFs/256MD.PDF
2026-08-12 19:29:17,964 [INFO] scraper.rbi: DOWNLOADED md_13050 bytes=45892 -> /Users/karan/Downloads/carbon-tracker 3/Capstone_project/data/raw/master_directions/md_13050.pdf
2026-08-12 19:29:19,473 [INFO] scraper.rbi: GET attempt=1 url=https://rbidocs.rbi.org.in/rdocs/notification/PDFs/255MD.PDF
2026-08-12 19:29:19,518 [INFO] scraper.rbi: DOWNLOADED md_13051 bytes=45976 -> /Users/karan/Downloads/carbon-tracker 3/Capstone_project/data/raw/master_directions/md_13051.pdf
2026-08-12 19:29:21,026 [INFO] scraper.rbi: GET attempt=1 url=https://rbidocs.rbi.org.in/rdocs/notification/PDFs/254MD.PDF
2026-08-12 19:29:21,071 [INFO] scraper.rbi: DOWNLOADED md_13052 bytes=45452 -> /Users/karan/Downloads/carbon-tracker 3/Capstone_project/data/raw/master_directions/md_13052.pdf
2026-08-12 19:29:22,571 [INFO] scraper.rbi: GET attempt=1 url=https://rbidocs.rbi.org.in/rdocs/notification/PDFs/253MD.PDF
2026-08-12 19:29:22,624 [INFO] scraper.rbi: DOWNLOADED md_13053 bytes=46232 -> /Users/karan/Downloads/carbon-tracker 3/Capstone_project/data/raw/master_directions/md_13053.pdf
2026-08-12 19:29:24,133 [INFO] scraper.rbi: GET attempt=1 url=https://rbidocs.rbi.org.in/rdocs/notification/PDFs/252MD.PDF
2026-08-12 19:29:24,197 [INFO] scraper.rbi: DOWNLOADED md_13054 bytes=47816 -> /Users/karan/Downloads/carbon-tracker 3/Capstone_project/data/raw/master_directions/md_13054.pdf
2026-08-12 19:29:25,705 [INFO] scraper.rbi: GET attempt=1 url=https://rbidocs.rbi.org.in/rdocs/notification/PDFs/251MD.PDF
2026-08-12 19:29:25,747 [INFO] scraper.rbi: DOWNLOADED md_13055 bytes=46196 -> /Users/karan/Downloads/carbon-tracker 3/Capstone_project/data/raw/master_directions/md_13055.pdf
2026-08-12 19:29:27,246 [INFO] scraper.rbi: GET attempt=1 url=https://rbidocs.rbi.org.in/rdocs/notification/PDFs/250MD.PDF
2026-08-12 19:29:27,299 [INFO] scraper.rbi: DOWNLOADED md_13056 bytes=48272 -> /Users/karan/Downloads/carbon-tracker 3/Capstone_project/data/raw/master_directions/md_13056.pdf
2026-08-12 19:29:28,809 [INFO] scraper.rbi: GET attempt=1 url=https://rbidocs.rbi.org.in/rdocs/notification/PDFs/249MD.PDF
2026-08-12 19:29:28,852 [INFO] scraper.rbi: DOWNLOADED md_13057 bytes=53012 -> /Users/karan/Downloads/carbon-tracker 3/Capstone_project/data/raw/master_directions/md_13057.pdf
2026-08-12 19:29:30,354 [INFO] scraper.rbi: GET attempt=1 url=https://rbidocs.rbi.org.in/rdocs/notification/PDFs/248MD.PDF
2026-08-12 19:29:30,401 [INFO] scraper.rbi: DOWNLOADED md_13058 bytes=46196 -> /Users/karan/Downloads/carbon-tracker 3/Capstone_project/data/raw/master_directions/md_13058.pdf
2026-08-12 19:29:31,910 [INFO] scraper.rbi: GET attempt=1 url=https://rbidocs.rbi.org.in/rdocs/notification/PDFs/384MD.PDF
2026-08-12 19:29:31,957 [INFO] scraper.rbi: DOWNLOADED md_13059 bytes=49792 -> /Users/karan/Downloads/carbon-tracker 3/Capstone_project/data/raw/master_directions/md_13059.pdf
2026-08-12 19:29:33,457 [INFO] scraper.rbi: GET attempt=1 url=https://rbidocs.rbi.org.in/rdocs/notification/PDFs/247MD.PDF
2026-08-12 19:29:33,505 [INFO] scraper.rbi: DOWNLOADED md_13060 bytes=51020 -> /Users/karan/Downloads/carbon-tracker 3/Capstone_project/data/raw/master_directions/md_13060.pdf
2026-08-12 19:29:35,014 [INFO] scraper.rbi: GET attempt=1 url=https://rbidocs.rbi.org.in/rdocs/notification/PDFs/269MDB68791ED3DA4407596FC88446FC24DF3.PDF
2026-08-12 19:29:35,063 [INFO] scraper.rbi: DOWNLOADED md_13203 bytes=45824 -> /Users/karan/Downloads/carbon-tracker 3/Capstone_project/data/raw/master_directions/md_13203.pdf
2026-08-12 19:29:36,568 [INFO] scraper.rbi: GET attempt=1 url=https://rbidocs.rbi.org.in/rdocs/notification/PDFs/271MD5F6E28F2C5AF4B92AE44048FD3C21405.PDF
2026-08-12 19:29:36,619 [INFO] scraper.rbi: DOWNLOADED md_13204 bytes=43688 -> /Users/karan/Downloads/carbon-tracker 3/Capstone_project/data/raw/master_directions/md_13204.pdf
2026-08-12 19:29:38,128 [INFO] scraper.rbi: GET attempt=1 url=https://rbidocs.rbi.org.in/rdocs/notification/PDFs/294MDA514F8EED7554D9F8B8DC461B55E4956.PDF
2026-08-12 19:29:38,179 [INFO] scraper.rbi: DOWNLOADED md_13011 bytes=51600 -> /Users/karan/Downloads/carbon-tracker 3/Capstone_project/data/raw/master_directions/md_13011.pdf
2026-08-12 19:29:39,683 [INFO] scraper.rbi: GET attempt=1 url=https://rbidocs.rbi.org.in/rdocs/notification/PDFs/293MD6D08F6482DFE4A22AF441AD601136473.PDF
2026-08-12 19:29:39,732 [INFO] scraper.rbi: DOWNLOADED md_13012 bytes=48284 -> /Users/karan/Downloads/carbon-tracker 3/Capstone_project/data/raw/master_directions/md_13012.pdf
2026-08-12 19:29:41,240 [INFO] scraper.rbi: GET attempt=1 url=https://rbidocs.rbi.org.in/rdocs/notification/PDFs/292MD76099C95D4BD4139A4EBCDA2F50BEFA2.PDF
2026-08-12 19:29:41,325 [INFO] scraper.rbi: DOWNLOADED md_13013 bytes=52216 -> /Users/karan/Downloads/carbon-tracker 3/Capstone_project/data/raw/master_directions/md_13013.pdf
2026-08-12 19:29:42,834 [INFO] scraper.rbi: GET attempt=1 url=https://rbidocs.rbi.org.in/rdocs/notification/PDFs/291MDE108E59AC43D4C13B2D06598B296C877.PDF
2026-08-12 19:29:42,889 [INFO] scraper.rbi: DOWNLOADED md_13014 bytes=45876 -> /Users/karan/Downloads/carbon-tracker 3/Capstone_project/data/raw/master_directions/md_13014.pdf
2026-08-12 19:29:44,395 [INFO] scraper.rbi: GET attempt=1 url=https://rbidocs.rbi.org.in/rdocs/notification/PDFs/290MD616350878BDB425AB674BD8F44CECA6F.PDF
2026-08-12 19:29:44,443 [INFO] scraper.rbi: DOWNLOADED md_13015 bytes=50492 -> /Users/karan/Downloads/carbon-tracker 3/Capstone_project/data/raw/master_directions/md_13015.pdf
2026-08-12 19:29:45,951 [INFO] scraper.rbi: GET attempt=1 url=https://rbidocs.rbi.org.in/rdocs/notification/PDFs/289MDA4C31A1342334925BEA8860F1C07A2E2.PDF
2026-08-12 19:29:46,002 [INFO] scraper.rbi: DOWNLOADED md_13016 bytes=40016 -> /Users/karan/Downloads/carbon-tracker 3/Capstone_project/data/raw/master_directions/md_13016.pdf
2026-08-12 19:29:47,512 [INFO] scraper.rbi: GET attempt=1 url=https://rbidocs.rbi.org.in/rdocs/notification/PDFs/288MDFF01AB60686C42C3A362F83E87392224.PDF
2026-08-12 19:29:47,559 [INFO] scraper.rbi: DOWNLOADED md_13017 bytes=47776 -> /Users/karan/Downloads/carbon-tracker 3/Capstone_project/data/raw/master_directions/md_13017.pdf
2026-08-12 19:29:49,067 [INFO] scraper.rbi: GET attempt=1 url=https://rbidocs.rbi.org.in/rdocs/notification/PDFs/287MDF9C64E970EA74C16A6FEAB59052A0F72.PDF
2026-08-12 19:29:49,113 [INFO] scraper.rbi: DOWNLOADED md_13018 bytes=48040 -> /Users/karan/Downloads/carbon-tracker 3/Capstone_project/data/raw/master_directions/md_13018.pdf
2026-08-12 19:29:50,613 [INFO] scraper.rbi: GET attempt=1 url=https://rbidocs.rbi.org.in/rdocs/notification/PDFs/286MD85DCC2671BCB41DC8B0714812DAB799A.PDF
2026-08-12 19:29:50,665 [INFO] scraper.rbi: DOWNLOADED md_13019 bytes=48272 -> /Users/karan/Downloads/carbon-tracker 3/Capstone_project/data/raw/master_directions/md_13019.pdf
2026-08-12 19:29:52,174 [INFO] scraper.rbi: GET attempt=1 url=https://rbidocs.rbi.org.in/rdocs/notification/PDFs/285MDF435283E73444E45A54EC8764ABCC848.PDF
2026-08-12 19:29:52,230 [INFO] scraper.rbi: DOWNLOADED md_13020 bytes=50872 -> /Users/karan/Downloads/carbon-tracker 3/Capstone_project/data/raw/master_directions/md_13020.pdf
2026-08-12 19:29:53,734 [INFO] scraper.rbi: GET attempt=1 url=https://rbidocs.rbi.org.in/rdocs/notification/PDFs/284MD47AE1D934ED549E2AEB98E30D3A85A57.PDF
2026-08-12 19:29:53,797 [INFO] scraper.rbi: DOWNLOADED md_13021 bytes=44664 -> /Users/karan/Downloads/carbon-tracker 3/Capstone_project/data/raw/master_directions/md_13021.pdf
2026-08-12 19:29:55,305 [INFO] scraper.rbi: GET attempt=1 url=https://rbidocs.rbi.org.in/rdocs/notification/PDFs/283MDC3CE849D1EE047478359BA164A180EB2.PDF
2026-08-12 19:29:55,396 [INFO] scraper.rbi: DOWNLOADED md_13022 bytes=45808 -> /Users/karan/Downloads/carbon-tracker 3/Capstone_project/data/raw/master_directions/md_13022.pdf
2026-08-12 19:29:56,900 [INFO] scraper.rbi: GET attempt=1 url=https://rbidocs.rbi.org.in/rdocs/notification/PDFs/282MD963601BD314543AD8105FDAFACD3AA91.PDF
2026-08-12 19:29:56,990 [INFO] scraper.rbi: DOWNLOADED md_13023 bytes=45288 -> /Users/karan/Downloads/carbon-tracker 3/Capstone_project/data/raw/master_directions/md_13023.pdf
2026-08-12 19:29:58,500 [INFO] scraper.rbi: GET attempt=1 url=https://rbidocs.rbi.org.in/rdocs/notification/PDFs/281MD5AD018D50ACD4B10AF51DD504AD3DDB3.PDF
2026-08-12 19:29:58,547 [INFO] scraper.rbi: DOWNLOADED md_13024 bytes=48972 -> /Users/karan/Downloads/carbon-tracker 3/Capstone_project/data/raw/master_directions/md_13024.pdf
2026-08-12 19:30:00,050 [INFO] scraper.rbi: GET attempt=1 url=https://rbidocs.rbi.org.in/rdocs/notification/PDFs/280MD71ABEC5E655C4CE7816646F849E5CB29.PDF
2026-08-12 19:30:00,104 [INFO] scraper.rbi: DOWNLOADED md_13025 bytes=44228 -> /Users/karan/Downloads/carbon-tracker 3/Capstone_project/data/raw/master_directions/md_13025.pdf
2026-08-12 19:30:01,612 [INFO] scraper.rbi: GET attempt=1 url=https://rbidocs.rbi.org.in/rdocs/notification/PDFs/279MD3334DC0D4F8F43068FA37F74DED62382.PDF
2026-08-12 19:30:01,674 [INFO] scraper.rbi: DOWNLOADED md_13026 bytes=47200 -> /Users/karan/Downloads/carbon-tracker 3/Capstone_project/data/raw/master_directions/md_13026.pdf
2026-08-12 19:30:03,174 [INFO] scraper.rbi: GET attempt=1 url=https://rbidocs.rbi.org.in/rdocs/notification/PDFs/278MD2C704B1C34BF4E1BB8F6B710190D4E6C.PDF
2026-08-12 19:30:03,242 [INFO] scraper.rbi: DOWNLOADED md_13027 bytes=49904 -> /Users/karan/Downloads/carbon-tracker 3/Capstone_project/data/raw/master_directions/md_13027.pdf
2026-08-12 19:30:04,747 [INFO] scraper.rbi: GET attempt=1 url=https://rbidocs.rbi.org.in/rdocs/notification/PDFs/277MDFF00147367D64F02899A3A756CDA9093.PDF
2026-08-12 19:30:04,804 [INFO] scraper.rbi: DOWNLOADED md_13028 bytes=46936 -> /Users/karan/Downloads/carbon-tracker 3/Capstone_project/data/raw/master_directions/md_13028.pdf
2026-08-12 19:30:06,314 [INFO] scraper.rbi: GET attempt=1 url=https://rbidocs.rbi.org.in/rdocs/notification/PDFs/276MD926CB0F1D85C4C7981A81F01AAEE0D13.PDF
2026-08-12 19:30:06,358 [INFO] scraper.rbi: DOWNLOADED md_13029 bytes=46472 -> /Users/karan/Downloads/carbon-tracker 3/Capstone_project/data/raw/master_directions/md_13029.pdf
2026-08-12 19:30:07,859 [INFO] scraper.rbi: GET attempt=1 url=https://rbidocs.rbi.org.in/rdocs/notification/PDFs/275MD3D20366A706C4C13B4FA21A3DC0451A1.PDF
2026-08-12 19:30:07,916 [INFO] scraper.rbi: DOWNLOADED md_13030 bytes=47240 -> /Users/karan/Downloads/carbon-tracker 3/Capstone_project/data/raw/master_directions/md_13030.pdf
2026-08-12 19:30:09,425 [INFO] scraper.rbi: GET attempt=1 url=https://rbidocs.rbi.org.in/rdocs/notification/PDFs/274MD3A0AEE03DF1B4F39BB0F0B91BFC73A05.PDF
2026-08-12 19:30:09,504 [INFO] scraper.rbi: DOWNLOADED md_13031 bytes=47916 -> /Users/karan/Downloads/carbon-tracker 3/Capstone_project/data/raw/master_directions/md_13031.pdf
2026-08-12 19:30:11,007 [INFO] scraper.rbi: GET attempt=1 url=https://rbidocs.rbi.org.in/rdocs/notification/PDFs/273MD1E2C8ADF7F3D4881933547E0AAABCFA4.PDF
2026-08-12 19:30:11,050 [INFO] scraper.rbi: DOWNLOADED md_13032 bytes=47240 -> /Users/karan/Downloads/carbon-tracker 3/Capstone_project/data/raw/master_directions/md_13032.pdf
2026-08-12 19:30:12,549 [INFO] scraper.rbi: GET attempt=1 url=https://rbidocs.rbi.org.in/rdocs/notification/PDFs/272MD6C9694D129BC4A769CBCD6B206A345B5.PDF
2026-08-12 19:30:12,599 [INFO] scraper.rbi: DOWNLOADED md_13033 bytes=46308 -> /Users/karan/Downloads/carbon-tracker 3/Capstone_project/data/raw/master_directions/md_13033.pdf
2026-08-12 19:30:14,108 [INFO] scraper.rbi: GET attempt=1 url=https://rbidocs.rbi.org.in/rdocs/notification/PDFs/385MDE9EEBCE5D5EA40C5AD9FD122507E94F8.PDF
2026-08-12 19:30:14,155 [INFO] scraper.rbi: DOWNLOADED md_13034 bytes=42648 -> /Users/karan/Downloads/carbon-tracker 3/Capstone_project/data/raw/master_directions/md_13034.pdf
2026-08-12 19:30:15,662 [INFO] scraper.rbi: GET attempt=1 url=https://rbidocs.rbi.org.in/rdocs/notification/PDFs/270MD0F410014D53F4900814935480D096DDA.PDF
2026-08-12 19:30:15,708 [INFO] scraper.rbi: DOWNLOADED md_13036 bytes=52012 -> /Users/karan/Downloads/carbon-tracker 3/Capstone_project/data/raw/master_directions/md_13036.pdf
2026-08-12 19:30:17,217 [INFO] scraper.rbi: GET attempt=1 url=https://rbidocs.rbi.org.in/rdocs/notification/PDFs/318MDE0794991DA36479EAF4267E99E78C5D4.PDF
2026-08-12 19:30:17,263 [INFO] scraper.rbi: DOWNLOADED md_12986 bytes=45544 -> /Users/karan/Downloads/carbon-tracker 3/Capstone_project/data/raw/master_directions/md_12986.pdf
2026-08-12 19:30:18,773 [INFO] scraper.rbi: GET attempt=1 url=https://rbidocs.rbi.org.in/rdocs/notification/PDFs/317MD887462600A924B8CB0DD389AC78041C5.PDF
2026-08-12 19:30:18,818 [INFO] scraper.rbi: DOWNLOADED md_12987 bytes=49904 -> /Users/karan/Downloads/carbon-tracker 3/Capstone_project/data/raw/master_directions/md_12987.pdf
2026-08-12 19:30:20,322 [INFO] scraper.rbi: GET attempt=1 url=https://rbidocs.rbi.org.in/rdocs/notification/PDFs/316MDC827AC45BD1248DFB272637379D4128C.PDF
2026-08-12 19:30:20,373 [INFO] scraper.rbi: DOWNLOADED md_12988 bytes=49284 -> /Users/karan/Downloads/carbon-tracker 3/Capstone_project/data/raw/master_directions/md_12988.pdf
2026-08-12 19:30:21,876 [INFO] scraper.rbi: GET attempt=1 url=https://rbidocs.rbi.org.in/rdocs/notification/PDFs/315MDD4D6D28D4BD84F84A93DBB459D696D04.PDF
2026-08-12 19:30:21,920 [INFO] scraper.rbi: DOWNLOADED md_12989 bytes=45780 -> /Users/karan/Downloads/carbon-tracker 3/Capstone_project/data/raw/master_directions/md_12989.pdf
2026-08-12 19:30:23,424 [INFO] scraper.rbi: GET attempt=1 url=https://rbidocs.rbi.org.in/rdocs/notification/PDFs/314MD105FDB4D92954DC8A332FDDD468727E2.PDF
2026-08-12 19:30:23,472 [INFO] scraper.rbi: DOWNLOADED md_12990 bytes=49388 -> /Users/karan/Downloads/carbon-tracker 3/Capstone_project/data/raw/master_directions/md_12990.pdf
2026-08-12 19:30:24,978 [INFO] scraper.rbi: GET attempt=1 url=https://rbidocs.rbi.org.in/rdocs/notification/PDFs/313MD02F712F901B74064B5DFB5389AAF4635.PDF
2026-08-12 19:30:25,033 [INFO] scraper.rbi: DOWNLOADED md_12991 bytes=45992 -> /Users/karan/Downloads/carbon-tracker 3/Capstone_project/data/raw/master_directions/md_12991.pdf
2026-08-12 19:30:26,540 [INFO] scraper.rbi: GET attempt=1 url=https://rbidocs.rbi.org.in/rdocs/notification/PDFs/312MDED63664A2FAD47AAA2AF35B21B42D891.PDF
2026-08-12 19:30:26,592 [INFO] scraper.rbi: DOWNLOADED md_12992 bytes=45544 -> /Users/karan/Downloads/carbon-tracker 3/Capstone_project/data/raw/master_directions/md_12992.pdf
2026-08-12 19:30:28,094 [INFO] scraper.rbi: GET attempt=1 url=https://rbidocs.rbi.org.in/rdocs/notification/PDFs/311MD325E093FC9B14A5E8D968E2BFC9A7CE2.PDF
2026-08-12 19:30:28,135 [INFO] scraper.rbi: DOWNLOADED md_12993 bytes=40016 -> /Users/karan/Downloads/carbon-tracker 3/Capstone_project/data/raw/master_directions/md_12993.pdf
2026-08-12 19:30:29,651 [INFO] scraper.rbi: GET attempt=1 url=https://rbidocs.rbi.org.in/rdocs/notification/PDFs/310MDB3001389A9CC4E929E5C95170219D08C.PDF
2026-08-12 19:30:29,701 [INFO] scraper.rbi: DOWNLOADED md_12994 bytes=47184 -> /Users/karan/Downloads/carbon-tracker 3/Capstone_project/data/raw/master_directions/md_12994.pdf
2026-08-12 19:30:31,210 [INFO] scraper.rbi: GET attempt=1 url=https://rbidocs.rbi.org.in/rdocs/notification/PDFs/309MDA721C4C88C1C47618967DEE0A5DD8ECF.PDF
2026-08-12 19:30:31,276 [INFO] scraper.rbi: DOWNLOADED md_12995 bytes=47888 -> /Users/karan/Downloads/carbon-tracker 3/Capstone_project/data/raw/master_directions/md_12995.pdf
2026-08-12 19:30:32,784 [INFO] scraper.rbi: GET attempt=1 url=https://rbidocs.rbi.org.in/rdocs/notification/PDFs/308MD5EFEC2756D6C49D89939321BFA1112ED.PDF
2026-08-12 19:30:32,832 [INFO] scraper.rbi: DOWNLOADED md_12996 bytes=49016 -> /Users/karan/Downloads/carbon-tracker 3/Capstone_project/data/raw/master_directions/md_12996.pdf
2026-08-12 19:30:34,333 [INFO] scraper.rbi: GET attempt=1 url=https://rbidocs.rbi.org.in/rdocs/notification/PDFs/307MDA2E3C66F4060495EB4262788206D4624.PDF
2026-08-12 19:30:34,377 [INFO] scraper.rbi: DOWNLOADED md_12997 bytes=50468 -> /Users/karan/Downloads/carbon-tracker 3/Capstone_project/data/raw/master_directions/md_12997.pdf
2026-08-12 19:30:35,886 [INFO] scraper.rbi: GET attempt=1 url=https://rbidocs.rbi.org.in/rdocs/notification/PDFs/306MD1B2E712A2C85493B9597D742B7D0723D.PDF
2026-08-12 19:30:35,934 [INFO] scraper.rbi: DOWNLOADED md_12998 bytes=45916 -> /Users/karan/Downloads/carbon-tracker 3/Capstone_project/data/raw/master_directions/md_12998.pdf
2026-08-12 19:30:37,437 [INFO] scraper.rbi: GET attempt=1 url=https://rbidocs.rbi.org.in/rdocs/notification/PDFs/305MDBAA8E20812664CD58C98C7436D919C49.PDF
2026-08-12 19:30:37,482 [INFO] scraper.rbi: DOWNLOADED md_12999 bytes=45036 -> /Users/karan/Downloads/carbon-tracker 3/Capstone_project/data/raw/master_directions/md_12999.pdf
2026-08-12 19:30:38,984 [INFO] scraper.rbi: GET attempt=1 url=https://rbidocs.rbi.org.in/rdocs/notification/PDFs/304MDB8CFC8C99FB2410A82F9022648786BD0.PDF
2026-08-12 19:30:39,027 [INFO] scraper.rbi: DOWNLOADED md_13000 bytes=45476 -> /Users/karan/Downloads/carbon-tracker 3/Capstone_project/data/raw/master_directions/md_13000.pdf
2026-08-12 19:30:40,528 [INFO] scraper.rbi: GET attempt=1 url=https://rbidocs.rbi.org.in/rdocs/notification/PDFs/303MD6394576E32E84D3FA6634CBA70F0291A.PDF
2026-08-12 19:30:40,584 [INFO] scraper.rbi: DOWNLOADED md_13001 bytes=48884 -> /Users/karan/Downloads/carbon-tracker 3/Capstone_project/data/raw/master_directions/md_13001.pdf
2026-08-12 19:30:42,094 [INFO] scraper.rbi: GET attempt=1 url=https://rbidocs.rbi.org.in/rdocs/notification/PDFs/302MD9447AEE4C3A543AA970CAF17ECD0E440.PDF
2026-08-12 19:30:42,142 [INFO] scraper.rbi: DOWNLOADED md_13002 bytes=46404 -> /Users/karan/Downloads/carbon-tracker 3/Capstone_project/data/raw/master_directions/md_13002.pdf
2026-08-12 19:30:43,648 [INFO] scraper.rbi: GET attempt=1 url=https://rbidocs.rbi.org.in/rdocs/notification/PDFs/301MD61FDD3EB323E49EEA9A1DFCE704E5BF9.PDF
2026-08-12 19:30:43,695 [INFO] scraper.rbi: DOWNLOADED md_13003 bytes=49764 -> /Users/karan/Downloads/carbon-tracker 3/Capstone_project/data/raw/master_directions/md_13003.pdf
2026-08-12 19:30:45,200 [INFO] scraper.rbi: GET attempt=1 url=https://rbidocs.rbi.org.in/rdocs/notification/PDFs/300MDF58DB7A7A9564C0CA00ABE5D6A0A07F1.PDF
2026-08-12 19:30:45,245 [INFO] scraper.rbi: DOWNLOADED md_13004 bytes=47516 -> /Users/karan/Downloads/carbon-tracker 3/Capstone_project/data/raw/master_directions/md_13004.pdf
2026-08-12 19:30:46,750 [INFO] scraper.rbi: GET attempt=1 url=https://rbidocs.rbi.org.in/rdocs/notification/PDFs/299MDEC55794FB96E4E52A5B5D0893EBE36F6.PDF
2026-08-12 19:30:46,806 [INFO] scraper.rbi: DOWNLOADED md_13005 bytes=47548 -> /Users/karan/Downloads/carbon-tracker 3/Capstone_project/data/raw/master_directions/md_13005.pdf
2026-08-12 19:30:48,315 [INFO] scraper.rbi: GET attempt=1 url=https://rbidocs.rbi.org.in/rdocs/notification/PDFs/298MD47439C1E67454650A666D90BDDE73AC3.PDF
2026-08-12 19:30:48,390 [INFO] scraper.rbi: DOWNLOADED md_13006 bytes=48528 -> /Users/karan/Downloads/carbon-tracker 3/Capstone_project/data/raw/master_directions/md_13006.pdf
2026-08-12 19:30:49,890 [INFO] scraper.rbi: GET attempt=1 url=https://rbidocs.rbi.org.in/rdocs/notification/PDFs/297MD8B97C3B046D84D0BAA969029B3B4F39F.PDF
2026-08-12 19:30:49,942 [INFO] scraper.rbi: DOWNLOADED md_13007 bytes=44284 -> /Users/karan/Downloads/carbon-tracker 3/Capstone_project/data/raw/master_directions/md_13007.pdf
2026-08-12 19:30:51,452 [INFO] scraper.rbi: GET attempt=1 url=https://rbidocs.rbi.org.in/rdocs/notification/PDFs/386MD2EA5A2249DB94541B485F19F9D6CEC6C.PDF
2026-08-12 19:30:51,496 [INFO] scraper.rbi: DOWNLOADED md_13008 bytes=49764 -> /Users/karan/Downloads/carbon-tracker 3/Capstone_project/data/raw/master_directions/md_13008.pdf
2026-08-12 19:30:53,005 [INFO] scraper.rbi: GET attempt=1 url=https://rbidocs.rbi.org.in/rdocs/notification/PDFs/295MD1EAD13C6D93B44E98AB6A4353542054E.PDF
2026-08-12 19:30:53,047 [INFO] scraper.rbi: DOWNLOADED md_13010 bytes=41948 -> /Users/karan/Downloads/carbon-tracker 3/Capstone_project/data/raw/master_directions/md_13010.pdf
2026-08-12 19:30:54,549 [INFO] scraper.rbi: GET attempt=1 url=https://rbidocs.rbi.org.in/rdocs/notification/PDFs/296MD3B084D4247B940E782DCF35DE02806CB.PDF
2026-08-12 19:30:54,604 [INFO] scraper.rbi: DOWNLOADED md_13205 bytes=49940 -> /Users/karan/Downloads/carbon-tracker 3/Capstone_project/data/raw/master_directions/md_13205.pdf
2026-08-12 19:30:56,113 [INFO] scraper.rbi: GET attempt=1 url=https://rbidocs.rbi.org.in/rdocs/notification/PDFs/319MDD6043B8B7A0A49CFA8C29881AE174DD6.PDF
2026-08-12 19:30:56,168 [INFO] scraper.rbi: DOWNLOADED md_13202 bytes=43676 -> /Users/karan/Downloads/carbon-tracker 3/Capstone_project/data/raw/master_directions/md_13202.pdf
2026-08-12 19:30:57,665 [INFO] scraper.rbi: GET attempt=1 url=https://rbidocs.rbi.org.in/rdocs/notification/PDFs/338MD82DA791B78C840DA9CE556AD2F6A099E.PDF
2026-08-12 19:30:57,710 [INFO] scraper.rbi: DOWNLOADED md_12966 bytes=46116 -> /Users/karan/Downloads/carbon-tracker 3/Capstone_project/data/raw/master_directions/md_12966.pdf
2026-08-12 19:30:59,217 [INFO] scraper.rbi: GET attempt=1 url=https://rbidocs.rbi.org.in/rdocs/notification/PDFs/337MD82046EB95DF047E7B6D4977E1D1B344E.PDF
2026-08-12 19:30:59,261 [INFO] scraper.rbi: DOWNLOADED md_12967 bytes=45116 -> /Users/karan/Downloads/carbon-tracker 3/Capstone_project/data/raw/master_directions/md_12967.pdf
2026-08-12 19:31:00,760 [INFO] scraper.rbi: GET attempt=1 url=https://rbidocs.rbi.org.in/rdocs/notification/PDFs/336MDE82A669C159C41D09B212DDF2908364A.PDF
2026-08-12 19:31:00,818 [INFO] scraper.rbi: DOWNLOADED md_12968 bytes=47256 -> /Users/karan/Downloads/carbon-tracker 3/Capstone_project/data/raw/master_directions/md_12968.pdf
2026-08-12 19:31:02,325 [INFO] scraper.rbi: GET attempt=1 url=https://rbidocs.rbi.org.in/rdocs/notification/PDFs/335MDB36143CAC69041858F40094B961AD8D1.PDF
2026-08-12 19:31:02,375 [INFO] scraper.rbi: DOWNLOADED md_12969 bytes=45740 -> /Users/karan/Downloads/carbon-tracker 3/Capstone_project/data/raw/master_directions/md_12969.pdf
2026-08-12 19:31:03,884 [INFO] scraper.rbi: GET attempt=1 url=https://rbidocs.rbi.org.in/rdocs/notification/PDFs/334MDBA729BB698594DF88D0C0F8AD14D6051.PDF
2026-08-12 19:31:03,926 [INFO] scraper.rbi: DOWNLOADED md_12970 bytes=44500 -> /Users/karan/Downloads/carbon-tracker 3/Capstone_project/data/raw/master_directions/md_12970.pdf
2026-08-12 19:31:05,434 [INFO] scraper.rbi: GET attempt=1 url=https://rbidocs.rbi.org.in/rdocs/notification/PDFs/333MD5058C30FAE2B4BF7A6FA46FBF5BA1860.PDF
2026-08-12 19:31:05,484 [INFO] scraper.rbi: DOWNLOADED md_12971 bytes=48884 -> /Users/karan/Downloads/carbon-tracker 3/Capstone_project/data/raw/master_directions/md_12971.pdf
2026-08-12 19:31:06,990 [INFO] scraper.rbi: GET attempt=1 url=https://rbidocs.rbi.org.in/rdocs/notification/PDFs/332MD172466A0BC46438DB5E53C03F90E5D97.PDF
2026-08-12 19:31:07,038 [INFO] scraper.rbi: DOWNLOADED md_12972 bytes=47968 -> /Users/karan/Downloads/carbon-tracker 3/Capstone_project/data/raw/master_directions/md_12972.pdf
2026-08-12 19:31:08,538 [INFO] scraper.rbi: GET attempt=1 url=https://rbidocs.rbi.org.in/rdocs/notification/PDFs/331MD8F94924174D045A9A61DB7472C935BBB.PDF
2026-08-12 19:31:08,589 [INFO] scraper.rbi: DOWNLOADED md_12973 bytes=43136 -> /Users/karan/Downloads/carbon-tracker 3/Capstone_project/data/raw/master_directions/md_12973.pdf
2026-08-12 19:31:10,093 [INFO] scraper.rbi: GET attempt=1 url=https://rbidocs.rbi.org.in/rdocs/notification/PDFs/330MD8EE03EACE9C840B78782487A56262606.PDF
2026-08-12 19:31:10,141 [INFO] scraper.rbi: DOWNLOADED md_12974 bytes=45020 -> /Users/karan/Downloads/carbon-tracker 3/Capstone_project/data/raw/master_directions/md_12974.pdf
2026-08-12 19:31:11,650 [INFO] scraper.rbi: GET attempt=1 url=https://rbidocs.rbi.org.in/rdocs/notification/PDFs/329MDB471ED6596B74577A0D9BC3296ECC859.PDF
2026-08-12 19:31:11,702 [INFO] scraper.rbi: DOWNLOADED md_12975 bytes=49768 -> /Users/karan/Downloads/carbon-tracker 3/Capstone_project/data/raw/master_directions/md_12975.pdf
2026-08-12 19:31:13,207 [INFO] scraper.rbi: GET attempt=1 url=https://rbidocs.rbi.org.in/rdocs/notification/PDFs/328MDCA89E7AD35574A5E8A94F83F329293A2.PDF
2026-08-12 19:31:13,250 [INFO] scraper.rbi: DOWNLOADED md_12976 bytes=45128 -> /Users/karan/Downloads/carbon-tracker 3/Capstone_project/data/raw/master_directions/md_12976.pdf
2026-08-12 19:31:14,759 [INFO] scraper.rbi: GET attempt=1 url=https://rbidocs.rbi.org.in/rdocs/notification/PDFs/327MD7EA8E880A8D64D06B8AE74D8EDF60F17.PDF
2026-08-12 19:31:14,846 [INFO] scraper.rbi: DOWNLOADED md_12977 bytes=47532 -> /Users/karan/Downloads/carbon-tracker 3/Capstone_project/data/raw/master_directions/md_12977.pdf
2026-08-12 19:31:16,356 [INFO] scraper.rbi: GET attempt=1 url=https://rbidocs.rbi.org.in/rdocs/notification/PDFs/326MD7CB162D66FB043AFA384B6ED63EFA5D7.PDF
2026-08-12 19:31:16,412 [INFO] scraper.rbi: DOWNLOADED md_12978 bytes=49448 -> /Users/karan/Downloads/carbon-tracker 3/Capstone_project/data/raw/master_directions/md_12978.pdf
2026-08-12 19:31:17,918 [INFO] scraper.rbi: GET attempt=1 url=https://rbidocs.rbi.org.in/rdocs/notification/PDFs/325MD9D1E9340756A42F183443F73A0B46998.PDF
2026-08-12 19:31:17,971 [INFO] scraper.rbi: DOWNLOADED md_12979 bytes=49764 -> /Users/karan/Downloads/carbon-tracker 3/Capstone_project/data/raw/master_directions/md_12979.pdf
2026-08-12 19:31:19,474 [INFO] scraper.rbi: GET attempt=1 url=https://rbidocs.rbi.org.in/rdocs/notification/PDFs/324MD7A26BF797952433E8A8D59AA98A79999.PDF
2026-08-12 19:31:19,523 [INFO] scraper.rbi: DOWNLOADED md_12980 bytes=50700 -> /Users/karan/Downloads/carbon-tracker 3/Capstone_project/data/raw/master_directions/md_12980.pdf
2026-08-12 19:31:21,027 [INFO] scraper.rbi: GET attempt=1 url=https://rbidocs.rbi.org.in/rdocs/notification/PDFs/323MDC03F7527B77E43B586042F9F3104C2B7.PDF
2026-08-12 19:31:21,077 [INFO] scraper.rbi: DOWNLOADED md_12981 bytes=49496 -> /Users/karan/Downloads/carbon-tracker 3/Capstone_project/data/raw/master_directions/md_12981.pdf
2026-08-12 19:31:22,584 [INFO] scraper.rbi: GET attempt=1 url=https://rbidocs.rbi.org.in/rdocs/notification/PDFs/322MD52B038D169F34D5C9851D5F02E1C7044.PDF
2026-08-12 19:31:22,646 [INFO] scraper.rbi: DOWNLOADED md_12982 bytes=49448 -> /Users/karan/Downloads/carbon-tracker 3/Capstone_project/data/raw/master_directions/md_12982.pdf
2026-08-12 19:31:24,151 [INFO] scraper.rbi: GET attempt=1 url=https://rbidocs.rbi.org.in/rdocs/notification/PDFs/321MDD26060BC94C943C8B5907F5E328E0F1B.PDF
2026-08-12 19:31:24,202 [INFO] scraper.rbi: DOWNLOADED md_12983 bytes=45948 -> /Users/karan/Downloads/carbon-tracker 3/Capstone_project/data/raw/master_directions/md_12983.pdf
2026-08-12 19:31:25,709 [INFO] scraper.rbi: GET attempt=1 url=https://rbidocs.rbi.org.in/rdocs/notification/PDFs/320MDC5714911D38A471980DD2D5D9DB3AECD.PDF
2026-08-12 19:31:25,756 [INFO] scraper.rbi: DOWNLOADED md_12984 bytes=46976 -> /Users/karan/Downloads/carbon-tracker 3/Capstone_project/data/raw/master_directions/md_12984.pdf
2026-08-12 19:31:27,265 [INFO] scraper.rbi: GET attempt=1 url=https://rbidocs.rbi.org.in/rdocs/notification/PDFs/373MD7F3656C99F764E2F9CE1BC4A1337861F.PDF
2026-08-12 19:31:27,318 [INFO] scraper.rbi: DOWNLOADED md_12931 bytes=47532 -> /Users/karan/Downloads/carbon-tracker 3/Capstone_project/data/raw/master_directions/md_12931.pdf
2026-08-12 19:31:28,824 [INFO] scraper.rbi: GET attempt=1 url=https://rbidocs.rbi.org.in/rdocs/notification/PDFs/372MD72894C1BCD6646C582BDF57824ED849B.PDF
2026-08-12 19:31:28,893 [INFO] scraper.rbi: DOWNLOADED md_12932 bytes=48584 -> /Users/karan/Downloads/carbon-tracker 3/Capstone_project/data/raw/master_directions/md_12932.pdf
2026-08-12 19:31:30,396 [INFO] scraper.rbi: GET attempt=1 url=https://rbidocs.rbi.org.in/rdocs/notification/PDFs/371MD93444E1CFB2749C6A9F8F0182794522B.PDF
2026-08-12 19:31:30,442 [INFO] scraper.rbi: DOWNLOADED md_12933 bytes=49156 -> /Users/karan/Downloads/carbon-tracker 3/Capstone_project/data/raw/master_directions/md_12933.pdf
2026-08-12 19:31:31,951 [INFO] scraper.rbi: GET attempt=1 url=https://rbidocs.rbi.org.in/rdocs/notification/PDFs/370MD60843CF99DE6468CA026BF367311796E.PDF
2026-08-12 19:31:32,005 [INFO] scraper.rbi: DOWNLOADED md_12934 bytes=47968 -> /Users/karan/Downloads/carbon-tracker 3/Capstone_project/data/raw/master_directions/md_12934.pdf
2026-08-12 19:31:33,507 [INFO] scraper.rbi: GET attempt=1 url=https://rbidocs.rbi.org.in/rdocs/notification/PDFs/369MD595FB8D5A60A4858AEADC3DA61569214.PDF
2026-08-12 19:31:33,556 [INFO] scraper.rbi: DOWNLOADED md_12935 bytes=50100 -> /Users/karan/Downloads/carbon-tracker 3/Capstone_project/data/raw/master_directions/md_12935.pdf
2026-08-12 19:31:35,060 [INFO] scraper.rbi: GET attempt=1 url=https://rbidocs.rbi.org.in/rdocs/notification/PDFs/368MDA3A72C813679452CB0A291E6B300DB59.PDF
2026-08-12 19:31:35,111 [INFO] scraper.rbi: DOWNLOADED md_12936 bytes=46616 -> /Users/karan/Downloads/carbon-tracker 3/Capstone_project/data/raw/master_directions/md_12936.pdf
2026-08-12 19:31:36,612 [INFO] scraper.rbi: GET attempt=1 url=https://rbidocs.rbi.org.in/rdocs/notification/PDFs/367MD6F29605A9F984829B1DDFA72799197BB.PDF
2026-08-12 19:31:36,661 [INFO] scraper.rbi: DOWNLOADED md_12937 bytes=45740 -> /Users/karan/Downloads/carbon-tracker 3/Capstone_project/data/raw/master_directions/md_12937.pdf
2026-08-12 19:31:38,170 [INFO] scraper.rbi: GET attempt=1 url=https://rbidocs.rbi.org.in/rdocs/notification/PDFs/366MDF8A3AEF00BF24FFC8FA8F1B096F8E054.PDF
2026-08-12 19:31:38,222 [INFO] scraper.rbi: DOWNLOADED md_12938 bytes=44284 -> /Users/karan/Downloads/carbon-tracker 3/Capstone_project/data/raw/master_directions/md_12938.pdf
2026-08-12 19:31:39,719 [INFO] scraper.rbi: GET attempt=1 url=https://rbidocs.rbi.org.in/rdocs/notification/PDFs/365MD8214102C853241B98E06B2123AB42657.PDF
2026-08-12 19:31:39,768 [INFO] scraper.rbi: DOWNLOADED md_12939 bytes=46184 -> /Users/karan/Downloads/carbon-tracker 3/Capstone_project/data/raw/master_directions/md_12939.pdf
2026-08-12 19:31:41,268 [INFO] scraper.rbi: GET attempt=1 url=https://rbidocs.rbi.org.in/rdocs/notification/PDFs/364MD89C593EA3A124B1491E797D1A752110F.PDF
2026-08-12 19:31:41,319 [INFO] scraper.rbi: DOWNLOADED md_12940 bytes=48484 -> /Users/karan/Downloads/carbon-tracker 3/Capstone_project/data/raw/master_directions/md_12940.pdf
2026-08-12 19:31:42,824 [INFO] scraper.rbi: GET attempt=1 url=https://rbidocs.rbi.org.in/rdocs/notification/PDFs/363MD40F22B0CDF734E3C884A9CBCE5DF9194.PDF
2026-08-12 19:31:42,869 [INFO] scraper.rbi: DOWNLOADED md_12941 bytes=45916 -> /Users/karan/Downloads/carbon-tracker 3/Capstone_project/data/raw/master_directions/md_12941.pdf
2026-08-12 19:31:44,374 [INFO] scraper.rbi: GET attempt=1 url=https://rbidocs.rbi.org.in/rdocs/notification/PDFs/362MD26CA543937BA439A97E1BCFC08CF5808.PDF
2026-08-12 19:31:44,421 [INFO] scraper.rbi: DOWNLOADED md_12942 bytes=43728 -> /Users/karan/Downloads/carbon-tracker 3/Capstone_project/data/raw/master_directions/md_12942.pdf
2026-08-12 19:31:45,927 [INFO] scraper.rbi: GET attempt=1 url=https://rbidocs.rbi.org.in/rdocs/notification/PDFs/361MD1E2F8EA063454AD5AFA1D02A1BA5ACA7.PDF
2026-08-12 19:31:45,975 [INFO] scraper.rbi: DOWNLOADED md_12943 bytes=49016 -> /Users/karan/Downloads/carbon-tracker 3/Capstone_project/data/raw/master_directions/md_12943.pdf
2026-08-12 19:31:47,484 [INFO] scraper.rbi: GET attempt=1 url=https://rbidocs.rbi.org.in/rdocs/notification/PDFs/360MD1E07039E1DCA455B8CCB9D0C4BFD4BBE.PDF
2026-08-12 19:31:47,537 [INFO] scraper.rbi: DOWNLOADED md_12944 bytes=49848 -> /Users/karan/Downloads/carbon-tracker 3/Capstone_project/data/raw/master_directions/md_12944.pdf
2026-08-12 19:31:49,044 [INFO] scraper.rbi: GET attempt=1 url=https://rbidocs.rbi.org.in/rdocs/notification/PDFs/359MD22B81FAE1AB9481BA79541602ADD032D.PDF
2026-08-12 19:31:49,087 [INFO] scraper.rbi: DOWNLOADED md_12945 bytes=45852 -> /Users/karan/Downloads/carbon-tracker 3/Capstone_project/data/raw/master_directions/md_12945.pdf
2026-08-12 19:31:50,589 [INFO] scraper.rbi: GET attempt=1 url=https://rbidocs.rbi.org.in/rdocs/notification/PDFs/358MDB0FF0CDD07C04BFAB5A97494E9BB7104.PDF
2026-08-12 19:31:50,683 [INFO] scraper.rbi: DOWNLOADED md_12946 bytes=46204 -> /Users/karan/Downloads/carbon-tracker 3/Capstone_project/data/raw/master_directions/md_12946.pdf
2026-08-12 19:31:52,193 [INFO] scraper.rbi: GET attempt=1 url=https://rbidocs.rbi.org.in/rdocs/notification/PDFs/357MD501BDDC9758E40B592D1AD2D919CC6AF.PDF
2026-08-12 19:31:52,238 [INFO] scraper.rbi: DOWNLOADED md_12947 bytes=47076 -> /Users/karan/Downloads/carbon-tracker 3/Capstone_project/data/raw/master_directions/md_12947.pdf
2026-08-12 19:31:53,747 [INFO] scraper.rbi: GET attempt=1 url=https://rbidocs.rbi.org.in/rdocs/notification/PDFs/356MD4F8109CA54BE44A9805C5300601F8A11.PDF
2026-08-12 19:31:53,803 [INFO] scraper.rbi: DOWNLOADED md_12948 bytes=49764 -> /Users/karan/Downloads/carbon-tracker 3/Capstone_project/data/raw/master_directions/md_12948.pdf
2026-08-12 19:31:55,304 [INFO] scraper.rbi: GET attempt=1 url=https://rbidocs.rbi.org.in/rdocs/notification/PDFs/355MDDFD8E87964DD4F529248131781B5812F.PDF
2026-08-12 19:31:55,354 [INFO] scraper.rbi: DOWNLOADED md_12949 bytes=44384 -> /Users/karan/Downloads/carbon-tracker 3/Capstone_project/data/raw/master_directions/md_12949.pdf
2026-08-12 19:31:56,863 [INFO] scraper.rbi: GET attempt=1 url=https://rbidocs.rbi.org.in/rdocs/notification/PDFs/354MD1F909E42C44E481085D47ECF16A9EE26.PDF
2026-08-12 19:31:56,922 [INFO] scraper.rbi: DOWNLOADED md_12950 bytes=46628 -> /Users/karan/Downloads/carbon-tracker 3/Capstone_project/data/raw/master_directions/md_12950.pdf
2026-08-12 19:31:58,423 [INFO] scraper.rbi: GET attempt=1 url=https://rbidocs.rbi.org.in/rdocs/notification/PDFs/353MD9A35481FC07E4D1199A62E5C2356B0C4.PDF
2026-08-12 19:31:58,468 [INFO] scraper.rbi: DOWNLOADED md_12951 bytes=46404 -> /Users/karan/Downloads/carbon-tracker 3/Capstone_project/data/raw/master_directions/md_12951.pdf
2026-08-12 19:31:59,976 [INFO] scraper.rbi: GET attempt=1 url=https://rbidocs.rbi.org.in/rdocs/notification/PDFs/352MDCF4E55B0ACD24FCC8AED1C715997F0F9.PDF
2026-08-12 19:32:00,025 [INFO] scraper.rbi: DOWNLOADED md_12952 bytes=44384 -> /Users/karan/Downloads/carbon-tracker 3/Capstone_project/data/raw/master_directions/md_12952.pdf
2026-08-12 19:32:01,535 [INFO] scraper.rbi: GET attempt=1 url=https://rbidocs.rbi.org.in/rdocs/notification/PDFs/351MD74108723E6DA484E954DB9D2C7ED184C.PDF
2026-08-12 19:32:01,583 [INFO] scraper.rbi: DOWNLOADED md_12953 bytes=46564 -> /Users/karan/Downloads/carbon-tracker 3/Capstone_project/data/raw/master_directions/md_12953.pdf
2026-08-12 19:32:03,090 [INFO] scraper.rbi: GET attempt=1 url=https://rbidocs.rbi.org.in/rdocs/notification/PDFs/350MDEF81E70DAB50429898EB2CF07BBCA09E.PDF
2026-08-12 19:32:03,135 [INFO] scraper.rbi: DOWNLOADED md_12954 bytes=46976 -> /Users/karan/Downloads/carbon-tracker 3/Capstone_project/data/raw/master_directions/md_12954.pdf
2026-08-12 19:32:04,641 [INFO] scraper.rbi: GET attempt=1 url=https://rbidocs.rbi.org.in/rdocs/notification/PDFs/349MD04B1F5EC16D84779BC61D9CC40552401.PDF
2026-08-12 19:32:04,733 [INFO] scraper.rbi: DOWNLOADED md_12955 bytes=49788 -> /Users/karan/Downloads/carbon-tracker 3/Capstone_project/data/raw/master_directions/md_12955.pdf
2026-08-12 19:32:06,240 [INFO] scraper.rbi: GET attempt=1 url=https://rbidocs.rbi.org.in/rdocs/notification/PDFs/348MD993245D8570047299D1814811F20AFEE.PDF
2026-08-12 19:32:06,285 [INFO] scraper.rbi: DOWNLOADED md_12956 bytes=45228 -> /Users/karan/Downloads/carbon-tracker 3/Capstone_project/data/raw/master_directions/md_12956.pdf
2026-08-12 19:32:07,790 [INFO] scraper.rbi: GET attempt=1 url=https://rbidocs.rbi.org.in/rdocs/notification/PDFs/347MD5CC21D3597C04354B67A42A1A4CB439C.PDF
2026-08-12 19:32:07,835 [INFO] scraper.rbi: DOWNLOADED md_12957 bytes=47032 -> /Users/karan/Downloads/carbon-tracker 3/Capstone_project/data/raw/master_directions/md_12957.pdf
2026-08-12 19:32:09,344 [INFO] scraper.rbi: GET attempt=1 url=https://rbidocs.rbi.org.in/rdocs/notification/PDFs/346MD6C1FC3FFE3E84415B12A1C05642FD3E3.PDF
2026-08-12 19:32:09,394 [INFO] scraper.rbi: DOWNLOADED md_12958 bytes=47032 -> /Users/karan/Downloads/carbon-tracker 3/Capstone_project/data/raw/master_directions/md_12958.pdf
2026-08-12 19:32:10,897 [INFO] scraper.rbi: GET attempt=1 url=https://rbidocs.rbi.org.in/rdocs/notification/PDFs/345MDAB71EF5B2D534D7B92C654742BDF9A77.PDF
2026-08-12 19:32:10,943 [INFO] scraper.rbi: DOWNLOADED md_12959 bytes=49016 -> /Users/karan/Downloads/carbon-tracker 3/Capstone_project/data/raw/master_directions/md_12959.pdf
2026-08-12 19:32:12,453 [INFO] scraper.rbi: GET attempt=1 url=https://rbidocs.rbi.org.in/rdocs/notification/PDFs/344MD22F0E87F6DD848919A6459236939D76F.PDF
2026-08-12 19:32:12,501 [INFO] scraper.rbi: DOWNLOADED md_12960 bytes=46940 -> /Users/karan/Downloads/carbon-tracker 3/Capstone_project/data/raw/master_directions/md_12960.pdf
2026-08-12 19:32:14,010 [INFO] scraper.rbi: GET attempt=1 url=https://rbidocs.rbi.org.in/rdocs/notification/PDFs/343MD54448C9FA65A429BB5AFADBB162904F1.PDF
2026-08-12 19:32:14,059 [INFO] scraper.rbi: DOWNLOADED md_12961 bytes=45924 -> /Users/karan/Downloads/carbon-tracker 3/Capstone_project/data/raw/master_directions/md_12961.pdf
2026-08-12 19:32:15,567 [INFO] scraper.rbi: GET attempt=1 url=https://rbidocs.rbi.org.in/rdocs/notification/PDFs/342MD6D0E541E684A451BB4BB80C4819B2BB1.PDF
2026-08-12 19:32:15,612 [INFO] scraper.rbi: DOWNLOADED md_12962 bytes=44968 -> /Users/karan/Downloads/carbon-tracker 3/Capstone_project/data/raw/master_directions/md_12962.pdf
2026-08-12 19:32:17,117 [INFO] scraper.rbi: GET attempt=1 url=https://rbidocs.rbi.org.in/rdocs/notification/PDFs/341MDDF7F3A9C8BF2439D828E773D444D7FD3.PDF
2026-08-12 19:32:17,173 [INFO] scraper.rbi: DOWNLOADED md_12963 bytes=49788 -> /Users/karan/Downloads/carbon-tracker 3/Capstone_project/data/raw/master_directions/md_12963.pdf
2026-08-12 19:32:18,678 [INFO] scraper.rbi: GET attempt=1 url=https://rbidocs.rbi.org.in/rdocs/notification/PDFs/340MD4B77ED4B942E4F9FBECA5673D0360BA3.PDF
2026-08-12 19:32:18,766 [INFO] scraper.rbi: DOWNLOADED md_12964 bytes=44812 -> /Users/karan/Downloads/carbon-tracker 3/Capstone_project/data/raw/master_directions/md_12964.pdf
2026-08-12 19:32:20,274 [INFO] scraper.rbi: GET attempt=1 url=https://rbidocs.rbi.org.in/rdocs/notification/PDFs/339MD7166A79E96D64572B378949D3972DBD1.PDF
2026-08-12 19:32:20,320 [INFO] scraper.rbi: DOWNLOADED md_12965 bytes=55404 -> /Users/karan/Downloads/carbon-tracker 3/Capstone_project/data/raw/master_directions/md_12965.pdf
2026-08-12 19:32:21,829 [INFO] scraper.rbi: GET attempt=1 url=https://rbidocs.rbi.org.in/rdocs/notification/PDFs/377MDC2C0B12BF5FA4716B1186CBAFBAEE6DC.PDF
2026-08-12 19:32:21,872 [INFO] scraper.rbi: DOWNLOADED md_12927 bytes=47960 -> /Users/karan/Downloads/carbon-tracker 3/Capstone_project/data/raw/master_directions/md_12927.pdf
2026-08-12 19:32:23,376 [INFO] scraper.rbi: GET attempt=1 url=https://rbidocs.rbi.org.in/rdocs/notification/PDFs/376MD90C9663D1BA3430989254B93FFC0C975.PDF
2026-08-12 19:32:23,421 [INFO] scraper.rbi: DOWNLOADED md_12928 bytes=45116 -> /Users/karan/Downloads/carbon-tracker 3/Capstone_project/data/raw/master_directions/md_12928.pdf
2026-08-12 19:32:24,922 [INFO] scraper.rbi: GET attempt=1 url=https://rbidocs.rbi.org.in/rdocs/notification/PDFs/375MD4501F9CAB74942A5862702FA20D4F275.PDF
2026-08-12 19:32:24,971 [INFO] scraper.rbi: DOWNLOADED md_12929 bytes=48528 -> /Users/karan/Downloads/carbon-tracker 3/Capstone_project/data/raw/master_directions/md_12929.pdf
2026-08-12 19:32:26,475 [INFO] scraper.rbi: GET attempt=1 url=https://rbidocs.rbi.org.in/rdocs/notification/PDFs/374MD5EB12B213C134165BBC19F6F9B01434A.PDF
2026-08-12 19:32:26,521 [INFO] scraper.rbi: DOWNLOADED md_12930 bytes=49156 -> /Users/karan/Downloads/carbon-tracker 3/Capstone_project/data/raw/master_directions/md_12930.pdf
2026-08-12 19:32:28,024 [INFO] scraper.rbi: GET attempt=1 url=https://rbidocs.rbi.org.in/rdocs/notification/PDFs/379MD4FB63C400E634A6EA5E9F800150E0643.PDF
2026-08-12 19:32:28,071 [INFO] scraper.rbi: DOWNLOADED md_12925 bytes=45176 -> /Users/karan/Downloads/carbon-tracker 3/Capstone_project/data/raw/master_directions/md_12925.pdf
2026-08-12 19:32:29,576 [INFO] scraper.rbi: GET attempt=1 url=https://rbidocs.rbi.org.in/rdocs/notification/PDFs/378MD65D46FCCF0C34491B34505C6E1DACFFE.PDF
2026-08-12 19:32:29,653 [INFO] scraper.rbi: DOWNLOADED md_12926 bytes=48196 -> /Users/karan/Downloads/carbon-tracker 3/Capstone_project/data/raw/master_directions/md_12926.pdf
2026-08-12 19:32:31,159 [INFO] scraper.rbi: GET attempt=1 url=https://rbidocs.rbi.org.in/rdocs/notification/PDFs/416MD53D6A6765E6649B6AAABB58C0E4C7EFB.PDF
2026-08-12 19:32:31,216 [INFO] scraper.rbi: DOWNLOADED md_13637 bytes=48528 -> /Users/karan/Downloads/carbon-tracker 3/Capstone_project/data/raw/master_directions/md_13637.pdf
2026-08-12 19:32:32,718 [INFO] scraper.rbi: GET attempt=1 url=https://rbidocs.rbi.org.in/rdocs/notification/PDFs/415MD17AD8787C68848D58600F61E35468861.PDF
2026-08-12 19:32:32,766 [INFO] scraper.rbi: DOWNLOADED md_13638 bytes=47032 -> /Users/karan/Downloads/carbon-tracker 3/Capstone_project/data/raw/master_directions/md_13638.pdf
2026-08-12 19:32:34,267 [INFO] scraper.rbi: GET attempt=1 url=https://rbidocs.rbi.org.in/rdocs/notification/PDFs/414MDEB929BD427B7443C98B182F2A13E1396.PDF
2026-08-12 19:32:34,322 [INFO] scraper.rbi: DOWNLOADED md_13639 bytes=48392 -> /Users/karan/Downloads/carbon-tracker 3/Capstone_project/data/raw/master_directions/md_13639.pdf
2026-08-12 19:32:35,824 [INFO] scraper.rbi: GET attempt=1 url=https://rbidocs.rbi.org.in/rdocs/notification/PDFs/413MD4F9FF319B5954ED1998D65025BDCBFDA.PDF
2026-08-12 19:32:35,870 [INFO] scraper.rbi: DOWNLOADED md_13640 bytes=45740 -> /Users/karan/Downloads/carbon-tracker 3/Capstone_project/data/raw/master_directions/md_13640.pdf
2026-08-12 19:32:37,379 [INFO] scraper.rbi: GET attempt=1 url=https://rbidocs.rbi.org.in/rdocs/notification/PDFs/412MD5B6CA712E156413BACDEA9DD5CF5D1EF.PDF
2026-08-12 19:32:37,422 [INFO] scraper.rbi: DOWNLOADED md_13641 bytes=46016 -> /Users/karan/Downloads/carbon-tracker 3/Capstone_project/data/raw/master_directions/md_13641.pdf
2026-08-12 19:32:38,927 [INFO] scraper.rbi: GET attempt=1 url=https://rbidocs.rbi.org.in/rdocs/notification/PDFs/411MD1918998D1AD74F159D57664FB10E053F.PDF
2026-08-12 19:32:38,978 [INFO] scraper.rbi: DOWNLOADED md_13642 bytes=47212 -> /Users/karan/Downloads/carbon-tracker 3/Capstone_project/data/raw/master_directions/md_13642.pdf
2026-08-12 19:32:40,477 [INFO] scraper.rbi: GET attempt=1 url=https://rbidocs.rbi.org.in/rdocs/notification/PDFs/410MD1C1DD4C43C9C49ED9033D64902636D9C.PDF
2026-08-12 19:32:40,590 [INFO] scraper.rbi: DOWNLOADED md_13643 bytes=46732 -> /Users/karan/Downloads/carbon-tracker 3/Capstone_project/data/raw/master_directions/md_13643.pdf
2026-08-12 19:32:42,099 [INFO] scraper.rbi: GET attempt=1 url=https://rbidocs.rbi.org.in/rdocs/notification/PDFs/409MD13EB09368FC543A2BEDF3B9E8F2C9A6A.PDF
2026-08-12 19:32:42,149 [INFO] scraper.rbi: DOWNLOADED md_13644 bytes=49768 -> /Users/karan/Downloads/carbon-tracker 3/Capstone_project/data/raw/master_directions/md_13644.pdf
2026-08-12 19:32:43,657 [INFO] scraper.rbi: GET attempt=1 url=https://rbidocs.rbi.org.in/rdocs/notification/PDFs/408MD83CAFF1305FB4180A6C3B4E68C88ED09.PDF
2026-08-12 19:32:43,703 [INFO] scraper.rbi: DOWNLOADED md_13645 bytes=45116 -> /Users/karan/Downloads/carbon-tracker 3/Capstone_project/data/raw/master_directions/md_13645.pdf
2026-08-12 19:32:45,204 [INFO] scraper.rbi: GET attempt=1 url=https://rbidocs.rbi.org.in/rdocs/notification/PDFs/425MD0436481B095C48CD89101DA2ACCD152E.PDF
2026-08-12 19:32:45,251 [INFO] scraper.rbi: DOWNLOADED md_13628 bytes=49768 -> /Users/karan/Downloads/carbon-tracker 3/Capstone_project/data/raw/master_directions/md_13628.pdf
2026-08-12 19:32:46,760 [INFO] scraper.rbi: GET attempt=1 url=https://rbidocs.rbi.org.in/rdocs/notification/PDFs/424MD2CF5C97A54FA4C2883108496BBEF2D80.PDF
2026-08-12 19:32:46,804 [INFO] scraper.rbi: DOWNLOADED md_13629 bytes=48884 -> /Users/karan/Downloads/carbon-tracker 3/Capstone_project/data/raw/master_directions/md_13629.pdf
2026-08-12 19:32:48,312 [INFO] scraper.rbi: GET attempt=1 url=https://rbidocs.rbi.org.in/rdocs/notification/PDFs/423MD425FF643D83E4234949863E6681E0BC3.PDF
2026-08-12 19:32:48,356 [INFO] scraper.rbi: DOWNLOADED md_13630 bytes=43080 -> /Users/karan/Downloads/carbon-tracker 3/Capstone_project/data/raw/master_directions/md_13630.pdf
2026-08-12 19:32:49,865 [INFO] scraper.rbi: GET attempt=1 url=https://rbidocs.rbi.org.in/rdocs/notification/PDFs/422MD40D63D4AC3564816952B97A16E1AFABD.PDF
2026-08-12 19:32:49,915 [INFO] scraper.rbi: DOWNLOADED md_13631 bytes=49388 -> /Users/karan/Downloads/carbon-tracker 3/Capstone_project/data/raw/master_directions/md_13631.pdf
2026-08-12 19:32:51,424 [INFO] scraper.rbi: GET attempt=1 url=https://rbidocs.rbi.org.in/rdocs/notification/PDFs/421MD045AAA3F34354D88B80AB52E2EFBBBA1.PDF
2026-08-12 19:32:51,495 [INFO] scraper.rbi: DOWNLOADED md_13632 bytes=43116 -> /Users/karan/Downloads/carbon-tracker 3/Capstone_project/data/raw/master_directions/md_13632.pdf
2026-08-12 19:32:53,000 [INFO] scraper.rbi: GET attempt=1 url=https://rbidocs.rbi.org.in/rdocs/notification/PDFs/420MD29384D707EBB4C938067734D3B24D278.PDF
2026-08-12 19:32:53,044 [INFO] scraper.rbi: DOWNLOADED md_13633 bytes=45984 -> /Users/karan/Downloads/carbon-tracker 3/Capstone_project/data/raw/master_directions/md_13633.pdf
2026-08-12 19:32:54,552 [INFO] scraper.rbi: GET attempt=1 url=https://rbidocs.rbi.org.in/rdocs/notification/PDFs/419MD2FBDBDE1A8C948B79579A76A9BC83E21.PDF
2026-08-12 19:32:54,637 [INFO] scraper.rbi: DOWNLOADED md_13634 bytes=48732 -> /Users/karan/Downloads/carbon-tracker 3/Capstone_project/data/raw/master_directions/md_13634.pdf
2026-08-12 19:32:56,140 [INFO] scraper.rbi: GET attempt=1 url=https://rbidocs.rbi.org.in/rdocs/notification/PDFs/418MD59AF663B94CE4CA4AED6B0F320D63F27.PDF
2026-08-12 19:32:56,185 [INFO] scraper.rbi: DOWNLOADED md_13635 bytes=45484 -> /Users/karan/Downloads/carbon-tracker 3/Capstone_project/data/raw/master_directions/md_13635.pdf
2026-08-12 19:32:57,691 [INFO] scraper.rbi: GET attempt=1 url=https://rbidocs.rbi.org.in/rdocs/notification/PDFs/417MDBF2FB62647A34F518725C7419A522A1A.PDF
2026-08-12 19:32:57,744 [INFO] scraper.rbi: DOWNLOADED md_13636 bytes=51936 -> /Users/karan/Downloads/carbon-tracker 3/Capstone_project/data/raw/master_directions/md_13636.pdf
2026-08-12 19:32:59,253 [INFO] scraper.rbi: GET attempt=1 url=https://rbidocs.rbi.org.in/rdocs/notification/PDFs/434MDB0864F4A89F445818734DA5107794020.PDF
2026-08-12 19:32:59,296 [INFO] scraper.rbi: DOWNLOADED md_13619 bytes=46888 -> /Users/karan/Downloads/carbon-tracker 3/Capstone_project/data/raw/master_directions/md_13619.pdf
2026-08-12 19:33:00,802 [INFO] scraper.rbi: GET attempt=1 url=https://rbidocs.rbi.org.in/rdocs/notification/PDFs/433MD144CFE8D6C744FDABF82F09A06E54704.PDF
2026-08-12 19:33:00,886 [INFO] scraper.rbi: DOWNLOADED md_13620 bytes=46316 -> /Users/karan/Downloads/carbon-tracker 3/Capstone_project/data/raw/master_directions/md_13620.pdf
2026-08-12 19:33:02,394 [INFO] scraper.rbi: GET attempt=1 url=https://rbidocs.rbi.org.in/rdocs/notification/PDFs/432MD02061AE612F1453BAD8A821EBECC8F58.PDF
2026-08-12 19:33:02,438 [INFO] scraper.rbi: DOWNLOADED md_13621 bytes=47140 -> /Users/karan/Downloads/carbon-tracker 3/Capstone_project/data/raw/master_directions/md_13621.pdf
2026-08-12 19:33:03,942 [INFO] scraper.rbi: GET attempt=1 url=https://rbidocs.rbi.org.in/rdocs/notification/PDFs/431MDACE5BE38F43D4579B03E9DF6F96DA7B7.PDF
2026-08-12 19:33:03,988 [INFO] scraper.rbi: DOWNLOADED md_13622 bytes=48444 -> /Users/karan/Downloads/carbon-tracker 3/Capstone_project/data/raw/master_directions/md_13622.pdf
2026-08-12 19:33:05,496 [INFO] scraper.rbi: GET attempt=1 url=https://rbidocs.rbi.org.in/rdocs/notification/PDFs/430MD8AFE9055BACE46968BC6E8CB3112471B.PDF
2026-08-12 19:33:05,543 [INFO] scraper.rbi: DOWNLOADED md_13623 bytes=51292 -> /Users/karan/Downloads/carbon-tracker 3/Capstone_project/data/raw/master_directions/md_13623.pdf
2026-08-12 19:33:07,048 [INFO] scraper.rbi: GET attempt=1 url=https://rbidocs.rbi.org.in/rdocs/notification/PDFs/429MD335484C7D27C4AC58720D636CA735A25.PDF
2026-08-12 19:33:07,096 [INFO] scraper.rbi: DOWNLOADED md_13624 bytes=48256 -> /Users/karan/Downloads/carbon-tracker 3/Capstone_project/data/raw/master_directions/md_13624.pdf
2026-08-12 19:33:08,605 [INFO] scraper.rbi: GET attempt=1 url=https://rbidocs.rbi.org.in/rdocs/notification/PDFs/428MD47757204F5E54CE99FB1E19E8C458655.PDF
2026-08-12 19:33:08,684 [INFO] scraper.rbi: DOWNLOADED md_13625 bytes=44100 -> /Users/karan/Downloads/carbon-tracker 3/Capstone_project/data/raw/master_directions/md_13625.pdf
2026-08-12 19:33:10,189 [INFO] scraper.rbi: GET attempt=1 url=https://rbidocs.rbi.org.in/rdocs/notification/PDFs/427MD7FCE1B261A9043DC9F6B526DAC24BCF3.PDF
2026-08-12 19:33:10,242 [INFO] scraper.rbi: DOWNLOADED md_13626 bytes=47280 -> /Users/karan/Downloads/carbon-tracker 3/Capstone_project/data/raw/master_directions/md_13626.pdf
2026-08-12 19:33:11,752 [INFO] scraper.rbi: GET attempt=1 url=https://rbidocs.rbi.org.in/rdocs/notification/PDFs/426MDAC33102EE3FA40DA842AAF54921D76DD.PDF
2026-08-12 19:33:11,806 [INFO] scraper.rbi: DOWNLOADED md_13627 bytes=50872 -> /Users/karan/Downloads/carbon-tracker 3/Capstone_project/data/raw/master_directions/md_13627.pdf
2026-08-12 19:33:13,307 [INFO] scraper.rbi: GET attempt=1 url=https://rbidocs.rbi.org.in/rdocs/notification/PDFs/450MD9EEAB01F633148768CC03DEEA746654E.PDF
2026-08-12 19:33:13,352 [INFO] scraper.rbi: DOWNLOADED md_13603 bytes=48224 -> /Users/karan/Downloads/carbon-tracker 3/Capstone_project/data/raw/master_directions/md_13603.pdf
2026-08-12 19:33:14,852 [INFO] scraper.rbi: GET attempt=1 url=https://rbidocs.rbi.org.in/rdocs/notification/PDFs/449MD116AEA06D1C141EDA717FDD5B72BB988.PDF
2026-08-12 19:33:14,916 [INFO] scraper.rbi: DOWNLOADED md_13604 bytes=48340 -> /Users/karan/Downloads/carbon-tracker 3/Capstone_project/data/raw/master_directions/md_13604.pdf
2026-08-12 19:33:16,425 [INFO] scraper.rbi: GET attempt=1 url=https://rbidocs.rbi.org.in/rdocs/notification/PDFs/448MDEB239D081FB94715A7DA64D5F34CC51D.PDF
2026-08-12 19:33:16,490 [INFO] scraper.rbi: DOWNLOADED md_13605 bytes=50688 -> /Users/karan/Downloads/carbon-tracker 3/Capstone_project/data/raw/master_directions/md_13605.pdf
2026-08-12 19:33:17,990 [INFO] scraper.rbi: GET attempt=1 url=https://rbidocs.rbi.org.in/rdocs/notification/PDFs/447MDBF165A2602F944F79E739038F8807402.PDF
2026-08-12 19:33:18,038 [INFO] scraper.rbi: DOWNLOADED md_13606 bytes=44692 -> /Users/karan/Downloads/carbon-tracker 3/Capstone_project/data/raw/master_directions/md_13606.pdf
2026-08-12 19:33:19,543 [INFO] scraper.rbi: GET attempt=1 url=https://rbidocs.rbi.org.in/rdocs/notification/PDFs/446MDF0DB1395806B4600842005FCA98583BE.PDF
2026-08-12 19:33:19,587 [INFO] scraper.rbi: DOWNLOADED md_13607 bytes=54144 -> /Users/karan/Downloads/carbon-tracker 3/Capstone_project/data/raw/master_directions/md_13607.pdf
2026-08-12 19:33:21,093 [INFO] scraper.rbi: GET attempt=1 url=https://rbidocs.rbi.org.in/rdocs/notification/PDFs/445MD0C4C20C6998646ABAC1E8634D932999D.PDF
2026-08-12 19:33:21,138 [INFO] scraper.rbi: DOWNLOADED md_13608 bytes=48072 -> /Users/karan/Downloads/carbon-tracker 3/Capstone_project/data/raw/master_directions/md_13608.pdf
2026-08-12 19:33:22,641 [INFO] scraper.rbi: GET attempt=1 url=https://rbidocs.rbi.org.in/rdocs/notification/PDFs/444MDF1F447E6FD10463DAEDCAA55AEBC11ED.PDF
2026-08-12 19:33:22,686 [INFO] scraper.rbi: DOWNLOADED md_13609 bytes=45584 -> /Users/karan/Downloads/carbon-tracker 3/Capstone_project/data/raw/master_directions/md_13609.pdf
2026-08-12 19:33:24,195 [INFO] scraper.rbi: GET attempt=1 url=https://rbidocs.rbi.org.in/rdocs/notification/PDFs/455MDC05EBF7DB224411BA9BCFB752F1AA5C3.PDF
2026-08-12 19:33:24,248 [INFO] scraper.rbi: DOWNLOADED md_13598 bytes=50276 -> /Users/karan/Downloads/carbon-tracker 3/Capstone_project/data/raw/master_directions/md_13598.pdf
2026-08-12 19:33:25,757 [INFO] scraper.rbi: GET attempt=1 url=https://rbidocs.rbi.org.in/rdocs/notification/PDFs/454MD3627FA91C182430CB1E49367CA5A9896.PDF
2026-08-12 19:33:25,806 [INFO] scraper.rbi: DOWNLOADED md_13599 bytes=54144 -> /Users/karan/Downloads/carbon-tracker 3/Capstone_project/data/raw/master_directions/md_13599.pdf
2026-08-12 19:33:27,315 [INFO] scraper.rbi: GET attempt=1 url=https://rbidocs.rbi.org.in/rdocs/notification/PDFs/443MD40CA627030B44C78A2B73D3CE3BE4E98.PDF
2026-08-12 19:33:27,371 [INFO] scraper.rbi: DOWNLOADED md_13610 bytes=51832 -> /Users/karan/Downloads/carbon-tracker 3/Capstone_project/data/raw/master_directions/md_13610.pdf
2026-08-12 19:33:28,872 [INFO] scraper.rbi: GET attempt=1 url=https://rbidocs.rbi.org.in/rdocs/notification/PDFs/442MD0BA25C6023EF4C10A10B90D638D6B00D.PDF
2026-08-12 19:33:28,920 [INFO] scraper.rbi: DOWNLOADED md_13611 bytes=47856 -> /Users/karan/Downloads/carbon-tracker 3/Capstone_project/data/raw/master_directions/md_13611.pdf
2026-08-12 19:33:30,424 [INFO] scraper.rbi: GET attempt=1 url=https://rbidocs.rbi.org.in/rdocs/notification/PDFs/441MD53753CC8209F499E84242D70BF5AAB9F.PDF
2026-08-12 19:33:30,483 [INFO] scraper.rbi: DOWNLOADED md_13612 bytes=41308 -> /Users/karan/Downloads/carbon-tracker 3/Capstone_project/data/raw/master_directions/md_13612.pdf
2026-08-12 19:33:31,992 [INFO] scraper.rbi: GET attempt=1 url=https://rbidocs.rbi.org.in/rdocs/notification/PDFs/440MDAD4DA76A732549728DFC3DC643051CA0.PDF
2026-08-12 19:33:32,044 [INFO] scraper.rbi: DOWNLOADED md_13613 bytes=47196 -> /Users/karan/Downloads/carbon-tracker 3/Capstone_project/data/raw/master_directions/md_13613.pdf
2026-08-12 19:33:33,553 [INFO] scraper.rbi: GET attempt=1 url=https://rbidocs.rbi.org.in/rdocs/notification/PDFs/439MD31E8DC47A27C4FE6B43005D22E4F6CB7.PDF
2026-08-12 19:33:33,603 [INFO] scraper.rbi: DOWNLOADED md_13614 bytes=49196 -> /Users/karan/Downloads/carbon-tracker 3/Capstone_project/data/raw/master_directions/md_13614.pdf
2026-08-12 19:33:35,111 [INFO] scraper.rbi: GET attempt=1 url=https://rbidocs.rbi.org.in/rdocs/notification/PDFs/438MDD999C3E155F8479AA7075B10FAF82870.PDF
2026-08-12 19:33:35,180 [INFO] scraper.rbi: DOWNLOADED md_13615 bytes=48556 -> /Users/karan/Downloads/carbon-tracker 3/Capstone_project/data/raw/master_directions/md_13615.pdf
2026-08-12 19:33:36,685 [INFO] scraper.rbi: GET attempt=1 url=https://rbidocs.rbi.org.in/rdocs/notification/PDFs/437MDA9AD9C6F79B74CC8ABD98AAB32B1CD7D.PDF
2026-08-12 19:33:36,733 [INFO] scraper.rbi: DOWNLOADED md_13616 bytes=48072 -> /Users/karan/Downloads/carbon-tracker 3/Capstone_project/data/raw/master_directions/md_13616.pdf
2026-08-12 19:33:38,242 [INFO] scraper.rbi: GET attempt=1 url=https://rbidocs.rbi.org.in/rdocs/notification/PDFs/436MD1749C7AECBD84DA589A814082520A61A.PDF
2026-08-12 19:33:38,289 [INFO] scraper.rbi: DOWNLOADED md_13617 bytes=46920 -> /Users/karan/Downloads/carbon-tracker 3/Capstone_project/data/raw/master_directions/md_13617.pdf
2026-08-12 19:33:39,790 [INFO] scraper.rbi: GET attempt=1 url=https://rbidocs.rbi.org.in/rdocs/notification/PDFs/435MD3E78BD10EF6B4B0D8E7A686F5515990E.PDF
2026-08-12 19:33:39,837 [INFO] scraper.rbi: DOWNLOADED md_13618 bytes=49508 -> /Users/karan/Downloads/carbon-tracker 3/Capstone_project/data/raw/master_directions/md_13618.pdf
2026-08-12 19:33:41,341 [INFO] scraper.rbi: GET attempt=1 url=https://rbidocs.rbi.org.in/rdocs/notification/PDFs/453MD62DE2F74F5754FF89FCE75096ADFA2AF.PDF
2026-08-12 19:33:41,394 [INFO] scraper.rbi: DOWNLOADED md_13600 bytes=47648 -> /Users/karan/Downloads/carbon-tracker 3/Capstone_project/data/raw/master_directions/md_13600.pdf
2026-08-12 19:33:42,903 [INFO] scraper.rbi: GET attempt=1 url=https://rbidocs.rbi.org.in/rdocs/notification/PDFs/452MD687C391BD41D4A4BA803192EC00E5334.PDF
2026-08-12 19:33:42,948 [INFO] scraper.rbi: DOWNLOADED md_13601 bytes=46256 -> /Users/karan/Downloads/carbon-tracker 3/Capstone_project/data/raw/master_directions/md_13601.pdf
2026-08-12 19:33:44,450 [INFO] scraper.rbi: GET attempt=1 url=https://rbidocs.rbi.org.in/rdocs/notification/PDFs/451MD722AF863DDEA43F29EA4828F2038670D.PDF
2026-08-12 19:33:44,524 [INFO] scraper.rbi: DOWNLOADED md_13602 bytes=47648 -> /Users/karan/Downloads/carbon-tracker 3/Capstone_project/data/raw/master_directions/md_13602.pdf
2026-08-12 19:33:46,028 [INFO] scraper.rbi: GET attempt=1 url=https://rbidocs.rbi.org.in/rdocs/notification/PDFs/459MD246DBC64D787490CA734181844D21432.PDF
2026-08-12 19:33:46,075 [INFO] scraper.rbi: DOWNLOADED md_13594 bytes=48968 -> /Users/karan/Downloads/carbon-tracker 3/Capstone_project/data/raw/master_directions/md_13594.pdf
2026-08-12 19:33:47,584 [INFO] scraper.rbi: GET attempt=1 url=https://rbidocs.rbi.org.in/rdocs/notification/PDFs/458MD364EFCA1964B4A9D88DBC6F0D774C920.PDF
2026-08-12 19:33:47,636 [INFO] scraper.rbi: DOWNLOADED md_13595 bytes=47700 -> /Users/karan/Downloads/carbon-tracker 3/Capstone_project/data/raw/master_directions/md_13595.pdf
2026-08-12 19:33:49,137 [INFO] scraper.rbi: GET attempt=1 url=https://rbidocs.rbi.org.in/rdocs/notification/PDFs/457MDAC203EBBDF604A81958E02BB2C4BB1B1.PDF
2026-08-12 19:33:49,176 [INFO] scraper.rbi: DOWNLOADED md_13596 bytes=43660 -> /Users/karan/Downloads/carbon-tracker 3/Capstone_project/data/raw/master_directions/md_13596.pdf
2026-08-12 19:33:50,678 [INFO] scraper.rbi: GET attempt=1 url=https://rbidocs.rbi.org.in/rdocs/notification/PDFs/456MDC4C94C45185348009970C11F344F27C4.PDF
2026-08-12 19:33:50,731 [INFO] scraper.rbi: DOWNLOADED md_13597 bytes=53644 -> /Users/karan/Downloads/carbon-tracker 3/Capstone_project/data/raw/master_directions/md_13597.pdf
2026-08-12 19:33:52,232 [INFO] scraper.rbi: GET attempt=1 url=https://rbidocs.rbi.org.in/rdocs/notification/PDFs/468MDF194492AB28E4600BEA9DFBF8D32CC13.PDF
2026-08-12 19:33:52,281 [INFO] scraper.rbi: DOWNLOADED md_13585 bytes=45848 -> /Users/karan/Downloads/carbon-tracker 3/Capstone_project/data/raw/master_directions/md_13585.pdf
2026-08-12 19:33:53,784 [INFO] scraper.rbi: GET attempt=1 url=https://rbidocs.rbi.org.in/rdocs/notification/PDFs/467MD9CF8CD4ED6364DEEAB5E2638BC39ABA8.PDF
2026-08-12 19:33:53,835 [INFO] scraper.rbi: DOWNLOADED md_13586 bytes=46416 -> /Users/karan/Downloads/carbon-tracker 3/Capstone_project/data/raw/master_directions/md_13586.pdf
2026-08-12 19:33:55,341 [INFO] scraper.rbi: GET attempt=1 url=https://rbidocs.rbi.org.in/rdocs/notification/PDFs/466MD8895831DD9DF4F4ABD6342045EB4509C.PDF
2026-08-12 19:33:55,392 [INFO] scraper.rbi: DOWNLOADED md_13587 bytes=45628 -> /Users/karan/Downloads/carbon-tracker 3/Capstone_project/data/raw/master_directions/md_13587.pdf
2026-08-12 19:33:56,901 [INFO] scraper.rbi: GET attempt=1 url=https://rbidocs.rbi.org.in/rdocs/notification/PDFs/465MD03A0FCE0832642DDAAE82DB2FBC920C8.PDF
2026-08-12 19:33:56,948 [INFO] scraper.rbi: DOWNLOADED md_13588 bytes=43400 -> /Users/karan/Downloads/carbon-tracker 3/Capstone_project/data/raw/master_directions/md_13588.pdf
2026-08-12 19:33:58,451 [INFO] scraper.rbi: GET attempt=1 url=https://rbidocs.rbi.org.in/rdocs/notification/PDFs/464MD4F5E2EE83BB848DFB6B3475F8B91F45B.PDF
2026-08-12 19:33:58,521 [INFO] scraper.rbi: DOWNLOADED md_13589 bytes=47648 -> /Users/karan/Downloads/carbon-tracker 3/Capstone_project/data/raw/master_directions/md_13589.pdf
2026-08-12 19:34:00,022 [INFO] scraper.rbi: GET attempt=1 url=https://rbidocs.rbi.org.in/rdocs/notification/PDFs/463MDC5167A28A3B24A2B856804E201261635.PDF
2026-08-12 19:34:00,061 [INFO] scraper.rbi: DOWNLOADED md_13590 bytes=45984 -> /Users/karan/Downloads/carbon-tracker 3/Capstone_project/data/raw/master_directions/md_13590.pdf
2026-08-12 19:34:01,568 [INFO] scraper.rbi: GET attempt=1 url=https://rbidocs.rbi.org.in/rdocs/notification/PDFs/462MD7323FF342D124FAF9BC3B3F7E4F837A5.PDF
2026-08-12 19:34:01,619 [INFO] scraper.rbi: DOWNLOADED md_13591 bytes=48444 -> /Users/karan/Downloads/carbon-tracker 3/Capstone_project/data/raw/master_directions/md_13591.pdf
2026-08-12 19:34:03,124 [INFO] scraper.rbi: GET attempt=1 url=https://rbidocs.rbi.org.in/rdocs/notification/PDFs/461MD9FAF2CD7550844EE9A70C884DBE4A8A6.PDF
2026-08-12 19:34:03,196 [INFO] scraper.rbi: DOWNLOADED md_13592 bytes=47596 -> /Users/karan/Downloads/carbon-tracker 3/Capstone_project/data/raw/master_directions/md_13592.pdf
2026-08-12 19:34:04,701 [INFO] scraper.rbi: GET attempt=1 url=https://rbidocs.rbi.org.in/rdocs/notification/PDFs/460MD930686EC27D04B4AA9DF4A3481CDD465.PDF
2026-08-12 19:34:04,751 [INFO] scraper.rbi: DOWNLOADED md_13593 bytes=48732 -> /Users/karan/Downloads/carbon-tracker 3/Capstone_project/data/raw/master_directions/md_13593.pdf
2026-08-12 19:34:06,260 [INFO] scraper.rbi: GET attempt=1 url=https://rbidocs.rbi.org.in/rdocs/notification/PDFs/469MDD14C26A537384DFA85C27DFF81A91765.PDF
2026-08-12 19:34:06,329 [INFO] scraper.rbi: DOWNLOADED md_13584 bytes=47160 -> /Users/karan/Downloads/carbon-tracker 3/Capstone_project/data/raw/master_directions/md_13584.pdf
2026-08-12 19:34:07,834 [INFO] scraper.rbi: GET attempt=1 url=https://rbidocs.rbi.org.in/rdocs/notification/PDFs/471MD76C394F39ABC4C0998D865E923481A06.PDF
2026-08-12 19:34:07,894 [INFO] scraper.rbi: DOWNLOADED md_13582 bytes=49596 -> /Users/karan/Downloads/carbon-tracker 3/Capstone_project/data/raw/master_directions/md_13582.pdf
2026-08-12 19:34:09,401 [INFO] scraper.rbi: GET attempt=1 url=https://rbidocs.rbi.org.in/rdocs/notification/PDFs/470MD9D03D4E25E864955B59B7A17DA164DB9.PDF
2026-08-12 19:34:09,443 [INFO] scraper.rbi: DOWNLOADED md_13583 bytes=47856 -> /Users/karan/Downloads/carbon-tracker 3/Capstone_project/data/raw/master_directions/md_13583.pdf
2026-08-12 19:34:10,953 [INFO] scraper.rbi: GET attempt=1 url=https://rbidocs.rbi.org.in/rdocs/notification/PDFs/402MD09973277BFE449CC8E21A0C9634191F2.PDF
2026-08-12 19:34:11,023 [INFO] scraper.rbi: DOWNLOADED md_13522 bytes=48148 -> /Users/karan/Downloads/carbon-tracker 3/Capstone_project/data/raw/master_directions/md_13522.pdf
2026-08-12 19:34:12,529 [INFO] scraper.rbi: GET attempt=1 url=https://rbidocs.rbi.org.in/rdocs/notification/PDFs/403MDB87EB105BA0A40E18A89C5231E301639.PDF
2026-08-12 19:34:12,584 [INFO] scraper.rbi: DOWNLOADED md_13523 bytes=50236 -> /Users/karan/Downloads/carbon-tracker 3/Capstone_project/data/raw/master_directions/md_13523.pdf
2026-08-12 19:34:14,083 [INFO] scraper.rbi: GET attempt=1 url=https://rbidocs.rbi.org.in/rdocs/notification/PDFs/404MDE8BE807BACAC4DA09EA3561C820C7A13.PDF
2026-08-12 19:34:14,133 [INFO] scraper.rbi: DOWNLOADED md_13524 bytes=44692 -> /Users/karan/Downloads/carbon-tracker 3/Capstone_project/data/raw/master_directions/md_13524.pdf
2026-08-12 19:34:15,637 [INFO] scraper.rbi: GET attempt=1 url=https://rbidocs.rbi.org.in/rdocs/notification/PDFs/405MDD58E90A39C3D479CB0CF706F173BF58F.PDF
2026-08-12 19:34:15,691 [INFO] scraper.rbi: DOWNLOADED md_13525 bytes=48732 -> /Users/karan/Downloads/carbon-tracker 3/Capstone_project/data/raw/master_directions/md_13525.pdf
2026-08-12 19:34:17,191 [INFO] scraper.rbi: GET attempt=1 url=https://rbidocs.rbi.org.in/rdocs/notification/PDFs/128MD66C4DDCB167C4DC9A5BD913570CB3D47.PDF
2026-08-12 19:34:17,234 [INFO] scraper.rbi: DOWNLOADED md_12799 bytes=46304 -> /Users/karan/Downloads/carbon-tracker 3/Capstone_project/data/raw/master_directions/md_12799.pdf
2026-08-12 19:34:18,743 [INFO] scraper.rbi: GET attempt=1 url=https://rbidocs.rbi.org.in/rdocs/notification/PDFs/MDPSL803EE903174E4C85AFA14C335A5B0909.PDF
2026-08-12 19:34:18,789 [INFO] scraper.rbi: DOWNLOADED md_11959 bytes=45584 -> /Users/karan/Downloads/carbon-tracker 3/Capstone_project/data/raw/master_directions/md_11959.pdf
2026-08-12 19:34:20,290 [INFO] scraper.rbi: GET attempt=1 url=https://rbidocs.rbi.org.in/rdocs/notification/PDFs/56MD24072017E50D0ED63F9B4414AA756FF0FC72FB66.PDF
2026-08-12 19:34:20,411 [INFO] scraper.rbi: DOWNLOADED md_11060 bytes=45540 -> /Users/karan/Downloads/carbon-tracker 3/Capstone_project/data/raw/master_directions/md_11060.pdf
2026-08-12 19:34:21,917 [INFO] scraper.rbi: GET attempt=1 url=https://rbidocs.rbi.org.in/rdocs/notification/PDFs/55MD0A0C769D62074BCEAEC6F40FD8356870.PDF
2026-08-12 19:34:22,012 [INFO] scraper.rbi: DOWNLOADED md_11037 bytes=48072 -> /Users/karan/Downloads/carbon-tracker 3/Capstone_project/data/raw/master_directions/md_11037.pdf
2026-08-12 19:34:23,521 [INFO] scraper.rbi: GET attempt=1 url=https://rbidocs.rbi.org.in/rdocs/notification/PDFs/407MD23637C77AC6742318BC8906ED8B98BEC.PDF
2026-08-12 19:34:23,612 [INFO] scraper.rbi: DOWNLOADED md_13552 bytes=49596 -> /Users/karan/Downloads/carbon-tracker 3/Capstone_project/data/raw/master_directions/md_13552.pdf
2026-08-12 19:34:25,121 [INFO] scraper.rbi: GET attempt=1 url=https://rbidocs.rbi.org.in/rdocs/notification/PDFs/392MD270320266188FCF9FF0D4C51913E2DD577796EA4.PDF
2026-08-12 19:34:25,177 [INFO] scraper.rbi: DOWNLOADED md_13343 bytes=45852 -> /Users/karan/Downloads/carbon-tracker 3/Capstone_project/data/raw/master_directions/md_13343.pdf
2026-08-12 19:34:26,686 [INFO] scraper.rbi: GET attempt=1 url=https://rbidocs.rbi.org.in/rdocs/notification/PDFs/281MD4079EF84173847849A50F7A00FB229F5.PDF
2026-08-12 19:34:26,785 [INFO] scraper.rbi: DOWNLOADED md_13214 bytes=48148 -> /Users/karan/Downloads/carbon-tracker 3/Capstone_project/data/raw/master_directions/md_13214.pdf
2026-08-12 19:34:28,293 [INFO] scraper.rbi: GET attempt=1 url=https://rbidocs.rbi.org.in/rdocs/notification/PDFs/142MD1111202598527CBD7B6D4BFC9792D568AD07F27D.PDF
2026-08-12 19:34:28,369 [INFO] scraper.rbi: DOWNLOADED md_12920 bytes=50784 -> /Users/karan/Downloads/carbon-tracker 3/Capstone_project/data/raw/master_directions/md_12920.pdf
2026-08-12 19:34:29,875 [INFO] scraper.rbi: GET attempt=1 url=https://rbidocs.rbi.org.in/rdocs/notification/PDFs/137MDEF04E0A142F948C58A9503C136E565AF.PDF
2026-08-12 19:34:29,923 [INFO] scraper.rbi: DOWNLOADED md_12870 bytes=52740 -> /Users/karan/Downloads/carbon-tracker 3/Capstone_project/data/raw/master_directions/md_12870.pdf
2026-08-12 19:34:31,423 [INFO] scraper.rbi: GET attempt=1 url=https://rbidocs.rbi.org.in/rdocs/notification/PDFs/NT117115BA3350C4D4AEABEF8DE4C2BCDE7BB.PDF
2026-08-12 19:34:31,470 [INFO] scraper.rbi: DOWNLOADED md_12784 bytes=46128 -> /Users/karan/Downloads/carbon-tracker 3/Capstone_project/data/raw/master_directions/md_12784.pdf
2026-08-12 19:34:32,979 [INFO] scraper.rbi: GET attempt=1 url=https://rbidocs.rbi.org.in/rdocs/notification/PDFs/MD12777A587A04E134163B2F6F574B44F9F1C.PDF
2026-08-12 19:34:33,025 [INFO] scraper.rbi: DOWNLOADED md_13376 bytes=48564 -> /Users/karan/Downloads/carbon-tracker 3/Capstone_project/data/raw/master_directions/md_13376.pdf
2026-08-12 19:34:34,534 [INFO] scraper.rbi: GET attempt=1 url=https://rbidocs.rbi.org.in/rdocs/notification/PDFs/MD126B9CF2E0CABD14471955E50A54D8291F2.PDF
2026-08-12 19:34:34,581 [INFO] scraper.rbi: DOWNLOADED md_12765 bytes=40020 -> /Users/karan/Downloads/carbon-tracker 3/Capstone_project/data/raw/master_directions/md_12765.pdf
2026-08-12 19:34:36,090 [INFO] scraper.rbi: GET attempt=1 url=https://rbidocs.rbi.org.in/rdocs/notification/PDFs/117MDRBIOTCDERIVATIVES20245DEA695183554A20B155CE65F58944DD.PDF
2026-08-12 19:34:36,136 [INFO] scraper.rbi: DOWNLOADED md_12682 bytes=46352 -> /Users/karan/Downloads/carbon-tracker 3/Capstone_project/data/raw/master_directions/md_12682.pdf
2026-08-12 19:34:37,641 [INFO] scraper.rbi: GET attempt=1 url=https://rbidocs.rbi.org.in/rdocs/notification/PDFs/109MDCPNCD797F42D139D741169EB58E637B243FF6.PDF
2026-08-12 19:34:37,740 [INFO] scraper.rbi: DOWNLOADED md_12592 bytes=47452 -> /Users/karan/Downloads/carbon-tracker 3/Capstone_project/data/raw/master_directions/md_12592.pdf
2026-08-12 19:34:39,250 [INFO] scraper.rbi: GET attempt=1 url=https://rbidocs.rbi.org.in/rdocs/notification/PDFs/NOTI98FBA281220235418D645715946F7A2C8905B39411F40.PDF
2026-08-12 19:34:39,296 [INFO] scraper.rbi: DOWNLOADED md_12581 bytes=49508 -> /Users/karan/Downloads/carbon-tracker 3/Capstone_project/data/raw/master_directions/md_12581.pdf
2026-08-12 19:34:40,806 [INFO] scraper.rbi: GET attempt=1 url=https://rbidocs.rbi.org.in/rdocs/notification/PDFs/GSLDIRECTIONS0AF9CACC130344C0A261EAD47F277AF0.PDF
2026-08-12 19:34:40,877 [INFO] scraper.rbi: DOWNLOADED md_12580 bytes=49616 -> /Users/karan/Downloads/carbon-tracker 3/Capstone_project/data/raw/master_directions/md_12580.pdf
2026-08-12 19:34:42,384 [INFO] scraper.rbi: GET attempt=1 url=https://rbidocs.rbi.org.in/rdocs/notification/PDFs/94MDHEDGIN0DE447B3472143D6B3237D5F605E2ADB.PDF
2026-08-12 19:34:42,539 [INFO] scraper.rbi: DOWNLOADED md_12427 bytes=49508 -> /Users/karan/Downloads/carbon-tracker 3/Capstone_project/data/raw/master_directions/md_12427.pdf
2026-08-12 19:34:44,041 [INFO] scraper.rbi: GET attempt=1 url=https://rbidocs.rbi.org.in/rdocs/notification/PDFs/84MD8DAD7C4F379B4875AC9C2D398646B42D.PDF
2026-08-12 19:34:44,088 [INFO] scraper.rbi: DOWNLOADED md_12163 bytes=44100 -> /Users/karan/Downloads/carbon-tracker 3/Capstone_project/data/raw/master_directions/md_12163.pdf
2026-08-12 19:34:45,594 [INFO] scraper.rbi: GET attempt=1 url=https://rbidocs.rbi.org.in/rdocs/notification/PDFs/NT5080C62E3929DE4D70AABB8136B7B5F647.PDF
2026-08-12 19:34:45,639 [INFO] scraper.rbi: DOWNLOADED md_12108 bytes=47868 -> /Users/karan/Downloads/carbon-tracker 3/Capstone_project/data/raw/master_directions/md_12108.pdf
2026-08-12 19:34:47,144 [INFO] scraper.rbi: GET attempt=1 url=https://rbidocs.rbi.org.in/rdocs/notification/PDFs/78CALL95561D4E6ED4441EAE8AB0763E9B5DAE.PDF
2026-08-12 19:34:47,188 [INFO] scraper.rbi: DOWNLOADED md_12061 bytes=51104 -> /Users/karan/Downloads/carbon-tracker 3/Capstone_project/data/raw/master_directions/md_12061.pdf
2026-08-12 19:34:48,698 [INFO] scraper.rbi: GET attempt=1 url=https://rbidocs.rbi.org.in/rdocs/notification/PDFs/NT141DCB01288F6D24552A898041355981711.PDF
2026-08-12 19:34:48,745 [INFO] scraper.rbi: DOWNLOADED md_11500 bytes=45980 -> /Users/karan/Downloads/carbon-tracker 3/Capstone_project/data/raw/master_directions/md_11500.pdf
2026-08-12 19:34:50,249 [INFO] scraper.rbi: GET attempt=1 url=https://rbidocs.rbi.org.in/rdocs/notification/PDFs/32MD3991CCC227A24E61B8EFF6F7DBA065E2.PDF
2026-08-12 19:34:50,298 [INFO] scraper.rbi: DOWNLOADED md_10495 bytes=48564 -> /Users/karan/Downloads/carbon-tracker 3/Capstone_project/data/raw/master_directions/md_10495.pdf
2026-08-12 19:34:51,801 [INFO] scraper.rbi: GET attempt=1 url=https://rbidocs.rbi.org.in/rdocs/notification/PDFs/MD3191FD1C01B7704FB9B24E7073F651AB51.PDF
2026-08-12 19:34:51,854 [INFO] scraper.rbi: DOWNLOADED md_10485 bytes=45576 -> /Users/karan/Downloads/carbon-tracker 3/Capstone_project/data/raw/master_directions/md_10485.pdf
2026-08-12 19:34:53,354 [INFO] scraper.rbi: GET attempt=1 url=https://rbidocs.rbi.org.in/rdocs/notification/PDFs/135MD89B55F672F36443FA02C0C53DC207FFF.PDF
2026-08-12 19:34:53,404 [INFO] scraper.rbi: DOWNLOADED md_12839 bytes=47196 -> /Users/karan/Downloads/carbon-tracker 3/Capstone_project/data/raw/master_directions/md_12839.pdf
2026-08-12 19:34:54,913 [INFO] scraper.rbi: GET attempt=1 url=https://rbidocs.rbi.org.in/rdocs/notification/PDFs/121MDOI2507202427D16C96B42C4E0B849FFD9732752B68.PDF
2026-08-12 19:34:55,001 [INFO] scraper.rbi: DOWNLOADED md_12710 bytes=49600 -> /Users/karan/Downloads/carbon-tracker 3/Capstone_project/data/raw/master_directions/md_12710.pdf
2026-08-12 19:34:56,501 [INFO] scraper.rbi: GET attempt=1 url=https://rbidocs.rbi.org.in/rdocs/notification/PDFs/5MD2603201979CA1390E9E546869B2A9A92614DEDBF.PDF
2026-08-12 19:34:56,555 [INFO] scraper.rbi: DOWNLOADED md_11510 bytes=47452 -> /Users/karan/Downloads/carbon-tracker 3/Capstone_project/data/raw/master_directions/md_11510.pdf
2026-08-12 19:34:58,062 [INFO] scraper.rbi: GET attempt=1 url=https://rbidocs.rbi.org.in/rdocs/notification/PDFs/MD11_04012018B4D0DB4E6DA04CC4B7AF62AA03D902BE.PDF
2026-08-12 19:34:58,111 [INFO] scraper.rbi: DOWNLOADED md_11200 bytes=49388 -> /Users/karan/Downloads/carbon-tracker 3/Capstone_project/data/raw/master_directions/md_11200.pdf
2026-08-12 19:34:59,620 [INFO] scraper.rbi: GET attempt=1 url=https://rbidocs.rbi.org.in/rdocs/notification/PDFs/MD01220220176458378BB80A417592B7CE4DB57B123A.PDF
2026-08-12 19:34:59,691 [INFO] scraper.rbi: DOWNLOADED md_10868 bytes=49616 -> /Users/karan/Downloads/carbon-tracker 3/Capstone_project/data/raw/master_directions/md_10868.pdf
2026-08-12 19:35:01,199 [INFO] scraper.rbi: GET attempt=1 url=https://rbidocs.rbi.org.in/rdocs/notification/PDFs/05MD56DF4232873F466191DC23F39F1012DD.PDF
2026-08-12 19:35:01,245 [INFO] scraper.rbi: DOWNLOADED md_10738 bytes=46808 -> /Users/karan/Downloads/carbon-tracker 3/Capstone_project/data/raw/master_directions/md_10738.pdf
2026-08-12 19:35:02,751 [INFO] scraper.rbi: GET attempt=1 url=https://rbidocs.rbi.org.in/rdocs/notification/PDFs/06MDE170516F633150EBCFE438084174F7DECCDC20C.PDF
2026-08-12 19:35:02,801 [INFO] scraper.rbi: DOWNLOADED md_10404 bytes=48224 -> /Users/karan/Downloads/carbon-tracker 3/Capstone_project/data/raw/master_directions/md_10404.pdf
2026-08-12 19:35:04,301 [INFO] scraper.rbi: GET attempt=1 url=https://rbidocs.rbi.org.in/rdocs/notification/PDFs/10MD06102016E550559916C346E0BC93720658286729.PDF
2026-08-12 19:35:04,342 [INFO] scraper.rbi: DOWNLOADED md_10637 bytes=45640 -> /Users/karan/Downloads/carbon-tracker 3/Capstone_project/data/raw/master_directions/md_10637.pdf
2026-08-12 19:35:05,845 [INFO] scraper.rbi: GET attempt=1 url=https://rbidocs.rbi.org.in/rdocs/notification/PDFs/02MD787706E669D641C090B415DBE22DEE29.PDF
2026-08-12 19:35:05,893 [INFO] scraper.rbi: DOWNLOADED md_10191 bytes=49256 -> /Users/karan/Downloads/carbon-tracker 3/Capstone_project/data/raw/master_directions/md_10191.pdf
2026-08-12 19:35:07,399 [INFO] scraper.rbi: GET attempt=1 url=https://rbidocs.rbi.org.in/rdocs/notification/PDFs/03MD945692290C104C5595AEDAC89AE78788.PDF
2026-08-12 19:35:07,445 [INFO] scraper.rbi: DOWNLOADED md_10192 bytes=43340 -> /Users/karan/Downloads/carbon-tracker 3/Capstone_project/data/raw/master_directions/md_10192.pdf
2026-08-12 19:35:08,951 [INFO] scraper.rbi: GET attempt=1 url=https://rbidocs.rbi.org.in/rdocs/notification/PDFs/04MD5127742FD0914D54B5EC4ECA8076F325.PDF
2026-08-12 19:35:09,058 [INFO] scraper.rbi: DOWNLOADED md_10193 bytes=50560 -> /Users/karan/Downloads/carbon-tracker 3/Capstone_project/data/raw/master_directions/md_10193.pdf
2026-08-12 19:35:10,567 [INFO] scraper.rbi: GET attempt=1 url=https://rbidocs.rbi.org.in/rdocs/notification/PDFs/07MIP0101168C51C4CB845342D09E8A4A613B1F1C6D.PDF
2026-08-12 19:35:10,616 [INFO] scraper.rbi: DOWNLOADED md_10196 bytes=45848 -> /Users/karan/Downloads/carbon-tracker 3/Capstone_project/data/raw/master_directions/md_10196.pdf
2026-08-12 19:35:12,118 [INFO] scraper.rbi: GET attempt=1 url=https://rbidocs.rbi.org.in/rdocs/notification/PDFs/08MDROA112016989330DF1FF9494784DAC32B488E6AE4.PDF
2026-08-12 19:35:12,165 [INFO] scraper.rbi: DOWNLOADED md_10197 bytes=49572 -> /Users/karan/Downloads/carbon-tracker 3/Capstone_project/data/raw/master_directions/md_10197.pdf
2026-08-12 19:35:13,674 [INFO] scraper.rbi: GET attempt=1 url=https://rbidocs.rbi.org.in/rdocs/notification/PDFs/09MDD593B2F2D48648C8AB3D37625C9F245D.PDF
2026-08-12 19:35:13,722 [INFO] scraper.rbi: DOWNLOADED md_10198 bytes=48284 -> /Users/karan/Downloads/carbon-tracker 3/Capstone_project/data/raw/master_directions/md_10198.pdf
2026-08-12 19:35:15,224 [INFO] scraper.rbi: GET attempt=1 url=https://rbidocs.rbi.org.in/rdocs/notification/PDFs/12MDFB8AD1B34BCB4D0A8F6869DA4A53082E.PDF
2026-08-12 19:35:15,268 [INFO] scraper.rbi: DOWNLOADED md_10201 bytes=42760 -> /Users/karan/Downloads/carbon-tracker 3/Capstone_project/data/raw/master_directions/md_10201.pdf
2026-08-12 19:35:16,778 [INFO] scraper.rbi: GET attempt=1 url=https://rbidocs.rbi.org.in/rdocs/notification/PDFs/13MDRD77DCF42C4E64B6C9A83C24EF5D4E188.PDF
2026-08-12 19:35:16,826 [INFO] scraper.rbi: DOWNLOADED md_10202 bytes=46020 -> /Users/karan/Downloads/carbon-tracker 3/Capstone_project/data/raw/master_directions/md_10202.pdf
2026-08-12 19:35:18,327 [INFO] scraper.rbi: GET attempt=1 url=https://rbidocs.rbi.org.in/rdocs/notification/PDFs/14MDM1120153F2FD5CC455640E78D139304BC7C080F.PDF
2026-08-12 19:35:18,369 [INFO] scraper.rbi: DOWNLOADED md_10203 bytes=44620 -> /Users/karan/Downloads/carbon-tracker 3/Capstone_project/data/raw/master_directions/md_10203.pdf
2026-08-12 19:35:19,876 [INFO] scraper.rbi: GET attempt=1 url=https://rbidocs.rbi.org.in/rdocs/notification/PDFs/16MCDF82CC17C279247FCB66E2A39BDAD38F6.PDF
2026-08-12 19:35:19,922 [INFO] scraper.rbi: DOWNLOADED md_10205 bytes=50624 -> /Users/karan/Downloads/carbon-tracker 3/Capstone_project/data/raw/master_directions/md_10205.pdf
2026-08-12 19:35:21,431 [INFO] scraper.rbi: GET attempt=1 url=https://rbidocs.rbi.org.in/rdocs/notification/PDFs/11MDEGS1205163428383952204B77831A3A086E82FDDF.PDF
2026-08-12 19:35:21,482 [INFO] scraper.rbi: DOWNLOADED md_10395 bytes=46268 -> /Users/karan/Downloads/carbon-tracker 3/Capstone_project/data/raw/master_directions/md_10395.pdf
2026-08-12 19:35:22,985 [INFO] scraper.rbi: GET attempt=1 url=https://rbidocs.rbi.org.in/rdocs/notification/PDFs/MD03_29031928C70FB929814CFCA72C7D3ED5A0EDE4.PDF
2026-08-12 19:35:23,033 [INFO] scraper.rbi: DOWNLOADED md_11518 bytes=47440 -> /Users/karan/Downloads/carbon-tracker 3/Capstone_project/data/raw/master_directions/md_11518.pdf
2026-08-12 19:35:24,534 [INFO] scraper.rbi: GET attempt=1 url=https://rbidocs.rbi.org.in/rdocs/notification/PDFs/395MDDCEE303B29F7409B867FAAEC10242C4A.PDF
2026-08-12 19:35:24,584 [INFO] scraper.rbi: DOWNLOADED md_13362 bytes=45900 -> /Users/karan/Downloads/carbon-tracker 3/Capstone_project/data/raw/master_directions/md_13362.pdf
2026-08-12 19:35:26,093 [INFO] scraper.rbi: GET attempt=1 url=https://rbidocs.rbi.org.in/rdocs/notification/PDFs/MD39472AB49ECE87F40868FBB8F0714E1627F.PDF
2026-08-12 19:35:26,145 [INFO] scraper.rbi: DOWNLOADED md_13361 bytes=48984 -> /Users/karan/Downloads/carbon-tracker 3/Capstone_project/data/raw/master_directions/md_13361.pdf
2026-08-12 19:35:27,654 [INFO] scraper.rbi: GET attempt=1 url=https://rbidocs.rbi.org.in/rdocs/notification/PDFs/393MD748717FE591F47CA86031C181677D39B.PDF
2026-08-12 19:35:27,709 [INFO] scraper.rbi: DOWNLOADED md_13360 bytes=50648 -> /Users/karan/Downloads/carbon-tracker 3/Capstone_project/data/raw/master_directions/md_13360.pdf
2026-08-12 19:35:29,213 [INFO] scraper.rbi: GET attempt=1 url=https://rbidocs.rbi.org.in/rdocs/notification/PDFs/406MD184DBA53FAE148368AD6D3ACF0DB824E.PDF
2026-08-12 19:35:29,259 [INFO] scraper.rbi: DOWNLOADED md_13526 bytes=50580 -> /Users/karan/Downloads/carbon-tracker 3/Capstone_project/data/raw/master_directions/md_13526.pdf
2026-08-12 19:35:30,769 [INFO] scraper.rbi: GET attempt=1 url=https://rbidocs.rbi.org.in/rdocs/notification/PDFs/401MDDAB7489361B4431DB9A075997E990529.PDF
2026-08-12 19:35:30,820 [INFO] scraper.rbi: DOWNLOADED md_13502 bytes=43436 -> /Users/karan/Downloads/carbon-tracker 3/Capstone_project/data/raw/master_directions/md_13502.pdf
2026-08-12 19:35:32,329 [INFO] scraper.rbi: GET attempt=1 url=https://rbidocs.rbi.org.in/rdocs/notification/PDFs/396MDD002E435ECA145509929FC3ACBCFD0E9.PDF
2026-08-12 19:35:32,379 [INFO] scraper.rbi: DOWNLOADED md_13374 bytes=47972 -> /Users/karan/Downloads/carbon-tracker 3/Capstone_project/data/raw/master_directions/md_13374.pdf
2026-08-12 19:35:33,884 [INFO] scraper.rbi: GET attempt=1 url=https://rbidocs.rbi.org.in/rdocs/notification/PDFs/NT79258FF36ECA8F4886B3B01F55D166C2B2.PDF
2026-08-12 19:35:33,930 [INFO] scraper.rbi: DOWNLOADED md_12898 bytes=43288 -> /Users/karan/Downloads/carbon-tracker 3/Capstone_project/data/raw/master_directions/md_12898.pdf
2026-08-12 19:35:35,437 [INFO] scraper.rbi: GET attempt=1 url=https://rbidocs.rbi.org.in/rdocs/notification/PDFs/141MD7D7F25DEBF1F48449E20D685E4B014E5.PDF
2026-08-12 19:35:35,490 [INFO] scraper.rbi: DOWNLOADED md_12896 bytes=49528 -> /Users/karan/Downloads/carbon-tracker 3/Capstone_project/data/raw/master_directions/md_12896.pdf
2026-08-12 19:35:36,999 [INFO] scraper.rbi: GET attempt=1 url=https://rbidocs.rbi.org.in/rdocs/notification/PDFs/MD123C0C6F7FF70E34F3DA5623B9E72AB3181.PDF
2026-08-12 19:35:37,044 [INFO] scraper.rbi: DOWNLOADED md_12715 bytes=43436 -> /Users/karan/Downloads/carbon-tracker 3/Capstone_project/data/raw/master_directions/md_12715.pdf
2026-08-12 19:35:38,551 [INFO] scraper.rbi: GET attempt=1 url=https://rbidocs.rbi.org.in/rdocs/notification/PDFs/111MDONBBPS87BA4103916D4B21AE117F1443020ADB.PDF
2026-08-12 19:35:38,650 [INFO] scraper.rbi: DOWNLOADED md_12616 bytes=48016 -> /Users/karan/Downloads/carbon-tracker 3/Capstone_project/data/raw/master_directions/md_12616.pdf
2026-08-12 19:35:40,159 [INFO] scraper.rbi: GET attempt=1 url=https://rbidocs.rbi.org.in/rdocs/notification/PDFs/82MDPPIS2708202181CF0A6FCD1B47B88CAE8E92A228B160.PDF
2026-08-12 19:35:40,205 [INFO] scraper.rbi: DOWNLOADED md_12156 bytes=49236 -> /Users/karan/Downloads/carbon-tracker 3/Capstone_project/data/raw/master_directions/md_12156.pdf
2026-08-12 19:35:41,715 [INFO] scraper.rbi: GET attempt=1 url=https://rbidocs.rbi.org.in/rdocs/notification/PDFs/MD51170116C65788DE8A564165B74D5FECE0626A73.PDF
2026-08-12 19:35:41,759 [INFO] scraper.rbi: DOWNLOADED md_10833 bytes=42412 -> /Users/karan/Downloads/carbon-tracker 3/Capstone_project/data/raw/master_directions/md_10833.pdf
2026-08-12 19:35:59,917 [INFO] scraper.rbi: GET attempt=1 url=https://www.rbi.org.in/Scripts/BS_ViewMasDirections.aspx
2026-08-12 19:36:01,566 [INFO] scraper.rbi: Cached listing page -> /Users/karan/Downloads/carbon-tracker 3/Capstone_project/data/raw/master_directions/_listing_BS_ViewMasDirections.html
2026-08-12 19:36:01,623 [INFO] scraper.rbi: Discovered 381 Master Direction entries from listing
2026-08-12 19:36:01,626 [INFO] scraper.rbi: CACHE HIT md_11322 -> /Users/karan/Downloads/carbon-tracker 3/Capstone_project/data/raw/master_directions/md_11322.pdf
2026-08-12 19:36:01,627 [INFO] scraper.rbi: CACHE HIT md_10476 -> /Users/karan/Downloads/carbon-tracker 3/Capstone_project/data/raw/master_directions/md_10476.pdf
2026-08-12 19:36:01,627 [INFO] scraper.rbi: CACHE HIT md_13443 -> /Users/karan/Downloads/carbon-tracker 3/Capstone_project/data/raw/master_directions/md_13443.pdf
2026-08-12 19:36:01,627 [INFO] scraper.rbi: CACHE HIT md_13442 -> /Users/karan/Downloads/carbon-tracker 3/Capstone_project/data/raw/master_directions/md_13442.pdf
2026-08-12 19:36:01,628 [INFO] scraper.rbi: CACHE HIT md_13271 -> /Users/karan/Downloads/carbon-tracker 3/Capstone_project/data/raw/master_directions/md_13271.pdf
2026-08-12 19:36:01,628 [INFO] scraper.rbi: CACHE HIT md_13272 -> /Users/karan/Downloads/carbon-tracker 3/Capstone_project/data/raw/master_directions/md_13272.pdf
2026-08-12 19:36:01,629 [INFO] scraper.rbi: CACHE HIT md_13273 -> /Users/karan/Downloads/carbon-tracker 3/Capstone_project/data/raw/master_directions/md_13273.pdf
2026-08-12 19:36:01,629 [INFO] scraper.rbi: CACHE HIT md_13274 -> /Users/karan/Downloads/carbon-tracker 3/Capstone_project/data/raw/master_directions/md_13274.pdf
2026-08-12 19:36:01,629 [INFO] scraper.rbi: CACHE HIT md_13275 -> /Users/karan/Downloads/carbon-tracker 3/Capstone_project/data/raw/master_directions/md_13275.pdf
2026-08-12 19:36:01,629 [INFO] scraper.rbi: CACHE HIT md_13276 -> /Users/karan/Downloads/carbon-tracker 3/Capstone_project/data/raw/master_directions/md_13276.pdf
2026-08-12 19:36:01,630 [INFO] scraper.rbi: CACHE HIT md_12586 -> /Users/karan/Downloads/carbon-tracker 3/Capstone_project/data/raw/master_directions/md_12586.pdf
2026-08-12 19:36:01,630 [INFO] scraper.rbi: CACHE HIT md_13399 -> /Users/karan/Downloads/carbon-tracker 3/Capstone_project/data/raw/master_directions/md_13399.pdf
2026-08-12 19:36:01,630 [INFO] scraper.rbi: CACHE HIT md_13400 -> /Users/karan/Downloads/carbon-tracker 3/Capstone_project/data/raw/master_directions/md_13400.pdf
2026-08-12 19:36:01,630 [INFO] scraper.rbi: CACHE HIT md_13319 -> /Users/karan/Downloads/carbon-tracker 3/Capstone_project/data/raw/master_directions/md_13319.pdf
2026-08-12 19:36:01,631 [INFO] scraper.rbi: CACHE HIT md_13136 -> /Users/karan/Downloads/carbon-tracker 3/Capstone_project/data/raw/master_directions/md_13136.pdf
2026-08-12 19:36:01,631 [INFO] scraper.rbi: CACHE HIT md_13137 -> /Users/karan/Downloads/carbon-tracker 3/Capstone_project/data/raw/master_directions/md_13137.pdf
2026-08-12 19:36:01,631 [INFO] scraper.rbi: CACHE HIT md_13138 -> /Users/karan/Downloads/carbon-tracker 3/Capstone_project/data/raw/master_directions/md_13138.pdf
2026-08-12 19:36:01,631 [INFO] scraper.rbi: CACHE HIT md_13139 -> /Users/karan/Downloads/carbon-tracker 3/Capstone_project/data/raw/master_directions/md_13139.pdf
2026-08-12 19:36:01,632 [INFO] scraper.rbi: CACHE HIT md_13140 -> /Users/karan/Downloads/carbon-tracker 3/Capstone_project/data/raw/master_directions/md_13140.pdf
2026-08-12 19:36:01,632 [INFO] scraper.rbi: CACHE HIT md_13141 -> /Users/karan/Downloads/carbon-tracker 3/Capstone_project/data/raw/master_directions/md_13141.pdf
2026-08-12 19:36:01,632 [INFO] scraper.rbi: CACHE HIT md_13143 -> /Users/karan/Downloads/carbon-tracker 3/Capstone_project/data/raw/master_directions/md_13143.pdf
2026-08-12 19:36:01,632 [INFO] scraper.rbi: CACHE HIT md_13144 -> /Users/karan/Downloads/carbon-tracker 3/Capstone_project/data/raw/master_directions/md_13144.pdf
2026-08-12 19:36:01,633 [INFO] scraper.rbi: CACHE HIT md_13145 -> /Users/karan/Downloads/carbon-tracker 3/Capstone_project/data/raw/master_directions/md_13145.pdf
2026-08-12 19:36:01,633 [INFO] scraper.rbi: CACHE HIT md_13146 -> /Users/karan/Downloads/carbon-tracker 3/Capstone_project/data/raw/master_directions/md_13146.pdf
2026-08-12 19:36:01,633 [INFO] scraper.rbi: CACHE HIT md_13147 -> /Users/karan/Downloads/carbon-tracker 3/Capstone_project/data/raw/master_directions/md_13147.pdf
2026-08-12 19:36:01,633 [INFO] scraper.rbi: CACHE HIT md_13148 -> /Users/karan/Downloads/carbon-tracker 3/Capstone_project/data/raw/master_directions/md_13148.pdf
2026-08-12 19:36:01,634 [INFO] scraper.rbi: CACHE HIT md_13149 -> /Users/karan/Downloads/carbon-tracker 3/Capstone_project/data/raw/master_directions/md_13149.pdf
2026-08-12 19:36:01,634 [INFO] scraper.rbi: CACHE HIT md_13150 -> /Users/karan/Downloads/carbon-tracker 3/Capstone_project/data/raw/master_directions/md_13150.pdf
2026-08-12 19:36:01,634 [INFO] scraper.rbi: CACHE HIT md_13151 -> /Users/karan/Downloads/carbon-tracker 3/Capstone_project/data/raw/master_directions/md_13151.pdf
2026-08-12 19:36:01,634 [INFO] scraper.rbi: CACHE HIT md_13152 -> /Users/karan/Downloads/carbon-tracker 3/Capstone_project/data/raw/master_directions/md_13152.pdf
2026-08-12 19:36:01,635 [INFO] scraper.rbi: CACHE HIT md_13153 -> /Users/karan/Downloads/carbon-tracker 3/Capstone_project/data/raw/master_directions/md_13153.pdf
2026-08-12 19:36:01,636 [INFO] scraper.rbi: CACHE HIT md_13154 -> /Users/karan/Downloads/carbon-tracker 3/Capstone_project/data/raw/master_directions/md_13154.pdf
2026-08-12 19:36:01,636 [INFO] scraper.rbi: CACHE HIT md_13155 -> /Users/karan/Downloads/carbon-tracker 3/Capstone_project/data/raw/master_directions/md_13155.pdf
2026-08-12 19:36:01,636 [INFO] scraper.rbi: CACHE HIT md_13156 -> /Users/karan/Downloads/carbon-tracker 3/Capstone_project/data/raw/master_directions/md_13156.pdf
2026-08-12 19:36:01,637 [INFO] scraper.rbi: CACHE HIT md_13157 -> /Users/karan/Downloads/carbon-tracker 3/Capstone_project/data/raw/master_directions/md_13157.pdf
2026-08-12 19:36:01,637 [INFO] scraper.rbi: CACHE HIT md_13158 -> /Users/karan/Downloads/carbon-tracker 3/Capstone_project/data/raw/master_directions/md_13158.pdf
2026-08-12 19:36:01,637 [INFO] scraper.rbi: CACHE HIT md_13159 -> /Users/karan/Downloads/carbon-tracker 3/Capstone_project/data/raw/master_directions/md_13159.pdf
2026-08-12 19:36:01,637 [INFO] scraper.rbi: CACHE HIT md_13160 -> /Users/karan/Downloads/carbon-tracker 3/Capstone_project/data/raw/master_directions/md_13160.pdf
2026-08-12 19:36:01,638 [INFO] scraper.rbi: CACHE HIT md_13161 -> /Users/karan/Downloads/carbon-tracker 3/Capstone_project/data/raw/master_directions/md_13161.pdf
2026-08-12 19:36:01,638 [INFO] scraper.rbi: CACHE HIT md_13162 -> /Users/karan/Downloads/carbon-tracker 3/Capstone_project/data/raw/master_directions/md_13162.pdf
2026-08-12 19:36:01,638 [INFO] scraper.rbi: CACHE HIT md_13163 -> /Users/karan/Downloads/carbon-tracker 3/Capstone_project/data/raw/master_directions/md_13163.pdf
2026-08-12 19:36:01,639 [INFO] scraper.rbi: CACHE HIT md_13164 -> /Users/karan/Downloads/carbon-tracker 3/Capstone_project/data/raw/master_directions/md_13164.pdf
2026-08-12 19:36:01,639 [INFO] scraper.rbi: CACHE HIT md_13165 -> /Users/karan/Downloads/carbon-tracker 3/Capstone_project/data/raw/master_directions/md_13165.pdf
2026-08-12 19:36:01,639 [INFO] scraper.rbi: CACHE HIT md_13166 -> /Users/karan/Downloads/carbon-tracker 3/Capstone_project/data/raw/master_directions/md_13166.pdf
2026-08-12 19:36:01,639 [INFO] scraper.rbi: CACHE HIT md_13167 -> /Users/karan/Downloads/carbon-tracker 3/Capstone_project/data/raw/master_directions/md_13167.pdf
2026-08-12 19:36:01,640 [INFO] scraper.rbi: CACHE HIT md_13168 -> /Users/karan/Downloads/carbon-tracker 3/Capstone_project/data/raw/master_directions/md_13168.pdf
2026-08-12 19:36:01,640 [INFO] scraper.rbi: CACHE HIT md_13328 -> /Users/karan/Downloads/carbon-tracker 3/Capstone_project/data/raw/master_directions/md_13328.pdf
2026-08-12 19:36:01,640 [INFO] scraper.rbi: CACHE HIT md_13105 -> /Users/karan/Downloads/carbon-tracker 3/Capstone_project/data/raw/master_directions/md_13105.pdf
2026-08-12 19:36:01,640 [INFO] scraper.rbi: CACHE HIT md_13106 -> /Users/karan/Downloads/carbon-tracker 3/Capstone_project/data/raw/master_directions/md_13106.pdf
2026-08-12 19:36:01,640 [INFO] scraper.rbi: CACHE HIT md_13107 -> /Users/karan/Downloads/carbon-tracker 3/Capstone_project/data/raw/master_directions/md_13107.pdf
2026-08-12 19:36:01,641 [INFO] scraper.rbi: CACHE HIT md_13108 -> /Users/karan/Downloads/carbon-tracker 3/Capstone_project/data/raw/master_directions/md_13108.pdf
2026-08-12 19:36:01,641 [INFO] scraper.rbi: CACHE HIT md_13109 -> /Users/karan/Downloads/carbon-tracker 3/Capstone_project/data/raw/master_directions/md_13109.pdf
2026-08-12 19:36:01,641 [INFO] scraper.rbi: CACHE HIT md_13111 -> /Users/karan/Downloads/carbon-tracker 3/Capstone_project/data/raw/master_directions/md_13111.pdf
2026-08-12 19:36:01,641 [INFO] scraper.rbi: CACHE HIT md_13112 -> /Users/karan/Downloads/carbon-tracker 3/Capstone_project/data/raw/master_directions/md_13112.pdf
2026-08-12 19:36:01,642 [INFO] scraper.rbi: CACHE HIT md_13113 -> /Users/karan/Downloads/carbon-tracker 3/Capstone_project/data/raw/master_directions/md_13113.pdf
2026-08-12 19:36:01,642 [INFO] scraper.rbi: CACHE HIT md_13114 -> /Users/karan/Downloads/carbon-tracker 3/Capstone_project/data/raw/master_directions/md_13114.pdf
2026-08-12 19:36:01,642 [INFO] scraper.rbi: CACHE HIT md_13115 -> /Users/karan/Downloads/carbon-tracker 3/Capstone_project/data/raw/master_directions/md_13115.pdf
2026-08-12 19:36:01,642 [INFO] scraper.rbi: CACHE HIT md_13116 -> /Users/karan/Downloads/carbon-tracker 3/Capstone_project/data/raw/master_directions/md_13116.pdf
2026-08-12 19:36:01,643 [INFO] scraper.rbi: CACHE HIT md_13117 -> /Users/karan/Downloads/carbon-tracker 3/Capstone_project/data/raw/master_directions/md_13117.pdf
2026-08-12 19:36:01,643 [INFO] scraper.rbi: CACHE HIT md_13118 -> /Users/karan/Downloads/carbon-tracker 3/Capstone_project/data/raw/master_directions/md_13118.pdf
2026-08-12 19:36:01,643 [INFO] scraper.rbi: CACHE HIT md_13119 -> /Users/karan/Downloads/carbon-tracker 3/Capstone_project/data/raw/master_directions/md_13119.pdf
2026-08-12 19:36:01,643 [INFO] scraper.rbi: CACHE HIT md_13120 -> /Users/karan/Downloads/carbon-tracker 3/Capstone_project/data/raw/master_directions/md_13120.pdf
2026-08-12 19:36:01,644 [INFO] scraper.rbi: CACHE HIT md_13121 -> /Users/karan/Downloads/carbon-tracker 3/Capstone_project/data/raw/master_directions/md_13121.pdf
2026-08-12 19:36:01,644 [INFO] scraper.rbi: CACHE HIT md_13122 -> /Users/karan/Downloads/carbon-tracker 3/Capstone_project/data/raw/master_directions/md_13122.pdf
2026-08-12 19:36:01,644 [INFO] scraper.rbi: CACHE HIT md_13123 -> /Users/karan/Downloads/carbon-tracker 3/Capstone_project/data/raw/master_directions/md_13123.pdf
2026-08-12 19:36:01,644 [INFO] scraper.rbi: CACHE HIT md_13124 -> /Users/karan/Downloads/carbon-tracker 3/Capstone_project/data/raw/master_directions/md_13124.pdf
2026-08-12 19:36:01,644 [INFO] scraper.rbi: CACHE HIT md_13125 -> /Users/karan/Downloads/carbon-tracker 3/Capstone_project/data/raw/master_directions/md_13125.pdf
2026-08-12 19:36:01,645 [INFO] scraper.rbi: CACHE HIT md_13126 -> /Users/karan/Downloads/carbon-tracker 3/Capstone_project/data/raw/master_directions/md_13126.pdf
2026-08-12 19:36:01,645 [INFO] scraper.rbi: CACHE HIT md_13127 -> /Users/karan/Downloads/carbon-tracker 3/Capstone_project/data/raw/master_directions/md_13127.pdf
2026-08-12 19:36:01,645 [INFO] scraper.rbi: CACHE HIT md_13128 -> /Users/karan/Downloads/carbon-tracker 3/Capstone_project/data/raw/master_directions/md_13128.pdf
2026-08-12 19:36:01,645 [INFO] scraper.rbi: CACHE HIT md_13129 -> /Users/karan/Downloads/carbon-tracker 3/Capstone_project/data/raw/master_directions/md_13129.pdf
2026-08-12 19:36:01,646 [INFO] scraper.rbi: CACHE HIT md_13130 -> /Users/karan/Downloads/carbon-tracker 3/Capstone_project/data/raw/master_directions/md_13130.pdf
2026-08-12 19:36:01,646 [INFO] scraper.rbi: CACHE HIT md_13131 -> /Users/karan/Downloads/carbon-tracker 3/Capstone_project/data/raw/master_directions/md_13131.pdf
2026-08-12 19:36:01,646 [INFO] scraper.rbi: CACHE HIT md_13132 -> /Users/karan/Downloads/carbon-tracker 3/Capstone_project/data/raw/master_directions/md_13132.pdf
2026-08-12 19:36:01,646 [INFO] scraper.rbi: CACHE HIT md_13133 -> /Users/karan/Downloads/carbon-tracker 3/Capstone_project/data/raw/master_directions/md_13133.pdf
2026-08-12 19:36:01,647 [INFO] scraper.rbi: CACHE HIT md_13134 -> /Users/karan/Downloads/carbon-tracker 3/Capstone_project/data/raw/master_directions/md_13134.pdf
2026-08-12 19:36:01,647 [INFO] scraper.rbi: CACHE HIT md_13135 -> /Users/karan/Downloads/carbon-tracker 3/Capstone_project/data/raw/master_directions/md_13135.pdf
2026-08-12 19:36:01,647 [INFO] scraper.rbi: CACHE HIT md_13321 -> /Users/karan/Downloads/carbon-tracker 3/Capstone_project/data/raw/master_directions/md_13321.pdf
2026-08-12 19:36:01,647 [INFO] scraper.rbi: CACHE HIT md_13087 -> /Users/karan/Downloads/carbon-tracker 3/Capstone_project/data/raw/master_directions/md_13087.pdf
2026-08-12 19:36:01,647 [INFO] scraper.rbi: CACHE HIT md_13088 -> /Users/karan/Downloads/carbon-tracker 3/Capstone_project/data/raw/master_directions/md_13088.pdf
2026-08-12 19:36:01,648 [INFO] scraper.rbi: CACHE HIT md_13089 -> /Users/karan/Downloads/carbon-tracker 3/Capstone_project/data/raw/master_directions/md_13089.pdf
2026-08-12 19:36:01,648 [INFO] scraper.rbi: CACHE HIT md_13090 -> /Users/karan/Downloads/carbon-tracker 3/Capstone_project/data/raw/master_directions/md_13090.pdf
2026-08-12 19:36:01,648 [INFO] scraper.rbi: CACHE HIT md_13092 -> /Users/karan/Downloads/carbon-tracker 3/Capstone_project/data/raw/master_directions/md_13092.pdf
2026-08-12 19:36:01,648 [INFO] scraper.rbi: CACHE HIT md_13093 -> /Users/karan/Downloads/carbon-tracker 3/Capstone_project/data/raw/master_directions/md_13093.pdf
2026-08-12 19:36:01,649 [INFO] scraper.rbi: CACHE HIT md_13094 -> /Users/karan/Downloads/carbon-tracker 3/Capstone_project/data/raw/master_directions/md_13094.pdf
2026-08-12 19:36:01,649 [INFO] scraper.rbi: CACHE HIT md_13095 -> /Users/karan/Downloads/carbon-tracker 3/Capstone_project/data/raw/master_directions/md_13095.pdf
2026-08-12 19:36:01,649 [INFO] scraper.rbi: CACHE HIT md_13096 -> /Users/karan/Downloads/carbon-tracker 3/Capstone_project/data/raw/master_directions/md_13096.pdf
2026-08-12 19:36:01,649 [INFO] scraper.rbi: CACHE HIT md_13097 -> /Users/karan/Downloads/carbon-tracker 3/Capstone_project/data/raw/master_directions/md_13097.pdf
2026-08-12 19:36:01,649 [INFO] scraper.rbi: CACHE HIT md_13098 -> /Users/karan/Downloads/carbon-tracker 3/Capstone_project/data/raw/master_directions/md_13098.pdf
2026-08-12 19:36:01,650 [INFO] scraper.rbi: CACHE HIT md_13099 -> /Users/karan/Downloads/carbon-tracker 3/Capstone_project/data/raw/master_directions/md_13099.pdf
2026-08-12 19:36:01,650 [INFO] scraper.rbi: CACHE HIT md_13100 -> /Users/karan/Downloads/carbon-tracker 3/Capstone_project/data/raw/master_directions/md_13100.pdf
2026-08-12 19:36:01,650 [INFO] scraper.rbi: CACHE HIT md_13101 -> /Users/karan/Downloads/carbon-tracker 3/Capstone_project/data/raw/master_directions/md_13101.pdf
2026-08-12 19:36:01,650 [INFO] scraper.rbi: CACHE HIT md_13102 -> /Users/karan/Downloads/carbon-tracker 3/Capstone_project/data/raw/master_directions/md_13102.pdf
2026-08-12 19:36:01,651 [INFO] scraper.rbi: CACHE HIT md_13103 -> /Users/karan/Downloads/carbon-tracker 3/Capstone_project/data/raw/master_directions/md_13103.pdf
2026-08-12 19:36:01,651 [INFO] scraper.rbi: CACHE HIT md_13104 -> /Users/karan/Downloads/carbon-tracker 3/Capstone_project/data/raw/master_directions/md_13104.pdf
2026-08-12 19:36:01,651 [INFO] scraper.rbi: CACHE HIT md_13324 -> /Users/karan/Downloads/carbon-tracker 3/Capstone_project/data/raw/master_directions/md_13324.pdf
2026-08-12 19:36:01,651 [INFO] scraper.rbi: CACHE HIT md_13061 -> /Users/karan/Downloads/carbon-tracker 3/Capstone_project/data/raw/master_directions/md_13061.pdf
2026-08-12 19:36:01,652 [INFO] scraper.rbi: CACHE HIT md_13062 -> /Users/karan/Downloads/carbon-tracker 3/Capstone_project/data/raw/master_directions/md_13062.pdf
2026-08-12 19:36:01,652 [INFO] scraper.rbi: CACHE HIT md_13063 -> /Users/karan/Downloads/carbon-tracker 3/Capstone_project/data/raw/master_directions/md_13063.pdf
2026-08-12 19:36:01,652 [INFO] scraper.rbi: CACHE HIT md_13064 -> /Users/karan/Downloads/carbon-tracker 3/Capstone_project/data/raw/master_directions/md_13064.pdf
2026-08-12 19:36:01,652 [INFO] scraper.rbi: CACHE HIT md_13066 -> /Users/karan/Downloads/carbon-tracker 3/Capstone_project/data/raw/master_directions/md_13066.pdf
2026-08-12 19:36:01,653 [INFO] scraper.rbi: CACHE HIT md_13067 -> /Users/karan/Downloads/carbon-tracker 3/Capstone_project/data/raw/master_directions/md_13067.pdf
2026-08-12 19:36:01,653 [INFO] scraper.rbi: CACHE HIT md_13068 -> /Users/karan/Downloads/carbon-tracker 3/Capstone_project/data/raw/master_directions/md_13068.pdf
2026-08-12 19:36:01,653 [INFO] scraper.rbi: CACHE HIT md_13069 -> /Users/karan/Downloads/carbon-tracker 3/Capstone_project/data/raw/master_directions/md_13069.pdf
2026-08-12 19:36:01,653 [INFO] scraper.rbi: CACHE HIT md_13070 -> /Users/karan/Downloads/carbon-tracker 3/Capstone_project/data/raw/master_directions/md_13070.pdf
2026-08-12 19:36:01,654 [INFO] scraper.rbi: CACHE HIT md_13071 -> /Users/karan/Downloads/carbon-tracker 3/Capstone_project/data/raw/master_directions/md_13071.pdf
2026-08-12 19:36:01,654 [INFO] scraper.rbi: CACHE HIT md_13072 -> /Users/karan/Downloads/carbon-tracker 3/Capstone_project/data/raw/master_directions/md_13072.pdf
2026-08-12 19:36:01,654 [INFO] scraper.rbi: CACHE HIT md_13073 -> /Users/karan/Downloads/carbon-tracker 3/Capstone_project/data/raw/master_directions/md_13073.pdf
2026-08-12 19:36:01,654 [INFO] scraper.rbi: CACHE HIT md_13074 -> /Users/karan/Downloads/carbon-tracker 3/Capstone_project/data/raw/master_directions/md_13074.pdf
2026-08-12 19:36:01,655 [INFO] scraper.rbi: CACHE HIT md_13075 -> /Users/karan/Downloads/carbon-tracker 3/Capstone_project/data/raw/master_directions/md_13075.pdf
2026-08-12 19:36:01,655 [INFO] scraper.rbi: CACHE HIT md_13076 -> /Users/karan/Downloads/carbon-tracker 3/Capstone_project/data/raw/master_directions/md_13076.pdf
2026-08-12 19:36:01,655 [INFO] scraper.rbi: CACHE HIT md_13077 -> /Users/karan/Downloads/carbon-tracker 3/Capstone_project/data/raw/master_directions/md_13077.pdf
2026-08-12 19:36:01,655 [INFO] scraper.rbi: CACHE HIT md_13078 -> /Users/karan/Downloads/carbon-tracker 3/Capstone_project/data/raw/master_directions/md_13078.pdf
2026-08-12 19:36:01,655 [INFO] scraper.rbi: CACHE HIT md_13079 -> /Users/karan/Downloads/carbon-tracker 3/Capstone_project/data/raw/master_directions/md_13079.pdf
2026-08-12 19:36:01,656 [INFO] scraper.rbi: CACHE HIT md_13080 -> /Users/karan/Downloads/carbon-tracker 3/Capstone_project/data/raw/master_directions/md_13080.pdf
2026-08-12 19:36:01,656 [INFO] scraper.rbi: CACHE HIT md_13081 -> /Users/karan/Downloads/carbon-tracker 3/Capstone_project/data/raw/master_directions/md_13081.pdf
2026-08-12 19:36:01,656 [INFO] scraper.rbi: CACHE HIT md_13082 -> /Users/karan/Downloads/carbon-tracker 3/Capstone_project/data/raw/master_directions/md_13082.pdf
2026-08-12 19:36:01,656 [INFO] scraper.rbi: CACHE HIT md_13083 -> /Users/karan/Downloads/carbon-tracker 3/Capstone_project/data/raw/master_directions/md_13083.pdf
2026-08-12 19:36:01,656 [INFO] scraper.rbi: CACHE HIT md_13084 -> /Users/karan/Downloads/carbon-tracker 3/Capstone_project/data/raw/master_directions/md_13084.pdf
2026-08-12 19:36:01,657 [INFO] scraper.rbi: CACHE HIT md_13085 -> /Users/karan/Downloads/carbon-tracker 3/Capstone_project/data/raw/master_directions/md_13085.pdf
2026-08-12 19:36:01,657 [INFO] scraper.rbi: CACHE HIT md_13086 -> /Users/karan/Downloads/carbon-tracker 3/Capstone_project/data/raw/master_directions/md_13086.pdf
2026-08-12 19:36:01,657 [INFO] scraper.rbi: CACHE HIT md_13327 -> /Users/karan/Downloads/carbon-tracker 3/Capstone_project/data/raw/master_directions/md_13327.pdf
2026-08-12 19:36:01,657 [INFO] scraper.rbi: CACHE HIT md_13038 -> /Users/karan/Downloads/carbon-tracker 3/Capstone_project/data/raw/master_directions/md_13038.pdf
2026-08-12 19:36:01,658 [INFO] scraper.rbi: CACHE HIT md_13039 -> /Users/karan/Downloads/carbon-tracker 3/Capstone_project/data/raw/master_directions/md_13039.pdf
2026-08-12 19:36:01,658 [INFO] scraper.rbi: CACHE HIT md_13040 -> /Users/karan/Downloads/carbon-tracker 3/Capstone_project/data/raw/master_directions/md_13040.pdf
2026-08-12 19:36:01,658 [INFO] scraper.rbi: CACHE HIT md_13041 -> /Users/karan/Downloads/carbon-tracker 3/Capstone_project/data/raw/master_directions/md_13041.pdf
2026-08-12 19:36:01,658 [INFO] scraper.rbi: CACHE HIT md_13042 -> /Users/karan/Downloads/carbon-tracker 3/Capstone_project/data/raw/master_directions/md_13042.pdf
2026-08-12 19:36:01,659 [INFO] scraper.rbi: CACHE HIT md_13043 -> /Users/karan/Downloads/carbon-tracker 3/Capstone_project/data/raw/master_directions/md_13043.pdf
2026-08-12 19:36:01,659 [INFO] scraper.rbi: CACHE HIT md_13044 -> /Users/karan/Downloads/carbon-tracker 3/Capstone_project/data/raw/master_directions/md_13044.pdf
2026-08-12 19:36:01,659 [INFO] scraper.rbi: CACHE HIT md_13045 -> /Users/karan/Downloads/carbon-tracker 3/Capstone_project/data/raw/master_directions/md_13045.pdf
2026-08-12 19:36:01,659 [INFO] scraper.rbi: CACHE HIT md_13046 -> /Users/karan/Downloads/carbon-tracker 3/Capstone_project/data/raw/master_directions/md_13046.pdf
2026-08-12 19:36:01,659 [INFO] scraper.rbi: CACHE HIT md_13047 -> /Users/karan/Downloads/carbon-tracker 3/Capstone_project/data/raw/master_directions/md_13047.pdf
2026-08-12 19:36:01,660 [INFO] scraper.rbi: CACHE HIT md_13048 -> /Users/karan/Downloads/carbon-tracker 3/Capstone_project/data/raw/master_directions/md_13048.pdf
2026-08-12 19:36:01,660 [INFO] scraper.rbi: CACHE HIT md_13049 -> /Users/karan/Downloads/carbon-tracker 3/Capstone_project/data/raw/master_directions/md_13049.pdf
2026-08-12 19:36:01,660 [INFO] scraper.rbi: CACHE HIT md_13050 -> /Users/karan/Downloads/carbon-tracker 3/Capstone_project/data/raw/master_directions/md_13050.pdf
2026-08-12 19:36:01,660 [INFO] scraper.rbi: CACHE HIT md_13051 -> /Users/karan/Downloads/carbon-tracker 3/Capstone_project/data/raw/master_directions/md_13051.pdf
2026-08-12 19:36:01,661 [INFO] scraper.rbi: CACHE HIT md_13052 -> /Users/karan/Downloads/carbon-tracker 3/Capstone_project/data/raw/master_directions/md_13052.pdf
2026-08-12 19:36:01,661 [INFO] scraper.rbi: CACHE HIT md_13053 -> /Users/karan/Downloads/carbon-tracker 3/Capstone_project/data/raw/master_directions/md_13053.pdf
2026-08-12 19:36:01,661 [INFO] scraper.rbi: CACHE HIT md_13054 -> /Users/karan/Downloads/carbon-tracker 3/Capstone_project/data/raw/master_directions/md_13054.pdf
2026-08-12 19:36:01,662 [INFO] scraper.rbi: CACHE HIT md_13055 -> /Users/karan/Downloads/carbon-tracker 3/Capstone_project/data/raw/master_directions/md_13055.pdf
2026-08-12 19:36:01,662 [INFO] scraper.rbi: CACHE HIT md_13056 -> /Users/karan/Downloads/carbon-tracker 3/Capstone_project/data/raw/master_directions/md_13056.pdf
2026-08-12 19:36:01,662 [INFO] scraper.rbi: CACHE HIT md_13057 -> /Users/karan/Downloads/carbon-tracker 3/Capstone_project/data/raw/master_directions/md_13057.pdf
2026-08-12 19:36:01,662 [INFO] scraper.rbi: CACHE HIT md_13058 -> /Users/karan/Downloads/carbon-tracker 3/Capstone_project/data/raw/master_directions/md_13058.pdf
2026-08-12 19:36:01,663 [INFO] scraper.rbi: CACHE HIT md_13059 -> /Users/karan/Downloads/carbon-tracker 3/Capstone_project/data/raw/master_directions/md_13059.pdf
2026-08-12 19:36:01,663 [INFO] scraper.rbi: CACHE HIT md_13060 -> /Users/karan/Downloads/carbon-tracker 3/Capstone_project/data/raw/master_directions/md_13060.pdf
2026-08-12 19:36:01,663 [INFO] scraper.rbi: CACHE HIT md_13203 -> /Users/karan/Downloads/carbon-tracker 3/Capstone_project/data/raw/master_directions/md_13203.pdf
2026-08-12 19:36:01,663 [INFO] scraper.rbi: CACHE HIT md_13204 -> /Users/karan/Downloads/carbon-tracker 3/Capstone_project/data/raw/master_directions/md_13204.pdf
2026-08-12 19:36:01,664 [INFO] scraper.rbi: CACHE HIT md_13011 -> /Users/karan/Downloads/carbon-tracker 3/Capstone_project/data/raw/master_directions/md_13011.pdf
2026-08-12 19:36:01,664 [INFO] scraper.rbi: CACHE HIT md_13012 -> /Users/karan/Downloads/carbon-tracker 3/Capstone_project/data/raw/master_directions/md_13012.pdf
2026-08-12 19:36:01,664 [INFO] scraper.rbi: CACHE HIT md_13013 -> /Users/karan/Downloads/carbon-tracker 3/Capstone_project/data/raw/master_directions/md_13013.pdf
2026-08-12 19:36:01,664 [INFO] scraper.rbi: CACHE HIT md_13014 -> /Users/karan/Downloads/carbon-tracker 3/Capstone_project/data/raw/master_directions/md_13014.pdf
2026-08-12 19:36:01,665 [INFO] scraper.rbi: CACHE HIT md_13015 -> /Users/karan/Downloads/carbon-tracker 3/Capstone_project/data/raw/master_directions/md_13015.pdf
2026-08-12 19:36:01,665 [INFO] scraper.rbi: CACHE HIT md_13016 -> /Users/karan/Downloads/carbon-tracker 3/Capstone_project/data/raw/master_directions/md_13016.pdf
2026-08-12 19:36:01,665 [INFO] scraper.rbi: CACHE HIT md_13017 -> /Users/karan/Downloads/carbon-tracker 3/Capstone_project/data/raw/master_directions/md_13017.pdf
2026-08-12 19:36:01,665 [INFO] scraper.rbi: CACHE HIT md_13018 -> /Users/karan/Downloads/carbon-tracker 3/Capstone_project/data/raw/master_directions/md_13018.pdf
2026-08-12 19:36:01,665 [INFO] scraper.rbi: CACHE HIT md_13019 -> /Users/karan/Downloads/carbon-tracker 3/Capstone_project/data/raw/master_directions/md_13019.pdf
2026-08-12 19:36:01,666 [INFO] scraper.rbi: CACHE HIT md_13020 -> /Users/karan/Downloads/carbon-tracker 3/Capstone_project/data/raw/master_directions/md_13020.pdf
2026-08-12 19:36:01,666 [INFO] scraper.rbi: CACHE HIT md_13021 -> /Users/karan/Downloads/carbon-tracker 3/Capstone_project/data/raw/master_directions/md_13021.pdf
2026-08-12 19:36:01,666 [INFO] scraper.rbi: CACHE HIT md_13022 -> /Users/karan/Downloads/carbon-tracker 3/Capstone_project/data/raw/master_directions/md_13022.pdf
2026-08-12 19:36:01,666 [INFO] scraper.rbi: CACHE HIT md_13023 -> /Users/karan/Downloads/carbon-tracker 3/Capstone_project/data/raw/master_directions/md_13023.pdf
2026-08-12 19:36:01,667 [INFO] scraper.rbi: CACHE HIT md_13024 -> /Users/karan/Downloads/carbon-tracker 3/Capstone_project/data/raw/master_directions/md_13024.pdf
2026-08-12 19:36:01,667 [INFO] scraper.rbi: CACHE HIT md_13025 -> /Users/karan/Downloads/carbon-tracker 3/Capstone_project/data/raw/master_directions/md_13025.pdf
2026-08-12 19:36:01,667 [INFO] scraper.rbi: CACHE HIT md_13026 -> /Users/karan/Downloads/carbon-tracker 3/Capstone_project/data/raw/master_directions/md_13026.pdf
2026-08-12 19:36:01,667 [INFO] scraper.rbi: CACHE HIT md_13027 -> /Users/karan/Downloads/carbon-tracker 3/Capstone_project/data/raw/master_directions/md_13027.pdf
2026-08-12 19:36:01,668 [INFO] scraper.rbi: CACHE HIT md_13028 -> /Users/karan/Downloads/carbon-tracker 3/Capstone_project/data/raw/master_directions/md_13028.pdf
2026-08-12 19:36:01,668 [INFO] scraper.rbi: CACHE HIT md_13029 -> /Users/karan/Downloads/carbon-tracker 3/Capstone_project/data/raw/master_directions/md_13029.pdf
2026-08-12 19:36:01,668 [INFO] scraper.rbi: CACHE HIT md_13030 -> /Users/karan/Downloads/carbon-tracker 3/Capstone_project/data/raw/master_directions/md_13030.pdf
2026-08-12 19:36:01,668 [INFO] scraper.rbi: CACHE HIT md_13031 -> /Users/karan/Downloads/carbon-tracker 3/Capstone_project/data/raw/master_directions/md_13031.pdf
2026-08-12 19:36:01,669 [INFO] scraper.rbi: CACHE HIT md_13032 -> /Users/karan/Downloads/carbon-tracker 3/Capstone_project/data/raw/master_directions/md_13032.pdf
2026-08-12 19:36:01,669 [INFO] scraper.rbi: CACHE HIT md_13033 -> /Users/karan/Downloads/carbon-tracker 3/Capstone_project/data/raw/master_directions/md_13033.pdf
2026-08-12 19:36:01,669 [INFO] scraper.rbi: CACHE HIT md_13034 -> /Users/karan/Downloads/carbon-tracker 3/Capstone_project/data/raw/master_directions/md_13034.pdf
2026-08-12 19:36:01,669 [INFO] scraper.rbi: CACHE HIT md_13036 -> /Users/karan/Downloads/carbon-tracker 3/Capstone_project/data/raw/master_directions/md_13036.pdf
2026-08-12 19:36:01,670 [INFO] scraper.rbi: CACHE HIT md_12986 -> /Users/karan/Downloads/carbon-tracker 3/Capstone_project/data/raw/master_directions/md_12986.pdf
2026-08-12 19:36:01,670 [INFO] scraper.rbi: CACHE HIT md_12987 -> /Users/karan/Downloads/carbon-tracker 3/Capstone_project/data/raw/master_directions/md_12987.pdf
2026-08-12 19:36:01,670 [INFO] scraper.rbi: CACHE HIT md_12988 -> /Users/karan/Downloads/carbon-tracker 3/Capstone_project/data/raw/master_directions/md_12988.pdf
2026-08-12 19:36:01,670 [INFO] scraper.rbi: CACHE HIT md_12989 -> /Users/karan/Downloads/carbon-tracker 3/Capstone_project/data/raw/master_directions/md_12989.pdf
2026-08-12 19:36:01,671 [INFO] scraper.rbi: CACHE HIT md_12990 -> /Users/karan/Downloads/carbon-tracker 3/Capstone_project/data/raw/master_directions/md_12990.pdf
2026-08-12 19:36:01,671 [INFO] scraper.rbi: CACHE HIT md_12991 -> /Users/karan/Downloads/carbon-tracker 3/Capstone_project/data/raw/master_directions/md_12991.pdf
2026-08-12 19:36:01,671 [INFO] scraper.rbi: CACHE HIT md_12992 -> /Users/karan/Downloads/carbon-tracker 3/Capstone_project/data/raw/master_directions/md_12992.pdf
2026-08-12 19:36:01,671 [INFO] scraper.rbi: CACHE HIT md_12993 -> /Users/karan/Downloads/carbon-tracker 3/Capstone_project/data/raw/master_directions/md_12993.pdf
2026-08-12 19:36:01,671 [INFO] scraper.rbi: CACHE HIT md_12994 -> /Users/karan/Downloads/carbon-tracker 3/Capstone_project/data/raw/master_directions/md_12994.pdf
2026-08-12 19:36:01,672 [INFO] scraper.rbi: CACHE HIT md_12995 -> /Users/karan/Downloads/carbon-tracker 3/Capstone_project/data/raw/master_directions/md_12995.pdf
2026-08-12 19:36:01,672 [INFO] scraper.rbi: CACHE HIT md_12996 -> /Users/karan/Downloads/carbon-tracker 3/Capstone_project/data/raw/master_directions/md_12996.pdf
2026-08-12 19:36:01,672 [INFO] scraper.rbi: CACHE HIT md_12997 -> /Users/karan/Downloads/carbon-tracker 3/Capstone_project/data/raw/master_directions/md_12997.pdf
2026-08-12 19:36:01,672 [INFO] scraper.rbi: CACHE HIT md_12998 -> /Users/karan/Downloads/carbon-tracker 3/Capstone_project/data/raw/master_directions/md_12998.pdf
2026-08-12 19:36:01,673 [INFO] scraper.rbi: CACHE HIT md_12999 -> /Users/karan/Downloads/carbon-tracker 3/Capstone_project/data/raw/master_directions/md_12999.pdf
2026-08-12 19:36:01,673 [INFO] scraper.rbi: CACHE HIT md_13000 -> /Users/karan/Downloads/carbon-tracker 3/Capstone_project/data/raw/master_directions/md_13000.pdf
2026-08-12 19:36:01,673 [INFO] scraper.rbi: CACHE HIT md_13001 -> /Users/karan/Downloads/carbon-tracker 3/Capstone_project/data/raw/master_directions/md_13001.pdf
2026-08-12 19:36:01,673 [INFO] scraper.rbi: CACHE HIT md_13002 -> /Users/karan/Downloads/carbon-tracker 3/Capstone_project/data/raw/master_directions/md_13002.pdf
2026-08-12 19:36:01,673 [INFO] scraper.rbi: CACHE HIT md_13003 -> /Users/karan/Downloads/carbon-tracker 3/Capstone_project/data/raw/master_directions/md_13003.pdf
2026-08-12 19:36:01,674 [INFO] scraper.rbi: CACHE HIT md_13004 -> /Users/karan/Downloads/carbon-tracker 3/Capstone_project/data/raw/master_directions/md_13004.pdf
2026-08-12 19:36:01,674 [INFO] scraper.rbi: CACHE HIT md_13005 -> /Users/karan/Downloads/carbon-tracker 3/Capstone_project/data/raw/master_directions/md_13005.pdf
2026-08-12 19:36:01,674 [INFO] scraper.rbi: CACHE HIT md_13006 -> /Users/karan/Downloads/carbon-tracker 3/Capstone_project/data/raw/master_directions/md_13006.pdf
2026-08-12 19:36:01,674 [INFO] scraper.rbi: CACHE HIT md_13007 -> /Users/karan/Downloads/carbon-tracker 3/Capstone_project/data/raw/master_directions/md_13007.pdf
2026-08-12 19:36:01,675 [INFO] scraper.rbi: CACHE HIT md_13008 -> /Users/karan/Downloads/carbon-tracker 3/Capstone_project/data/raw/master_directions/md_13008.pdf
2026-08-12 19:36:01,675 [INFO] scraper.rbi: CACHE HIT md_13010 -> /Users/karan/Downloads/carbon-tracker 3/Capstone_project/data/raw/master_directions/md_13010.pdf
2026-08-12 19:36:01,675 [INFO] scraper.rbi: CACHE HIT md_13205 -> /Users/karan/Downloads/carbon-tracker 3/Capstone_project/data/raw/master_directions/md_13205.pdf
2026-08-12 19:36:01,675 [INFO] scraper.rbi: CACHE HIT md_13202 -> /Users/karan/Downloads/carbon-tracker 3/Capstone_project/data/raw/master_directions/md_13202.pdf
2026-08-12 19:36:01,676 [INFO] scraper.rbi: CACHE HIT md_12966 -> /Users/karan/Downloads/carbon-tracker 3/Capstone_project/data/raw/master_directions/md_12966.pdf
2026-08-12 19:36:01,676 [INFO] scraper.rbi: CACHE HIT md_12967 -> /Users/karan/Downloads/carbon-tracker 3/Capstone_project/data/raw/master_directions/md_12967.pdf
2026-08-12 19:36:01,676 [INFO] scraper.rbi: CACHE HIT md_12968 -> /Users/karan/Downloads/carbon-tracker 3/Capstone_project/data/raw/master_directions/md_12968.pdf
2026-08-12 19:36:01,676 [INFO] scraper.rbi: CACHE HIT md_12969 -> /Users/karan/Downloads/carbon-tracker 3/Capstone_project/data/raw/master_directions/md_12969.pdf
2026-08-12 19:36:01,676 [INFO] scraper.rbi: CACHE HIT md_12970 -> /Users/karan/Downloads/carbon-tracker 3/Capstone_project/data/raw/master_directions/md_12970.pdf
2026-08-12 19:36:01,677 [INFO] scraper.rbi: CACHE HIT md_12971 -> /Users/karan/Downloads/carbon-tracker 3/Capstone_project/data/raw/master_directions/md_12971.pdf
2026-08-12 19:36:01,677 [INFO] scraper.rbi: CACHE HIT md_12972 -> /Users/karan/Downloads/carbon-tracker 3/Capstone_project/data/raw/master_directions/md_12972.pdf
2026-08-12 19:36:01,677 [INFO] scraper.rbi: CACHE HIT md_12973 -> /Users/karan/Downloads/carbon-tracker 3/Capstone_project/data/raw/master_directions/md_12973.pdf
2026-08-12 19:36:01,677 [INFO] scraper.rbi: CACHE HIT md_12974 -> /Users/karan/Downloads/carbon-tracker 3/Capstone_project/data/raw/master_directions/md_12974.pdf
2026-08-12 19:36:01,678 [INFO] scraper.rbi: CACHE HIT md_12975 -> /Users/karan/Downloads/carbon-tracker 3/Capstone_project/data/raw/master_directions/md_12975.pdf
2026-08-12 19:36:01,678 [INFO] scraper.rbi: CACHE HIT md_12976 -> /Users/karan/Downloads/carbon-tracker 3/Capstone_project/data/raw/master_directions/md_12976.pdf
2026-08-12 19:36:01,678 [INFO] scraper.rbi: CACHE HIT md_12977 -> /Users/karan/Downloads/carbon-tracker 3/Capstone_project/data/raw/master_directions/md_12977.pdf
2026-08-12 19:36:01,679 [INFO] scraper.rbi: CACHE HIT md_12978 -> /Users/karan/Downloads/carbon-tracker 3/Capstone_project/data/raw/master_directions/md_12978.pdf
2026-08-12 19:36:01,679 [INFO] scraper.rbi: CACHE HIT md_12979 -> /Users/karan/Downloads/carbon-tracker 3/Capstone_project/data/raw/master_directions/md_12979.pdf
2026-08-12 19:36:01,679 [INFO] scraper.rbi: CACHE HIT md_12980 -> /Users/karan/Downloads/carbon-tracker 3/Capstone_project/data/raw/master_directions/md_12980.pdf
2026-08-12 19:36:01,679 [INFO] scraper.rbi: CACHE HIT md_12981 -> /Users/karan/Downloads/carbon-tracker 3/Capstone_project/data/raw/master_directions/md_12981.pdf
2026-08-12 19:36:01,679 [INFO] scraper.rbi: CACHE HIT md_12982 -> /Users/karan/Downloads/carbon-tracker 3/Capstone_project/data/raw/master_directions/md_12982.pdf
2026-08-12 19:36:01,680 [INFO] scraper.rbi: CACHE HIT md_12983 -> /Users/karan/Downloads/carbon-tracker 3/Capstone_project/data/raw/master_directions/md_12983.pdf
2026-08-12 19:36:01,680 [INFO] scraper.rbi: CACHE HIT md_12984 -> /Users/karan/Downloads/carbon-tracker 3/Capstone_project/data/raw/master_directions/md_12984.pdf
2026-08-12 19:36:01,680 [INFO] scraper.rbi: CACHE HIT md_12931 -> /Users/karan/Downloads/carbon-tracker 3/Capstone_project/data/raw/master_directions/md_12931.pdf
2026-08-12 19:36:01,680 [INFO] scraper.rbi: CACHE HIT md_12932 -> /Users/karan/Downloads/carbon-tracker 3/Capstone_project/data/raw/master_directions/md_12932.pdf
2026-08-12 19:36:01,681 [INFO] scraper.rbi: CACHE HIT md_12933 -> /Users/karan/Downloads/carbon-tracker 3/Capstone_project/data/raw/master_directions/md_12933.pdf
2026-08-12 19:36:01,681 [INFO] scraper.rbi: CACHE HIT md_12934 -> /Users/karan/Downloads/carbon-tracker 3/Capstone_project/data/raw/master_directions/md_12934.pdf
2026-08-12 19:36:01,681 [INFO] scraper.rbi: CACHE HIT md_12935 -> /Users/karan/Downloads/carbon-tracker 3/Capstone_project/data/raw/master_directions/md_12935.pdf
2026-08-12 19:36:01,681 [INFO] scraper.rbi: CACHE HIT md_12936 -> /Users/karan/Downloads/carbon-tracker 3/Capstone_project/data/raw/master_directions/md_12936.pdf
2026-08-12 19:36:01,681 [INFO] scraper.rbi: CACHE HIT md_12937 -> /Users/karan/Downloads/carbon-tracker 3/Capstone_project/data/raw/master_directions/md_12937.pdf
2026-08-12 19:36:01,682 [INFO] scraper.rbi: CACHE HIT md_12938 -> /Users/karan/Downloads/carbon-tracker 3/Capstone_project/data/raw/master_directions/md_12938.pdf
2026-08-12 19:36:01,682 [INFO] scraper.rbi: CACHE HIT md_12939 -> /Users/karan/Downloads/carbon-tracker 3/Capstone_project/data/raw/master_directions/md_12939.pdf
2026-08-12 19:36:01,682 [INFO] scraper.rbi: CACHE HIT md_12940 -> /Users/karan/Downloads/carbon-tracker 3/Capstone_project/data/raw/master_directions/md_12940.pdf
2026-08-12 19:36:01,682 [INFO] scraper.rbi: CACHE HIT md_12941 -> /Users/karan/Downloads/carbon-tracker 3/Capstone_project/data/raw/master_directions/md_12941.pdf
2026-08-12 19:36:01,682 [INFO] scraper.rbi: CACHE HIT md_12942 -> /Users/karan/Downloads/carbon-tracker 3/Capstone_project/data/raw/master_directions/md_12942.pdf
2026-08-12 19:36:01,683 [INFO] scraper.rbi: CACHE HIT md_12943 -> /Users/karan/Downloads/carbon-tracker 3/Capstone_project/data/raw/master_directions/md_12943.pdf
2026-08-12 19:36:01,683 [INFO] scraper.rbi: CACHE HIT md_12944 -> /Users/karan/Downloads/carbon-tracker 3/Capstone_project/data/raw/master_directions/md_12944.pdf
2026-08-12 19:36:01,683 [INFO] scraper.rbi: CACHE HIT md_12945 -> /Users/karan/Downloads/carbon-tracker 3/Capstone_project/data/raw/master_directions/md_12945.pdf
2026-08-12 19:36:01,683 [INFO] scraper.rbi: CACHE HIT md_12946 -> /Users/karan/Downloads/carbon-tracker 3/Capstone_project/data/raw/master_directions/md_12946.pdf
2026-08-12 19:36:01,684 [INFO] scraper.rbi: CACHE HIT md_12947 -> /Users/karan/Downloads/carbon-tracker 3/Capstone_project/data/raw/master_directions/md_12947.pdf
2026-08-12 19:36:01,684 [INFO] scraper.rbi: CACHE HIT md_12948 -> /Users/karan/Downloads/carbon-tracker 3/Capstone_project/data/raw/master_directions/md_12948.pdf
2026-08-12 19:36:01,684 [INFO] scraper.rbi: CACHE HIT md_12949 -> /Users/karan/Downloads/carbon-tracker 3/Capstone_project/data/raw/master_directions/md_12949.pdf
2026-08-12 19:36:01,684 [INFO] scraper.rbi: CACHE HIT md_12950 -> /Users/karan/Downloads/carbon-tracker 3/Capstone_project/data/raw/master_directions/md_12950.pdf
2026-08-12 19:36:01,685 [INFO] scraper.rbi: CACHE HIT md_12951 -> /Users/karan/Downloads/carbon-tracker 3/Capstone_project/data/raw/master_directions/md_12951.pdf
2026-08-12 19:36:01,685 [INFO] scraper.rbi: CACHE HIT md_12952 -> /Users/karan/Downloads/carbon-tracker 3/Capstone_project/data/raw/master_directions/md_12952.pdf
2026-08-12 19:36:01,685 [INFO] scraper.rbi: CACHE HIT md_12953 -> /Users/karan/Downloads/carbon-tracker 3/Capstone_project/data/raw/master_directions/md_12953.pdf
2026-08-12 19:36:01,685 [INFO] scraper.rbi: CACHE HIT md_12954 -> /Users/karan/Downloads/carbon-tracker 3/Capstone_project/data/raw/master_directions/md_12954.pdf
2026-08-12 19:36:01,686 [INFO] scraper.rbi: CACHE HIT md_12955 -> /Users/karan/Downloads/carbon-tracker 3/Capstone_project/data/raw/master_directions/md_12955.pdf
2026-08-12 19:36:01,686 [INFO] scraper.rbi: CACHE HIT md_12956 -> /Users/karan/Downloads/carbon-tracker 3/Capstone_project/data/raw/master_directions/md_12956.pdf
2026-08-12 19:36:01,686 [INFO] scraper.rbi: CACHE HIT md_12957 -> /Users/karan/Downloads/carbon-tracker 3/Capstone_project/data/raw/master_directions/md_12957.pdf
2026-08-12 19:36:01,686 [INFO] scraper.rbi: CACHE HIT md_12958 -> /Users/karan/Downloads/carbon-tracker 3/Capstone_project/data/raw/master_directions/md_12958.pdf
2026-08-12 19:36:01,687 [INFO] scraper.rbi: CACHE HIT md_12959 -> /Users/karan/Downloads/carbon-tracker 3/Capstone_project/data/raw/master_directions/md_12959.pdf
2026-08-12 19:36:01,687 [INFO] scraper.rbi: CACHE HIT md_12960 -> /Users/karan/Downloads/carbon-tracker 3/Capstone_project/data/raw/master_directions/md_12960.pdf
2026-08-12 19:36:01,687 [INFO] scraper.rbi: CACHE HIT md_12961 -> /Users/karan/Downloads/carbon-tracker 3/Capstone_project/data/raw/master_directions/md_12961.pdf
2026-08-12 19:36:01,687 [INFO] scraper.rbi: CACHE HIT md_12962 -> /Users/karan/Downloads/carbon-tracker 3/Capstone_project/data/raw/master_directions/md_12962.pdf
2026-08-12 19:36:01,688 [INFO] scraper.rbi: CACHE HIT md_12963 -> /Users/karan/Downloads/carbon-tracker 3/Capstone_project/data/raw/master_directions/md_12963.pdf
2026-08-12 19:36:01,688 [INFO] scraper.rbi: CACHE HIT md_12964 -> /Users/karan/Downloads/carbon-tracker 3/Capstone_project/data/raw/master_directions/md_12964.pdf
2026-08-12 19:36:01,688 [INFO] scraper.rbi: CACHE HIT md_12965 -> /Users/karan/Downloads/carbon-tracker 3/Capstone_project/data/raw/master_directions/md_12965.pdf
2026-08-12 19:36:01,688 [INFO] scraper.rbi: CACHE HIT md_12927 -> /Users/karan/Downloads/carbon-tracker 3/Capstone_project/data/raw/master_directions/md_12927.pdf
2026-08-12 19:36:01,688 [INFO] scraper.rbi: CACHE HIT md_12928 -> /Users/karan/Downloads/carbon-tracker 3/Capstone_project/data/raw/master_directions/md_12928.pdf
2026-08-12 19:36:01,689 [INFO] scraper.rbi: CACHE HIT md_12929 -> /Users/karan/Downloads/carbon-tracker 3/Capstone_project/data/raw/master_directions/md_12929.pdf
2026-08-12 19:36:01,689 [INFO] scraper.rbi: CACHE HIT md_12930 -> /Users/karan/Downloads/carbon-tracker 3/Capstone_project/data/raw/master_directions/md_12930.pdf
2026-08-12 19:36:01,689 [INFO] scraper.rbi: CACHE HIT md_12925 -> /Users/karan/Downloads/carbon-tracker 3/Capstone_project/data/raw/master_directions/md_12925.pdf
2026-08-12 19:36:01,689 [INFO] scraper.rbi: CACHE HIT md_12926 -> /Users/karan/Downloads/carbon-tracker 3/Capstone_project/data/raw/master_directions/md_12926.pdf
2026-08-12 19:36:01,690 [INFO] scraper.rbi: CACHE HIT md_13637 -> /Users/karan/Downloads/carbon-tracker 3/Capstone_project/data/raw/master_directions/md_13637.pdf
2026-08-12 19:36:01,690 [INFO] scraper.rbi: CACHE HIT md_13638 -> /Users/karan/Downloads/carbon-tracker 3/Capstone_project/data/raw/master_directions/md_13638.pdf
2026-08-12 19:36:01,690 [INFO] scraper.rbi: CACHE HIT md_13639 -> /Users/karan/Downloads/carbon-tracker 3/Capstone_project/data/raw/master_directions/md_13639.pdf
2026-08-12 19:36:01,690 [INFO] scraper.rbi: CACHE HIT md_13640 -> /Users/karan/Downloads/carbon-tracker 3/Capstone_project/data/raw/master_directions/md_13640.pdf
2026-08-12 19:36:01,690 [INFO] scraper.rbi: CACHE HIT md_13641 -> /Users/karan/Downloads/carbon-tracker 3/Capstone_project/data/raw/master_directions/md_13641.pdf
2026-08-12 19:36:01,691 [INFO] scraper.rbi: CACHE HIT md_13642 -> /Users/karan/Downloads/carbon-tracker 3/Capstone_project/data/raw/master_directions/md_13642.pdf
2026-08-12 19:36:01,691 [INFO] scraper.rbi: CACHE HIT md_13643 -> /Users/karan/Downloads/carbon-tracker 3/Capstone_project/data/raw/master_directions/md_13643.pdf
2026-08-12 19:36:01,691 [INFO] scraper.rbi: CACHE HIT md_13644 -> /Users/karan/Downloads/carbon-tracker 3/Capstone_project/data/raw/master_directions/md_13644.pdf
2026-08-12 19:36:01,691 [INFO] scraper.rbi: CACHE HIT md_13645 -> /Users/karan/Downloads/carbon-tracker 3/Capstone_project/data/raw/master_directions/md_13645.pdf
2026-08-12 19:36:01,692 [INFO] scraper.rbi: CACHE HIT md_13628 -> /Users/karan/Downloads/carbon-tracker 3/Capstone_project/data/raw/master_directions/md_13628.pdf
2026-08-12 19:36:01,692 [INFO] scraper.rbi: CACHE HIT md_13629 -> /Users/karan/Downloads/carbon-tracker 3/Capstone_project/data/raw/master_directions/md_13629.pdf
2026-08-12 19:36:01,692 [INFO] scraper.rbi: CACHE HIT md_13630 -> /Users/karan/Downloads/carbon-tracker 3/Capstone_project/data/raw/master_directions/md_13630.pdf
2026-08-12 19:36:01,692 [INFO] scraper.rbi: CACHE HIT md_13631 -> /Users/karan/Downloads/carbon-tracker 3/Capstone_project/data/raw/master_directions/md_13631.pdf
2026-08-12 19:36:01,693 [INFO] scraper.rbi: CACHE HIT md_13632 -> /Users/karan/Downloads/carbon-tracker 3/Capstone_project/data/raw/master_directions/md_13632.pdf
2026-08-12 19:36:01,693 [INFO] scraper.rbi: CACHE HIT md_13633 -> /Users/karan/Downloads/carbon-tracker 3/Capstone_project/data/raw/master_directions/md_13633.pdf
2026-08-12 19:36:01,693 [INFO] scraper.rbi: CACHE HIT md_13634 -> /Users/karan/Downloads/carbon-tracker 3/Capstone_project/data/raw/master_directions/md_13634.pdf
2026-08-12 19:36:01,693 [INFO] scraper.rbi: CACHE HIT md_13635 -> /Users/karan/Downloads/carbon-tracker 3/Capstone_project/data/raw/master_directions/md_13635.pdf
2026-08-12 19:36:01,694 [INFO] scraper.rbi: CACHE HIT md_13636 -> /Users/karan/Downloads/carbon-tracker 3/Capstone_project/data/raw/master_directions/md_13636.pdf
2026-08-12 19:36:01,694 [INFO] scraper.rbi: CACHE HIT md_13619 -> /Users/karan/Downloads/carbon-tracker 3/Capstone_project/data/raw/master_directions/md_13619.pdf
2026-08-12 19:36:01,694 [INFO] scraper.rbi: CACHE HIT md_13620 -> /Users/karan/Downloads/carbon-tracker 3/Capstone_project/data/raw/master_directions/md_13620.pdf
2026-08-12 19:36:01,694 [INFO] scraper.rbi: CACHE HIT md_13621 -> /Users/karan/Downloads/carbon-tracker 3/Capstone_project/data/raw/master_directions/md_13621.pdf
2026-08-12 19:36:01,694 [INFO] scraper.rbi: CACHE HIT md_13622 -> /Users/karan/Downloads/carbon-tracker 3/Capstone_project/data/raw/master_directions/md_13622.pdf
2026-08-12 19:36:01,695 [INFO] scraper.rbi: CACHE HIT md_13623 -> /Users/karan/Downloads/carbon-tracker 3/Capstone_project/data/raw/master_directions/md_13623.pdf
2026-08-12 19:36:01,695 [INFO] scraper.rbi: CACHE HIT md_13624 -> /Users/karan/Downloads/carbon-tracker 3/Capstone_project/data/raw/master_directions/md_13624.pdf
2026-08-12 19:36:01,695 [INFO] scraper.rbi: CACHE HIT md_13625 -> /Users/karan/Downloads/carbon-tracker 3/Capstone_project/data/raw/master_directions/md_13625.pdf
2026-08-12 19:36:01,695 [INFO] scraper.rbi: CACHE HIT md_13626 -> /Users/karan/Downloads/carbon-tracker 3/Capstone_project/data/raw/master_directions/md_13626.pdf
2026-08-12 19:36:01,696 [INFO] scraper.rbi: CACHE HIT md_13627 -> /Users/karan/Downloads/carbon-tracker 3/Capstone_project/data/raw/master_directions/md_13627.pdf
2026-08-12 19:36:01,696 [INFO] scraper.rbi: CACHE HIT md_13603 -> /Users/karan/Downloads/carbon-tracker 3/Capstone_project/data/raw/master_directions/md_13603.pdf
2026-08-12 19:36:01,696 [INFO] scraper.rbi: CACHE HIT md_13604 -> /Users/karan/Downloads/carbon-tracker 3/Capstone_project/data/raw/master_directions/md_13604.pdf
2026-08-12 19:36:01,696 [INFO] scraper.rbi: CACHE HIT md_13605 -> /Users/karan/Downloads/carbon-tracker 3/Capstone_project/data/raw/master_directions/md_13605.pdf
2026-08-12 19:36:01,696 [INFO] scraper.rbi: CACHE HIT md_13606 -> /Users/karan/Downloads/carbon-tracker 3/Capstone_project/data/raw/master_directions/md_13606.pdf
2026-08-12 19:36:01,697 [INFO] scraper.rbi: CACHE HIT md_13607 -> /Users/karan/Downloads/carbon-tracker 3/Capstone_project/data/raw/master_directions/md_13607.pdf
2026-08-12 19:36:01,697 [INFO] scraper.rbi: CACHE HIT md_13608 -> /Users/karan/Downloads/carbon-tracker 3/Capstone_project/data/raw/master_directions/md_13608.pdf
2026-08-12 19:36:01,697 [INFO] scraper.rbi: CACHE HIT md_13609 -> /Users/karan/Downloads/carbon-tracker 3/Capstone_project/data/raw/master_directions/md_13609.pdf
2026-08-12 19:36:01,697 [INFO] scraper.rbi: CACHE HIT md_13598 -> /Users/karan/Downloads/carbon-tracker 3/Capstone_project/data/raw/master_directions/md_13598.pdf
2026-08-12 19:36:01,698 [INFO] scraper.rbi: CACHE HIT md_13599 -> /Users/karan/Downloads/carbon-tracker 3/Capstone_project/data/raw/master_directions/md_13599.pdf
2026-08-12 19:36:01,698 [INFO] scraper.rbi: CACHE HIT md_13610 -> /Users/karan/Downloads/carbon-tracker 3/Capstone_project/data/raw/master_directions/md_13610.pdf
2026-08-12 19:36:01,698 [INFO] scraper.rbi: CACHE HIT md_13611 -> /Users/karan/Downloads/carbon-tracker 3/Capstone_project/data/raw/master_directions/md_13611.pdf
2026-08-12 19:36:01,698 [INFO] scraper.rbi: CACHE HIT md_13612 -> /Users/karan/Downloads/carbon-tracker 3/Capstone_project/data/raw/master_directions/md_13612.pdf
2026-08-12 19:36:01,698 [INFO] scraper.rbi: CACHE HIT md_13613 -> /Users/karan/Downloads/carbon-tracker 3/Capstone_project/data/raw/master_directions/md_13613.pdf
2026-08-12 19:36:01,699 [INFO] scraper.rbi: CACHE HIT md_13614 -> /Users/karan/Downloads/carbon-tracker 3/Capstone_project/data/raw/master_directions/md_13614.pdf
2026-08-12 19:36:01,699 [INFO] scraper.rbi: CACHE HIT md_13615 -> /Users/karan/Downloads/carbon-tracker 3/Capstone_project/data/raw/master_directions/md_13615.pdf
2026-08-12 19:36:01,699 [INFO] scraper.rbi: CACHE HIT md_13616 -> /Users/karan/Downloads/carbon-tracker 3/Capstone_project/data/raw/master_directions/md_13616.pdf
2026-08-12 19:36:01,700 [INFO] scraper.rbi: CACHE HIT md_13617 -> /Users/karan/Downloads/carbon-tracker 3/Capstone_project/data/raw/master_directions/md_13617.pdf
2026-08-12 19:36:01,700 [INFO] scraper.rbi: CACHE HIT md_13618 -> /Users/karan/Downloads/carbon-tracker 3/Capstone_project/data/raw/master_directions/md_13618.pdf
2026-08-12 19:36:01,700 [INFO] scraper.rbi: CACHE HIT md_13600 -> /Users/karan/Downloads/carbon-tracker 3/Capstone_project/data/raw/master_directions/md_13600.pdf
2026-08-12 19:36:01,700 [INFO] scraper.rbi: CACHE HIT md_13601 -> /Users/karan/Downloads/carbon-tracker 3/Capstone_project/data/raw/master_directions/md_13601.pdf
2026-08-12 19:36:01,701 [INFO] scraper.rbi: CACHE HIT md_13602 -> /Users/karan/Downloads/carbon-tracker 3/Capstone_project/data/raw/master_directions/md_13602.pdf
2026-08-12 19:36:01,701 [INFO] scraper.rbi: CACHE HIT md_13594 -> /Users/karan/Downloads/carbon-tracker 3/Capstone_project/data/raw/master_directions/md_13594.pdf
2026-08-12 19:36:01,701 [INFO] scraper.rbi: CACHE HIT md_13595 -> /Users/karan/Downloads/carbon-tracker 3/Capstone_project/data/raw/master_directions/md_13595.pdf
2026-08-12 19:36:01,701 [INFO] scraper.rbi: CACHE HIT md_13596 -> /Users/karan/Downloads/carbon-tracker 3/Capstone_project/data/raw/master_directions/md_13596.pdf
2026-08-12 19:36:01,702 [INFO] scraper.rbi: CACHE HIT md_13597 -> /Users/karan/Downloads/carbon-tracker 3/Capstone_project/data/raw/master_directions/md_13597.pdf
2026-08-12 19:36:01,702 [INFO] scraper.rbi: CACHE HIT md_13585 -> /Users/karan/Downloads/carbon-tracker 3/Capstone_project/data/raw/master_directions/md_13585.pdf
2026-08-12 19:36:01,702 [INFO] scraper.rbi: CACHE HIT md_13586 -> /Users/karan/Downloads/carbon-tracker 3/Capstone_project/data/raw/master_directions/md_13586.pdf
2026-08-12 19:36:01,703 [INFO] scraper.rbi: CACHE HIT md_13587 -> /Users/karan/Downloads/carbon-tracker 3/Capstone_project/data/raw/master_directions/md_13587.pdf
2026-08-12 19:36:01,703 [INFO] scraper.rbi: CACHE HIT md_13588 -> /Users/karan/Downloads/carbon-tracker 3/Capstone_project/data/raw/master_directions/md_13588.pdf
2026-08-12 19:36:01,703 [INFO] scraper.rbi: CACHE HIT md_13589 -> /Users/karan/Downloads/carbon-tracker 3/Capstone_project/data/raw/master_directions/md_13589.pdf
2026-08-12 19:36:01,703 [INFO] scraper.rbi: CACHE HIT md_13590 -> /Users/karan/Downloads/carbon-tracker 3/Capstone_project/data/raw/master_directions/md_13590.pdf
2026-08-12 19:36:01,704 [INFO] scraper.rbi: CACHE HIT md_13591 -> /Users/karan/Downloads/carbon-tracker 3/Capstone_project/data/raw/master_directions/md_13591.pdf
2026-08-12 19:36:01,704 [INFO] scraper.rbi: CACHE HIT md_13592 -> /Users/karan/Downloads/carbon-tracker 3/Capstone_project/data/raw/master_directions/md_13592.pdf
2026-08-12 19:36:01,704 [INFO] scraper.rbi: CACHE HIT md_13593 -> /Users/karan/Downloads/carbon-tracker 3/Capstone_project/data/raw/master_directions/md_13593.pdf
2026-08-12 19:36:01,704 [INFO] scraper.rbi: CACHE HIT md_13584 -> /Users/karan/Downloads/carbon-tracker 3/Capstone_project/data/raw/master_directions/md_13584.pdf
2026-08-12 19:36:01,705 [INFO] scraper.rbi: CACHE HIT md_13582 -> /Users/karan/Downloads/carbon-tracker 3/Capstone_project/data/raw/master_directions/md_13582.pdf
2026-08-12 19:36:01,705 [INFO] scraper.rbi: CACHE HIT md_13583 -> /Users/karan/Downloads/carbon-tracker 3/Capstone_project/data/raw/master_directions/md_13583.pdf
2026-08-12 19:36:01,705 [INFO] scraper.rbi: CACHE HIT md_13522 -> /Users/karan/Downloads/carbon-tracker 3/Capstone_project/data/raw/master_directions/md_13522.pdf
2026-08-12 19:36:01,705 [INFO] scraper.rbi: CACHE HIT md_13523 -> /Users/karan/Downloads/carbon-tracker 3/Capstone_project/data/raw/master_directions/md_13523.pdf
2026-08-12 19:36:01,706 [INFO] scraper.rbi: CACHE HIT md_13524 -> /Users/karan/Downloads/carbon-tracker 3/Capstone_project/data/raw/master_directions/md_13524.pdf
2026-08-12 19:36:01,706 [INFO] scraper.rbi: CACHE HIT md_13525 -> /Users/karan/Downloads/carbon-tracker 3/Capstone_project/data/raw/master_directions/md_13525.pdf
2026-08-12 19:36:01,706 [INFO] scraper.rbi: CACHE HIT md_12799 -> /Users/karan/Downloads/carbon-tracker 3/Capstone_project/data/raw/master_directions/md_12799.pdf
2026-08-12 19:36:01,706 [INFO] scraper.rbi: CACHE HIT md_11959 -> /Users/karan/Downloads/carbon-tracker 3/Capstone_project/data/raw/master_directions/md_11959.pdf
2026-08-12 19:36:01,707 [INFO] scraper.rbi: CACHE HIT md_11060 -> /Users/karan/Downloads/carbon-tracker 3/Capstone_project/data/raw/master_directions/md_11060.pdf
2026-08-12 19:36:01,707 [INFO] scraper.rbi: CACHE HIT md_11037 -> /Users/karan/Downloads/carbon-tracker 3/Capstone_project/data/raw/master_directions/md_11037.pdf
2026-08-12 19:36:01,707 [INFO] scraper.rbi: CACHE HIT md_13552 -> /Users/karan/Downloads/carbon-tracker 3/Capstone_project/data/raw/master_directions/md_13552.pdf
2026-08-12 19:36:01,707 [INFO] scraper.rbi: CACHE HIT md_13343 -> /Users/karan/Downloads/carbon-tracker 3/Capstone_project/data/raw/master_directions/md_13343.pdf
2026-08-12 19:36:01,708 [INFO] scraper.rbi: CACHE HIT md_13214 -> /Users/karan/Downloads/carbon-tracker 3/Capstone_project/data/raw/master_directions/md_13214.pdf
2026-08-12 19:36:01,708 [INFO] scraper.rbi: CACHE HIT md_12920 -> /Users/karan/Downloads/carbon-tracker 3/Capstone_project/data/raw/master_directions/md_12920.pdf
2026-08-12 19:36:01,708 [INFO] scraper.rbi: CACHE HIT md_12870 -> /Users/karan/Downloads/carbon-tracker 3/Capstone_project/data/raw/master_directions/md_12870.pdf
2026-08-12 19:36:01,708 [INFO] scraper.rbi: CACHE HIT md_12784 -> /Users/karan/Downloads/carbon-tracker 3/Capstone_project/data/raw/master_directions/md_12784.pdf
2026-08-12 19:36:01,708 [INFO] scraper.rbi: CACHE HIT md_13376 -> /Users/karan/Downloads/carbon-tracker 3/Capstone_project/data/raw/master_directions/md_13376.pdf
2026-08-12 19:36:01,709 [INFO] scraper.rbi: CACHE HIT md_12765 -> /Users/karan/Downloads/carbon-tracker 3/Capstone_project/data/raw/master_directions/md_12765.pdf
2026-08-12 19:36:01,709 [INFO] scraper.rbi: CACHE HIT md_12682 -> /Users/karan/Downloads/carbon-tracker 3/Capstone_project/data/raw/master_directions/md_12682.pdf
2026-08-12 19:36:01,709 [INFO] scraper.rbi: CACHE HIT md_12592 -> /Users/karan/Downloads/carbon-tracker 3/Capstone_project/data/raw/master_directions/md_12592.pdf
2026-08-12 19:36:01,709 [INFO] scraper.rbi: CACHE HIT md_12581 -> /Users/karan/Downloads/carbon-tracker 3/Capstone_project/data/raw/master_directions/md_12581.pdf
2026-08-12 19:36:01,710 [INFO] scraper.rbi: CACHE HIT md_12580 -> /Users/karan/Downloads/carbon-tracker 3/Capstone_project/data/raw/master_directions/md_12580.pdf
2026-08-12 19:36:01,710 [INFO] scraper.rbi: CACHE HIT md_12427 -> /Users/karan/Downloads/carbon-tracker 3/Capstone_project/data/raw/master_directions/md_12427.pdf
2026-08-12 19:36:01,710 [INFO] scraper.rbi: CACHE HIT md_12163 -> /Users/karan/Downloads/carbon-tracker 3/Capstone_project/data/raw/master_directions/md_12163.pdf
2026-08-12 19:36:01,710 [INFO] scraper.rbi: CACHE HIT md_12108 -> /Users/karan/Downloads/carbon-tracker 3/Capstone_project/data/raw/master_directions/md_12108.pdf
2026-08-12 19:36:01,711 [INFO] scraper.rbi: CACHE HIT md_12061 -> /Users/karan/Downloads/carbon-tracker 3/Capstone_project/data/raw/master_directions/md_12061.pdf
2026-08-12 19:36:01,711 [INFO] scraper.rbi: CACHE HIT md_11500 -> /Users/karan/Downloads/carbon-tracker 3/Capstone_project/data/raw/master_directions/md_11500.pdf
2026-08-12 19:36:01,711 [INFO] scraper.rbi: CACHE HIT md_10495 -> /Users/karan/Downloads/carbon-tracker 3/Capstone_project/data/raw/master_directions/md_10495.pdf
2026-08-12 19:36:01,711 [INFO] scraper.rbi: CACHE HIT md_10485 -> /Users/karan/Downloads/carbon-tracker 3/Capstone_project/data/raw/master_directions/md_10485.pdf
2026-08-12 19:36:01,711 [INFO] scraper.rbi: CACHE HIT md_12839 -> /Users/karan/Downloads/carbon-tracker 3/Capstone_project/data/raw/master_directions/md_12839.pdf
2026-08-12 19:36:01,712 [INFO] scraper.rbi: CACHE HIT md_12710 -> /Users/karan/Downloads/carbon-tracker 3/Capstone_project/data/raw/master_directions/md_12710.pdf
2026-08-12 19:36:01,712 [INFO] scraper.rbi: CACHE HIT md_11510 -> /Users/karan/Downloads/carbon-tracker 3/Capstone_project/data/raw/master_directions/md_11510.pdf
2026-08-12 19:36:01,712 [INFO] scraper.rbi: CACHE HIT md_11200 -> /Users/karan/Downloads/carbon-tracker 3/Capstone_project/data/raw/master_directions/md_11200.pdf
2026-08-12 19:36:01,712 [INFO] scraper.rbi: CACHE HIT md_10868 -> /Users/karan/Downloads/carbon-tracker 3/Capstone_project/data/raw/master_directions/md_10868.pdf
2026-08-12 19:36:01,713 [INFO] scraper.rbi: CACHE HIT md_10738 -> /Users/karan/Downloads/carbon-tracker 3/Capstone_project/data/raw/master_directions/md_10738.pdf
2026-08-12 19:36:01,713 [INFO] scraper.rbi: CACHE HIT md_10404 -> /Users/karan/Downloads/carbon-tracker 3/Capstone_project/data/raw/master_directions/md_10404.pdf
2026-08-12 19:36:01,713 [INFO] scraper.rbi: CACHE HIT md_10637 -> /Users/karan/Downloads/carbon-tracker 3/Capstone_project/data/raw/master_directions/md_10637.pdf
2026-08-12 19:36:01,713 [INFO] scraper.rbi: CACHE HIT md_10191 -> /Users/karan/Downloads/carbon-tracker 3/Capstone_project/data/raw/master_directions/md_10191.pdf
2026-08-12 19:36:01,713 [INFO] scraper.rbi: CACHE HIT md_10192 -> /Users/karan/Downloads/carbon-tracker 3/Capstone_project/data/raw/master_directions/md_10192.pdf
2026-08-12 19:36:01,714 [INFO] scraper.rbi: CACHE HIT md_10193 -> /Users/karan/Downloads/carbon-tracker 3/Capstone_project/data/raw/master_directions/md_10193.pdf
2026-08-12 19:36:01,714 [INFO] scraper.rbi: CACHE HIT md_10196 -> /Users/karan/Downloads/carbon-tracker 3/Capstone_project/data/raw/master_directions/md_10196.pdf
2026-08-12 19:36:01,714 [INFO] scraper.rbi: CACHE HIT md_10197 -> /Users/karan/Downloads/carbon-tracker 3/Capstone_project/data/raw/master_directions/md_10197.pdf
2026-08-12 19:36:01,714 [INFO] scraper.rbi: CACHE HIT md_10198 -> /Users/karan/Downloads/carbon-tracker 3/Capstone_project/data/raw/master_directions/md_10198.pdf
2026-08-12 19:36:01,715 [INFO] scraper.rbi: CACHE HIT md_10201 -> /Users/karan/Downloads/carbon-tracker 3/Capstone_project/data/raw/master_directions/md_10201.pdf
2026-08-12 19:36:01,715 [INFO] scraper.rbi: CACHE HIT md_10202 -> /Users/karan/Downloads/carbon-tracker 3/Capstone_project/data/raw/master_directions/md_10202.pdf
2026-08-12 19:36:01,715 [INFO] scraper.rbi: CACHE HIT md_10203 -> /Users/karan/Downloads/carbon-tracker 3/Capstone_project/data/raw/master_directions/md_10203.pdf
2026-08-12 19:36:01,715 [INFO] scraper.rbi: CACHE HIT md_10205 -> /Users/karan/Downloads/carbon-tracker 3/Capstone_project/data/raw/master_directions/md_10205.pdf
2026-08-12 19:36:01,716 [INFO] scraper.rbi: CACHE HIT md_10395 -> /Users/karan/Downloads/carbon-tracker 3/Capstone_project/data/raw/master_directions/md_10395.pdf
2026-08-12 19:36:01,716 [INFO] scraper.rbi: CACHE HIT md_11518 -> /Users/karan/Downloads/carbon-tracker 3/Capstone_project/data/raw/master_directions/md_11518.pdf
2026-08-12 19:36:01,716 [INFO] scraper.rbi: CACHE HIT md_13362 -> /Users/karan/Downloads/carbon-tracker 3/Capstone_project/data/raw/master_directions/md_13362.pdf
2026-08-12 19:36:01,716 [INFO] scraper.rbi: CACHE HIT md_13361 -> /Users/karan/Downloads/carbon-tracker 3/Capstone_project/data/raw/master_directions/md_13361.pdf
2026-08-12 19:36:01,716 [INFO] scraper.rbi: CACHE HIT md_13360 -> /Users/karan/Downloads/carbon-tracker 3/Capstone_project/data/raw/master_directions/md_13360.pdf
2026-08-12 19:36:01,717 [INFO] scraper.rbi: CACHE HIT md_13526 -> /Users/karan/Downloads/carbon-tracker 3/Capstone_project/data/raw/master_directions/md_13526.pdf
2026-08-12 19:36:01,717 [INFO] scraper.rbi: CACHE HIT md_13502 -> /Users/karan/Downloads/carbon-tracker 3/Capstone_project/data/raw/master_directions/md_13502.pdf
2026-08-12 19:36:01,717 [INFO] scraper.rbi: CACHE HIT md_13374 -> /Users/karan/Downloads/carbon-tracker 3/Capstone_project/data/raw/master_directions/md_13374.pdf
2026-08-12 19:36:01,717 [INFO] scraper.rbi: CACHE HIT md_12898 -> /Users/karan/Downloads/carbon-tracker 3/Capstone_project/data/raw/master_directions/md_12898.pdf
2026-08-12 19:36:01,717 [INFO] scraper.rbi: CACHE HIT md_12896 -> /Users/karan/Downloads/carbon-tracker 3/Capstone_project/data/raw/master_directions/md_12896.pdf
2026-08-12 19:36:01,718 [INFO] scraper.rbi: CACHE HIT md_12715 -> /Users/karan/Downloads/carbon-tracker 3/Capstone_project/data/raw/master_directions/md_12715.pdf
2026-08-12 19:36:01,718 [INFO] scraper.rbi: CACHE HIT md_12616 -> /Users/karan/Downloads/carbon-tracker 3/Capstone_project/data/raw/master_directions/md_12616.pdf
2026-08-12 19:36:01,718 [INFO] scraper.rbi: CACHE HIT md_12156 -> /Users/karan/Downloads/carbon-tracker 3/Capstone_project/data/raw/master_directions/md_12156.pdf
2026-08-12 19:36:01,719 [INFO] scraper.rbi: CACHE HIT md_10833 -> /Users/karan/Downloads/carbon-tracker 3/Capstone_project/data/raw/master_directions/md_10833.pdf
2026-08-12 19:39:44,788 [INFO] scraper.rbi: GET attempt=1 url=https://www.rbi.org.in/Scripts/BS_ViewMasDirections.aspx
2026-08-12 19:39:45,986 [INFO] scraper.rbi: Cached listing page -> /Users/karan/Downloads/carbon-tracker 3/Capstone_project/data/raw/master_directions/_listing_BS_ViewMasDirections.html
2026-08-12 19:39:46,041 [INFO] scraper.rbi: Discovered 381 Master Direction entries from listing
2026-08-12 19:39:46,045 [INFO] scraper.rbi: CACHE HIT md_11322 -> /Users/karan/Downloads/carbon-tracker 3/Capstone_project/data/raw/master_directions/md_11322.pdf
2026-08-12 19:39:46,046 [INFO] scraper.rbi: CACHE HIT md_10476 -> /Users/karan/Downloads/carbon-tracker 3/Capstone_project/data/raw/master_directions/md_10476.pdf
2026-08-12 19:39:46,046 [INFO] scraper.rbi: CACHE HIT md_13443 -> /Users/karan/Downloads/carbon-tracker 3/Capstone_project/data/raw/master_directions/md_13443.pdf
2026-08-12 19:39:46,046 [INFO] scraper.rbi: CACHE HIT md_13442 -> /Users/karan/Downloads/carbon-tracker 3/Capstone_project/data/raw/master_directions/md_13442.pdf
2026-08-12 19:39:46,047 [INFO] scraper.rbi: CACHE HIT md_13271 -> /Users/karan/Downloads/carbon-tracker 3/Capstone_project/data/raw/master_directions/md_13271.pdf
2026-08-12 19:39:46,047 [INFO] scraper.rbi: CACHE HIT md_13272 -> /Users/karan/Downloads/carbon-tracker 3/Capstone_project/data/raw/master_directions/md_13272.pdf
2026-08-12 19:39:46,047 [INFO] scraper.rbi: CACHE HIT md_13273 -> /Users/karan/Downloads/carbon-tracker 3/Capstone_project/data/raw/master_directions/md_13273.pdf
2026-08-12 19:39:46,047 [INFO] scraper.rbi: CACHE HIT md_13274 -> /Users/karan/Downloads/carbon-tracker 3/Capstone_project/data/raw/master_directions/md_13274.pdf
2026-08-12 19:39:46,047 [INFO] scraper.rbi: CACHE HIT md_13275 -> /Users/karan/Downloads/carbon-tracker 3/Capstone_project/data/raw/master_directions/md_13275.pdf
2026-08-12 19:39:46,048 [INFO] scraper.rbi: CACHE HIT md_13276 -> /Users/karan/Downloads/carbon-tracker 3/Capstone_project/data/raw/master_directions/md_13276.pdf
2026-08-12 19:39:46,048 [INFO] scraper.rbi: CACHE HIT md_12586 -> /Users/karan/Downloads/carbon-tracker 3/Capstone_project/data/raw/master_directions/md_12586.pdf
2026-08-12 19:39:46,048 [INFO] scraper.rbi: CACHE HIT md_13399 -> /Users/karan/Downloads/carbon-tracker 3/Capstone_project/data/raw/master_directions/md_13399.pdf
2026-08-12 19:39:46,048 [INFO] scraper.rbi: CACHE HIT md_13400 -> /Users/karan/Downloads/carbon-tracker 3/Capstone_project/data/raw/master_directions/md_13400.pdf
2026-08-12 19:39:46,049 [INFO] scraper.rbi: CACHE HIT md_13319 -> /Users/karan/Downloads/carbon-tracker 3/Capstone_project/data/raw/master_directions/md_13319.pdf
2026-08-12 19:39:46,049 [INFO] scraper.rbi: CACHE HIT md_13136 -> /Users/karan/Downloads/carbon-tracker 3/Capstone_project/data/raw/master_directions/md_13136.pdf
2026-08-12 19:39:46,049 [INFO] scraper.rbi: CACHE HIT md_13137 -> /Users/karan/Downloads/carbon-tracker 3/Capstone_project/data/raw/master_directions/md_13137.pdf
2026-08-12 19:39:46,049 [INFO] scraper.rbi: CACHE HIT md_13138 -> /Users/karan/Downloads/carbon-tracker 3/Capstone_project/data/raw/master_directions/md_13138.pdf
2026-08-12 19:39:46,050 [INFO] scraper.rbi: CACHE HIT md_13139 -> /Users/karan/Downloads/carbon-tracker 3/Capstone_project/data/raw/master_directions/md_13139.pdf
2026-08-12 19:39:46,050 [INFO] scraper.rbi: CACHE HIT md_13140 -> /Users/karan/Downloads/carbon-tracker 3/Capstone_project/data/raw/master_directions/md_13140.pdf
2026-08-12 19:39:46,050 [INFO] scraper.rbi: CACHE HIT md_13141 -> /Users/karan/Downloads/carbon-tracker 3/Capstone_project/data/raw/master_directions/md_13141.pdf
2026-08-12 19:39:46,050 [INFO] scraper.rbi: CACHE HIT md_13143 -> /Users/karan/Downloads/carbon-tracker 3/Capstone_project/data/raw/master_directions/md_13143.pdf
2026-08-12 19:39:46,051 [INFO] scraper.rbi: CACHE HIT md_13144 -> /Users/karan/Downloads/carbon-tracker 3/Capstone_project/data/raw/master_directions/md_13144.pdf
2026-08-12 19:39:46,051 [INFO] scraper.rbi: CACHE HIT md_13145 -> /Users/karan/Downloads/carbon-tracker 3/Capstone_project/data/raw/master_directions/md_13145.pdf
2026-08-12 19:39:46,051 [INFO] scraper.rbi: CACHE HIT md_13146 -> /Users/karan/Downloads/carbon-tracker 3/Capstone_project/data/raw/master_directions/md_13146.pdf
2026-08-12 19:39:46,051 [INFO] scraper.rbi: CACHE HIT md_13147 -> /Users/karan/Downloads/carbon-tracker 3/Capstone_project/data/raw/master_directions/md_13147.pdf
2026-08-12 19:39:46,052 [INFO] scraper.rbi: CACHE HIT md_13148 -> /Users/karan/Downloads/carbon-tracker 3/Capstone_project/data/raw/master_directions/md_13148.pdf
2026-08-12 19:39:46,052 [INFO] scraper.rbi: CACHE HIT md_13149 -> /Users/karan/Downloads/carbon-tracker 3/Capstone_project/data/raw/master_directions/md_13149.pdf
2026-08-12 19:39:46,052 [INFO] scraper.rbi: CACHE HIT md_13150 -> /Users/karan/Downloads/carbon-tracker 3/Capstone_project/data/raw/master_directions/md_13150.pdf
2026-08-12 19:39:46,052 [INFO] scraper.rbi: CACHE HIT md_13151 -> /Users/karan/Downloads/carbon-tracker 3/Capstone_project/data/raw/master_directions/md_13151.pdf
2026-08-12 19:39:46,052 [INFO] scraper.rbi: CACHE HIT md_13152 -> /Users/karan/Downloads/carbon-tracker 3/Capstone_project/data/raw/master_directions/md_13152.pdf
2026-08-12 19:39:46,053 [INFO] scraper.rbi: CACHE HIT md_13153 -> /Users/karan/Downloads/carbon-tracker 3/Capstone_project/data/raw/master_directions/md_13153.pdf
2026-08-12 19:39:46,053 [INFO] scraper.rbi: CACHE HIT md_13154 -> /Users/karan/Downloads/carbon-tracker 3/Capstone_project/data/raw/master_directions/md_13154.pdf
2026-08-12 19:39:46,053 [INFO] scraper.rbi: CACHE HIT md_13155 -> /Users/karan/Downloads/carbon-tracker 3/Capstone_project/data/raw/master_directions/md_13155.pdf
2026-08-12 19:39:46,053 [INFO] scraper.rbi: CACHE HIT md_13156 -> /Users/karan/Downloads/carbon-tracker 3/Capstone_project/data/raw/master_directions/md_13156.pdf
2026-08-12 19:39:46,054 [INFO] scraper.rbi: CACHE HIT md_13157 -> /Users/karan/Downloads/carbon-tracker 3/Capstone_project/data/raw/master_directions/md_13157.pdf
2026-08-12 19:39:46,054 [INFO] scraper.rbi: CACHE HIT md_13158 -> /Users/karan/Downloads/carbon-tracker 3/Capstone_project/data/raw/master_directions/md_13158.pdf
2026-08-12 19:39:46,054 [INFO] scraper.rbi: CACHE HIT md_13159 -> /Users/karan/Downloads/carbon-tracker 3/Capstone_project/data/raw/master_directions/md_13159.pdf
2026-08-12 19:39:46,054 [INFO] scraper.rbi: CACHE HIT md_13160 -> /Users/karan/Downloads/carbon-tracker 3/Capstone_project/data/raw/master_directions/md_13160.pdf
2026-08-12 19:39:46,054 [INFO] scraper.rbi: CACHE HIT md_13161 -> /Users/karan/Downloads/carbon-tracker 3/Capstone_project/data/raw/master_directions/md_13161.pdf
2026-08-12 19:39:46,055 [INFO] scraper.rbi: CACHE HIT md_13162 -> /Users/karan/Downloads/carbon-tracker 3/Capstone_project/data/raw/master_directions/md_13162.pdf
2026-08-12 19:39:46,055 [INFO] scraper.rbi: CACHE HIT md_13163 -> /Users/karan/Downloads/carbon-tracker 3/Capstone_project/data/raw/master_directions/md_13163.pdf
2026-08-12 19:39:46,055 [INFO] scraper.rbi: CACHE HIT md_13164 -> /Users/karan/Downloads/carbon-tracker 3/Capstone_project/data/raw/master_directions/md_13164.pdf
2026-08-12 19:39:46,055 [INFO] scraper.rbi: CACHE HIT md_13165 -> /Users/karan/Downloads/carbon-tracker 3/Capstone_project/data/raw/master_directions/md_13165.pdf
2026-08-12 19:39:46,056 [INFO] scraper.rbi: CACHE HIT md_13166 -> /Users/karan/Downloads/carbon-tracker 3/Capstone_project/data/raw/master_directions/md_13166.pdf
2026-08-12 19:39:46,056 [INFO] scraper.rbi: CACHE HIT md_13167 -> /Users/karan/Downloads/carbon-tracker 3/Capstone_project/data/raw/master_directions/md_13167.pdf
2026-08-12 19:39:46,056 [INFO] scraper.rbi: CACHE HIT md_13168 -> /Users/karan/Downloads/carbon-tracker 3/Capstone_project/data/raw/master_directions/md_13168.pdf
2026-08-12 19:39:46,057 [INFO] scraper.rbi: CACHE HIT md_13328 -> /Users/karan/Downloads/carbon-tracker 3/Capstone_project/data/raw/master_directions/md_13328.pdf
2026-08-12 19:39:46,057 [INFO] scraper.rbi: CACHE HIT md_13105 -> /Users/karan/Downloads/carbon-tracker 3/Capstone_project/data/raw/master_directions/md_13105.pdf
2026-08-12 19:39:46,057 [INFO] scraper.rbi: CACHE HIT md_13106 -> /Users/karan/Downloads/carbon-tracker 3/Capstone_project/data/raw/master_directions/md_13106.pdf
2026-08-12 19:39:46,058 [INFO] scraper.rbi: CACHE HIT md_13107 -> /Users/karan/Downloads/carbon-tracker 3/Capstone_project/data/raw/master_directions/md_13107.pdf
2026-08-12 19:39:46,058 [INFO] scraper.rbi: CACHE HIT md_13108 -> /Users/karan/Downloads/carbon-tracker 3/Capstone_project/data/raw/master_directions/md_13108.pdf
2026-08-12 19:39:46,058 [INFO] scraper.rbi: CACHE HIT md_13109 -> /Users/karan/Downloads/carbon-tracker 3/Capstone_project/data/raw/master_directions/md_13109.pdf
2026-08-12 19:39:46,059 [INFO] scraper.rbi: CACHE HIT md_13111 -> /Users/karan/Downloads/carbon-tracker 3/Capstone_project/data/raw/master_directions/md_13111.pdf
2026-08-12 19:39:46,059 [INFO] scraper.rbi: CACHE HIT md_13112 -> /Users/karan/Downloads/carbon-tracker 3/Capstone_project/data/raw/master_directions/md_13112.pdf
2026-08-12 19:39:46,059 [INFO] scraper.rbi: CACHE HIT md_13113 -> /Users/karan/Downloads/carbon-tracker 3/Capstone_project/data/raw/master_directions/md_13113.pdf
2026-08-12 19:39:46,059 [INFO] scraper.rbi: CACHE HIT md_13114 -> /Users/karan/Downloads/carbon-tracker 3/Capstone_project/data/raw/master_directions/md_13114.pdf
2026-08-12 19:39:46,060 [INFO] scraper.rbi: CACHE HIT md_13115 -> /Users/karan/Downloads/carbon-tracker 3/Capstone_project/data/raw/master_directions/md_13115.pdf
2026-08-12 19:39:46,060 [INFO] scraper.rbi: CACHE HIT md_13116 -> /Users/karan/Downloads/carbon-tracker 3/Capstone_project/data/raw/master_directions/md_13116.pdf
2026-08-12 19:39:46,060 [INFO] scraper.rbi: CACHE HIT md_13117 -> /Users/karan/Downloads/carbon-tracker 3/Capstone_project/data/raw/master_directions/md_13117.pdf
2026-08-12 19:39:46,060 [INFO] scraper.rbi: CACHE HIT md_13118 -> /Users/karan/Downloads/carbon-tracker 3/Capstone_project/data/raw/master_directions/md_13118.pdf
2026-08-12 19:39:46,061 [INFO] scraper.rbi: CACHE HIT md_13119 -> /Users/karan/Downloads/carbon-tracker 3/Capstone_project/data/raw/master_directions/md_13119.pdf
2026-08-12 19:39:46,061 [INFO] scraper.rbi: CACHE HIT md_13120 -> /Users/karan/Downloads/carbon-tracker 3/Capstone_project/data/raw/master_directions/md_13120.pdf
2026-08-12 19:39:46,061 [INFO] scraper.rbi: CACHE HIT md_13121 -> /Users/karan/Downloads/carbon-tracker 3/Capstone_project/data/raw/master_directions/md_13121.pdf
2026-08-12 19:39:46,061 [INFO] scraper.rbi: CACHE HIT md_13122 -> /Users/karan/Downloads/carbon-tracker 3/Capstone_project/data/raw/master_directions/md_13122.pdf
2026-08-12 19:39:46,062 [INFO] scraper.rbi: CACHE HIT md_13123 -> /Users/karan/Downloads/carbon-tracker 3/Capstone_project/data/raw/master_directions/md_13123.pdf
2026-08-12 19:39:46,062 [INFO] scraper.rbi: CACHE HIT md_13124 -> /Users/karan/Downloads/carbon-tracker 3/Capstone_project/data/raw/master_directions/md_13124.pdf
2026-08-12 19:39:46,062 [INFO] scraper.rbi: CACHE HIT md_13125 -> /Users/karan/Downloads/carbon-tracker 3/Capstone_project/data/raw/master_directions/md_13125.pdf
2026-08-12 19:39:46,062 [INFO] scraper.rbi: CACHE HIT md_13126 -> /Users/karan/Downloads/carbon-tracker 3/Capstone_project/data/raw/master_directions/md_13126.pdf
2026-08-12 19:39:46,063 [INFO] scraper.rbi: CACHE HIT md_13127 -> /Users/karan/Downloads/carbon-tracker 3/Capstone_project/data/raw/master_directions/md_13127.pdf
2026-08-12 19:39:46,063 [INFO] scraper.rbi: CACHE HIT md_13128 -> /Users/karan/Downloads/carbon-tracker 3/Capstone_project/data/raw/master_directions/md_13128.pdf
2026-08-12 19:39:46,063 [INFO] scraper.rbi: CACHE HIT md_13129 -> /Users/karan/Downloads/carbon-tracker 3/Capstone_project/data/raw/master_directions/md_13129.pdf
2026-08-12 19:39:46,063 [INFO] scraper.rbi: CACHE HIT md_13130 -> /Users/karan/Downloads/carbon-tracker 3/Capstone_project/data/raw/master_directions/md_13130.pdf
2026-08-12 19:39:46,063 [INFO] scraper.rbi: CACHE HIT md_13131 -> /Users/karan/Downloads/carbon-tracker 3/Capstone_project/data/raw/master_directions/md_13131.pdf
2026-08-12 19:39:46,064 [INFO] scraper.rbi: CACHE HIT md_13132 -> /Users/karan/Downloads/carbon-tracker 3/Capstone_project/data/raw/master_directions/md_13132.pdf
2026-08-12 19:39:46,064 [INFO] scraper.rbi: CACHE HIT md_13133 -> /Users/karan/Downloads/carbon-tracker 3/Capstone_project/data/raw/master_directions/md_13133.pdf
2026-08-12 19:39:46,064 [INFO] scraper.rbi: CACHE HIT md_13134 -> /Users/karan/Downloads/carbon-tracker 3/Capstone_project/data/raw/master_directions/md_13134.pdf
2026-08-12 19:39:46,065 [INFO] scraper.rbi: CACHE HIT md_13135 -> /Users/karan/Downloads/carbon-tracker 3/Capstone_project/data/raw/master_directions/md_13135.pdf
2026-08-12 19:39:46,065 [INFO] scraper.rbi: CACHE HIT md_13321 -> /Users/karan/Downloads/carbon-tracker 3/Capstone_project/data/raw/master_directions/md_13321.pdf
2026-08-12 19:39:46,065 [INFO] scraper.rbi: CACHE HIT md_13087 -> /Users/karan/Downloads/carbon-tracker 3/Capstone_project/data/raw/master_directions/md_13087.pdf
2026-08-12 19:39:46,065 [INFO] scraper.rbi: CACHE HIT md_13088 -> /Users/karan/Downloads/carbon-tracker 3/Capstone_project/data/raw/master_directions/md_13088.pdf
2026-08-12 19:39:46,065 [INFO] scraper.rbi: CACHE HIT md_13089 -> /Users/karan/Downloads/carbon-tracker 3/Capstone_project/data/raw/master_directions/md_13089.pdf
2026-08-12 19:39:46,066 [INFO] scraper.rbi: CACHE HIT md_13090 -> /Users/karan/Downloads/carbon-tracker 3/Capstone_project/data/raw/master_directions/md_13090.pdf
2026-08-12 19:39:46,066 [INFO] scraper.rbi: CACHE HIT md_13092 -> /Users/karan/Downloads/carbon-tracker 3/Capstone_project/data/raw/master_directions/md_13092.pdf
2026-08-12 19:39:46,066 [INFO] scraper.rbi: CACHE HIT md_13093 -> /Users/karan/Downloads/carbon-tracker 3/Capstone_project/data/raw/master_directions/md_13093.pdf
2026-08-12 19:39:46,066 [INFO] scraper.rbi: CACHE HIT md_13094 -> /Users/karan/Downloads/carbon-tracker 3/Capstone_project/data/raw/master_directions/md_13094.pdf
2026-08-12 19:39:46,067 [INFO] scraper.rbi: CACHE HIT md_13095 -> /Users/karan/Downloads/carbon-tracker 3/Capstone_project/data/raw/master_directions/md_13095.pdf
2026-08-12 19:39:46,067 [INFO] scraper.rbi: CACHE HIT md_13096 -> /Users/karan/Downloads/carbon-tracker 3/Capstone_project/data/raw/master_directions/md_13096.pdf
2026-08-12 19:39:46,067 [INFO] scraper.rbi: CACHE HIT md_13097 -> /Users/karan/Downloads/carbon-tracker 3/Capstone_project/data/raw/master_directions/md_13097.pdf
2026-08-12 19:39:46,067 [INFO] scraper.rbi: CACHE HIT md_13098 -> /Users/karan/Downloads/carbon-tracker 3/Capstone_project/data/raw/master_directions/md_13098.pdf
2026-08-12 19:39:46,068 [INFO] scraper.rbi: CACHE HIT md_13099 -> /Users/karan/Downloads/carbon-tracker 3/Capstone_project/data/raw/master_directions/md_13099.pdf
2026-08-12 19:39:46,068 [INFO] scraper.rbi: CACHE HIT md_13100 -> /Users/karan/Downloads/carbon-tracker 3/Capstone_project/data/raw/master_directions/md_13100.pdf
2026-08-12 19:39:46,068 [INFO] scraper.rbi: CACHE HIT md_13101 -> /Users/karan/Downloads/carbon-tracker 3/Capstone_project/data/raw/master_directions/md_13101.pdf
2026-08-12 19:39:46,068 [INFO] scraper.rbi: CACHE HIT md_13102 -> /Users/karan/Downloads/carbon-tracker 3/Capstone_project/data/raw/master_directions/md_13102.pdf
2026-08-12 19:39:46,068 [INFO] scraper.rbi: CACHE HIT md_13103 -> /Users/karan/Downloads/carbon-tracker 3/Capstone_project/data/raw/master_directions/md_13103.pdf
2026-08-12 19:39:46,069 [INFO] scraper.rbi: CACHE HIT md_13104 -> /Users/karan/Downloads/carbon-tracker 3/Capstone_project/data/raw/master_directions/md_13104.pdf
2026-08-12 19:39:46,069 [INFO] scraper.rbi: CACHE HIT md_13324 -> /Users/karan/Downloads/carbon-tracker 3/Capstone_project/data/raw/master_directions/md_13324.pdf
2026-08-12 19:39:46,069 [INFO] scraper.rbi: CACHE HIT md_13061 -> /Users/karan/Downloads/carbon-tracker 3/Capstone_project/data/raw/master_directions/md_13061.pdf
2026-08-12 19:39:46,069 [INFO] scraper.rbi: CACHE HIT md_13062 -> /Users/karan/Downloads/carbon-tracker 3/Capstone_project/data/raw/master_directions/md_13062.pdf
2026-08-12 19:39:46,070 [INFO] scraper.rbi: CACHE HIT md_13063 -> /Users/karan/Downloads/carbon-tracker 3/Capstone_project/data/raw/master_directions/md_13063.pdf
2026-08-12 19:39:46,070 [INFO] scraper.rbi: CACHE HIT md_13064 -> /Users/karan/Downloads/carbon-tracker 3/Capstone_project/data/raw/master_directions/md_13064.pdf
2026-08-12 19:39:46,070 [INFO] scraper.rbi: CACHE HIT md_13066 -> /Users/karan/Downloads/carbon-tracker 3/Capstone_project/data/raw/master_directions/md_13066.pdf
2026-08-12 19:39:46,070 [INFO] scraper.rbi: CACHE HIT md_13067 -> /Users/karan/Downloads/carbon-tracker 3/Capstone_project/data/raw/master_directions/md_13067.pdf
2026-08-12 19:39:46,071 [INFO] scraper.rbi: CACHE HIT md_13068 -> /Users/karan/Downloads/carbon-tracker 3/Capstone_project/data/raw/master_directions/md_13068.pdf
2026-08-12 19:39:46,071 [INFO] scraper.rbi: CACHE HIT md_13069 -> /Users/karan/Downloads/carbon-tracker 3/Capstone_project/data/raw/master_directions/md_13069.pdf
2026-08-12 19:39:46,071 [INFO] scraper.rbi: CACHE HIT md_13070 -> /Users/karan/Downloads/carbon-tracker 3/Capstone_project/data/raw/master_directions/md_13070.pdf
2026-08-12 19:39:46,071 [INFO] scraper.rbi: CACHE HIT md_13071 -> /Users/karan/Downloads/carbon-tracker 3/Capstone_project/data/raw/master_directions/md_13071.pdf
2026-08-12 19:39:46,071 [INFO] scraper.rbi: CACHE HIT md_13072 -> /Users/karan/Downloads/carbon-tracker 3/Capstone_project/data/raw/master_directions/md_13072.pdf
2026-08-12 19:39:46,072 [INFO] scraper.rbi: CACHE HIT md_13073 -> /Users/karan/Downloads/carbon-tracker 3/Capstone_project/data/raw/master_directions/md_13073.pdf
2026-08-12 19:39:46,072 [INFO] scraper.rbi: CACHE HIT md_13074 -> /Users/karan/Downloads/carbon-tracker 3/Capstone_project/data/raw/master_directions/md_13074.pdf
2026-08-12 19:39:46,072 [INFO] scraper.rbi: CACHE HIT md_13075 -> /Users/karan/Downloads/carbon-tracker 3/Capstone_project/data/raw/master_directions/md_13075.pdf
2026-08-12 19:39:46,072 [INFO] scraper.rbi: CACHE HIT md_13076 -> /Users/karan/Downloads/carbon-tracker 3/Capstone_project/data/raw/master_directions/md_13076.pdf
2026-08-12 19:39:46,073 [INFO] scraper.rbi: CACHE HIT md_13077 -> /Users/karan/Downloads/carbon-tracker 3/Capstone_project/data/raw/master_directions/md_13077.pdf
2026-08-12 19:39:46,073 [INFO] scraper.rbi: CACHE HIT md_13078 -> /Users/karan/Downloads/carbon-tracker 3/Capstone_project/data/raw/master_directions/md_13078.pdf
2026-08-12 19:39:46,073 [INFO] scraper.rbi: CACHE HIT md_13079 -> /Users/karan/Downloads/carbon-tracker 3/Capstone_project/data/raw/master_directions/md_13079.pdf
2026-08-12 19:39:46,073 [INFO] scraper.rbi: CACHE HIT md_13080 -> /Users/karan/Downloads/carbon-tracker 3/Capstone_project/data/raw/master_directions/md_13080.pdf
2026-08-12 19:39:46,074 [INFO] scraper.rbi: CACHE HIT md_13081 -> /Users/karan/Downloads/carbon-tracker 3/Capstone_project/data/raw/master_directions/md_13081.pdf
2026-08-12 19:39:46,074 [INFO] scraper.rbi: CACHE HIT md_13082 -> /Users/karan/Downloads/carbon-tracker 3/Capstone_project/data/raw/master_directions/md_13082.pdf
2026-08-12 19:39:46,074 [INFO] scraper.rbi: CACHE HIT md_13083 -> /Users/karan/Downloads/carbon-tracker 3/Capstone_project/data/raw/master_directions/md_13083.pdf
2026-08-12 19:39:46,074 [INFO] scraper.rbi: CACHE HIT md_13084 -> /Users/karan/Downloads/carbon-tracker 3/Capstone_project/data/raw/master_directions/md_13084.pdf
2026-08-12 19:39:46,074 [INFO] scraper.rbi: CACHE HIT md_13085 -> /Users/karan/Downloads/carbon-tracker 3/Capstone_project/data/raw/master_directions/md_13085.pdf
2026-08-12 19:39:46,075 [INFO] scraper.rbi: CACHE HIT md_13086 -> /Users/karan/Downloads/carbon-tracker 3/Capstone_project/data/raw/master_directions/md_13086.pdf
2026-08-12 19:39:46,075 [INFO] scraper.rbi: CACHE HIT md_13327 -> /Users/karan/Downloads/carbon-tracker 3/Capstone_project/data/raw/master_directions/md_13327.pdf
2026-08-12 19:39:46,075 [INFO] scraper.rbi: CACHE HIT md_13038 -> /Users/karan/Downloads/carbon-tracker 3/Capstone_project/data/raw/master_directions/md_13038.pdf
2026-08-12 19:39:46,075 [INFO] scraper.rbi: CACHE HIT md_13039 -> /Users/karan/Downloads/carbon-tracker 3/Capstone_project/data/raw/master_directions/md_13039.pdf
2026-08-12 19:39:46,076 [INFO] scraper.rbi: CACHE HIT md_13040 -> /Users/karan/Downloads/carbon-tracker 3/Capstone_project/data/raw/master_directions/md_13040.pdf
2026-08-12 19:39:46,076 [INFO] scraper.rbi: CACHE HIT md_13041 -> /Users/karan/Downloads/carbon-tracker 3/Capstone_project/data/raw/master_directions/md_13041.pdf
2026-08-12 19:39:46,076 [INFO] scraper.rbi: CACHE HIT md_13042 -> /Users/karan/Downloads/carbon-tracker 3/Capstone_project/data/raw/master_directions/md_13042.pdf
2026-08-12 19:39:46,076 [INFO] scraper.rbi: CACHE HIT md_13043 -> /Users/karan/Downloads/carbon-tracker 3/Capstone_project/data/raw/master_directions/md_13043.pdf
2026-08-12 19:39:46,077 [INFO] scraper.rbi: CACHE HIT md_13044 -> /Users/karan/Downloads/carbon-tracker 3/Capstone_project/data/raw/master_directions/md_13044.pdf
2026-08-12 19:39:46,077 [INFO] scraper.rbi: CACHE HIT md_13045 -> /Users/karan/Downloads/carbon-tracker 3/Capstone_project/data/raw/master_directions/md_13045.pdf
2026-08-12 19:39:46,077 [INFO] scraper.rbi: CACHE HIT md_13046 -> /Users/karan/Downloads/carbon-tracker 3/Capstone_project/data/raw/master_directions/md_13046.pdf
2026-08-12 19:39:46,077 [INFO] scraper.rbi: CACHE HIT md_13047 -> /Users/karan/Downloads/carbon-tracker 3/Capstone_project/data/raw/master_directions/md_13047.pdf
2026-08-12 19:39:46,077 [INFO] scraper.rbi: CACHE HIT md_13048 -> /Users/karan/Downloads/carbon-tracker 3/Capstone_project/data/raw/master_directions/md_13048.pdf
2026-08-12 19:39:46,078 [INFO] scraper.rbi: CACHE HIT md_13049 -> /Users/karan/Downloads/carbon-tracker 3/Capstone_project/data/raw/master_directions/md_13049.pdf
2026-08-12 19:39:46,078 [INFO] scraper.rbi: CACHE HIT md_13050 -> /Users/karan/Downloads/carbon-tracker 3/Capstone_project/data/raw/master_directions/md_13050.pdf
2026-08-12 19:39:46,078 [INFO] scraper.rbi: CACHE HIT md_13051 -> /Users/karan/Downloads/carbon-tracker 3/Capstone_project/data/raw/master_directions/md_13051.pdf
2026-08-12 19:39:46,078 [INFO] scraper.rbi: CACHE HIT md_13052 -> /Users/karan/Downloads/carbon-tracker 3/Capstone_project/data/raw/master_directions/md_13052.pdf
2026-08-12 19:39:46,079 [INFO] scraper.rbi: CACHE HIT md_13053 -> /Users/karan/Downloads/carbon-tracker 3/Capstone_project/data/raw/master_directions/md_13053.pdf
2026-08-12 19:39:46,079 [INFO] scraper.rbi: CACHE HIT md_13054 -> /Users/karan/Downloads/carbon-tracker 3/Capstone_project/data/raw/master_directions/md_13054.pdf
2026-08-12 19:39:46,079 [INFO] scraper.rbi: CACHE HIT md_13055 -> /Users/karan/Downloads/carbon-tracker 3/Capstone_project/data/raw/master_directions/md_13055.pdf
2026-08-12 19:39:46,079 [INFO] scraper.rbi: CACHE HIT md_13056 -> /Users/karan/Downloads/carbon-tracker 3/Capstone_project/data/raw/master_directions/md_13056.pdf
2026-08-12 19:39:46,079 [INFO] scraper.rbi: CACHE HIT md_13057 -> /Users/karan/Downloads/carbon-tracker 3/Capstone_project/data/raw/master_directions/md_13057.pdf
2026-08-12 19:39:46,080 [INFO] scraper.rbi: CACHE HIT md_13058 -> /Users/karan/Downloads/carbon-tracker 3/Capstone_project/data/raw/master_directions/md_13058.pdf
2026-08-12 19:39:46,080 [INFO] scraper.rbi: CACHE HIT md_13059 -> /Users/karan/Downloads/carbon-tracker 3/Capstone_project/data/raw/master_directions/md_13059.pdf
2026-08-12 19:39:46,080 [INFO] scraper.rbi: CACHE HIT md_13060 -> /Users/karan/Downloads/carbon-tracker 3/Capstone_project/data/raw/master_directions/md_13060.pdf
2026-08-12 19:39:46,080 [INFO] scraper.rbi: CACHE HIT md_13203 -> /Users/karan/Downloads/carbon-tracker 3/Capstone_project/data/raw/master_directions/md_13203.pdf
2026-08-12 19:39:46,081 [INFO] scraper.rbi: CACHE HIT md_13204 -> /Users/karan/Downloads/carbon-tracker 3/Capstone_project/data/raw/master_directions/md_13204.pdf
2026-08-12 19:39:46,081 [INFO] scraper.rbi: CACHE HIT md_13011 -> /Users/karan/Downloads/carbon-tracker 3/Capstone_project/data/raw/master_directions/md_13011.pdf
2026-08-12 19:39:46,081 [INFO] scraper.rbi: CACHE HIT md_13012 -> /Users/karan/Downloads/carbon-tracker 3/Capstone_project/data/raw/master_directions/md_13012.pdf
2026-08-12 19:39:46,081 [INFO] scraper.rbi: CACHE HIT md_13013 -> /Users/karan/Downloads/carbon-tracker 3/Capstone_project/data/raw/master_directions/md_13013.pdf
2026-08-12 19:39:46,081 [INFO] scraper.rbi: CACHE HIT md_13014 -> /Users/karan/Downloads/carbon-tracker 3/Capstone_project/data/raw/master_directions/md_13014.pdf
2026-08-12 19:39:46,082 [INFO] scraper.rbi: CACHE HIT md_13015 -> /Users/karan/Downloads/carbon-tracker 3/Capstone_project/data/raw/master_directions/md_13015.pdf
2026-08-12 19:39:46,082 [INFO] scraper.rbi: CACHE HIT md_13016 -> /Users/karan/Downloads/carbon-tracker 3/Capstone_project/data/raw/master_directions/md_13016.pdf
2026-08-12 19:39:46,082 [INFO] scraper.rbi: CACHE HIT md_13017 -> /Users/karan/Downloads/carbon-tracker 3/Capstone_project/data/raw/master_directions/md_13017.pdf
2026-08-12 19:39:46,082 [INFO] scraper.rbi: CACHE HIT md_13018 -> /Users/karan/Downloads/carbon-tracker 3/Capstone_project/data/raw/master_directions/md_13018.pdf
2026-08-12 19:39:46,083 [INFO] scraper.rbi: CACHE HIT md_13019 -> /Users/karan/Downloads/carbon-tracker 3/Capstone_project/data/raw/master_directions/md_13019.pdf
2026-08-12 19:39:46,083 [INFO] scraper.rbi: CACHE HIT md_13020 -> /Users/karan/Downloads/carbon-tracker 3/Capstone_project/data/raw/master_directions/md_13020.pdf
2026-08-12 19:39:46,083 [INFO] scraper.rbi: CACHE HIT md_13021 -> /Users/karan/Downloads/carbon-tracker 3/Capstone_project/data/raw/master_directions/md_13021.pdf
2026-08-12 19:39:46,083 [INFO] scraper.rbi: CACHE HIT md_13022 -> /Users/karan/Downloads/carbon-tracker 3/Capstone_project/data/raw/master_directions/md_13022.pdf
2026-08-12 19:39:46,083 [INFO] scraper.rbi: CACHE HIT md_13023 -> /Users/karan/Downloads/carbon-tracker 3/Capstone_project/data/raw/master_directions/md_13023.pdf
2026-08-12 19:39:46,084 [INFO] scraper.rbi: CACHE HIT md_13024 -> /Users/karan/Downloads/carbon-tracker 3/Capstone_project/data/raw/master_directions/md_13024.pdf
2026-08-12 19:39:46,084 [INFO] scraper.rbi: CACHE HIT md_13025 -> /Users/karan/Downloads/carbon-tracker 3/Capstone_project/data/raw/master_directions/md_13025.pdf
2026-08-12 19:39:46,084 [INFO] scraper.rbi: CACHE HIT md_13026 -> /Users/karan/Downloads/carbon-tracker 3/Capstone_project/data/raw/master_directions/md_13026.pdf
2026-08-12 19:39:46,084 [INFO] scraper.rbi: CACHE HIT md_13027 -> /Users/karan/Downloads/carbon-tracker 3/Capstone_project/data/raw/master_directions/md_13027.pdf
2026-08-12 19:39:46,085 [INFO] scraper.rbi: CACHE HIT md_13028 -> /Users/karan/Downloads/carbon-tracker 3/Capstone_project/data/raw/master_directions/md_13028.pdf
2026-08-12 19:39:46,085 [INFO] scraper.rbi: CACHE HIT md_13029 -> /Users/karan/Downloads/carbon-tracker 3/Capstone_project/data/raw/master_directions/md_13029.pdf
2026-08-12 19:39:46,085 [INFO] scraper.rbi: CACHE HIT md_13030 -> /Users/karan/Downloads/carbon-tracker 3/Capstone_project/data/raw/master_directions/md_13030.pdf
2026-08-12 19:39:46,086 [INFO] scraper.rbi: CACHE HIT md_13031 -> /Users/karan/Downloads/carbon-tracker 3/Capstone_project/data/raw/master_directions/md_13031.pdf
2026-08-12 19:39:46,086 [INFO] scraper.rbi: CACHE HIT md_13032 -> /Users/karan/Downloads/carbon-tracker 3/Capstone_project/data/raw/master_directions/md_13032.pdf
2026-08-12 19:39:46,086 [INFO] scraper.rbi: CACHE HIT md_13033 -> /Users/karan/Downloads/carbon-tracker 3/Capstone_project/data/raw/master_directions/md_13033.pdf
2026-08-12 19:39:46,086 [INFO] scraper.rbi: CACHE HIT md_13034 -> /Users/karan/Downloads/carbon-tracker 3/Capstone_project/data/raw/master_directions/md_13034.pdf
2026-08-12 19:39:46,087 [INFO] scraper.rbi: CACHE HIT md_13036 -> /Users/karan/Downloads/carbon-tracker 3/Capstone_project/data/raw/master_directions/md_13036.pdf
2026-08-12 19:39:46,087 [INFO] scraper.rbi: CACHE HIT md_12986 -> /Users/karan/Downloads/carbon-tracker 3/Capstone_project/data/raw/master_directions/md_12986.pdf
2026-08-12 19:39:46,087 [INFO] scraper.rbi: CACHE HIT md_12987 -> /Users/karan/Downloads/carbon-tracker 3/Capstone_project/data/raw/master_directions/md_12987.pdf
2026-08-12 19:39:46,087 [INFO] scraper.rbi: CACHE HIT md_12988 -> /Users/karan/Downloads/carbon-tracker 3/Capstone_project/data/raw/master_directions/md_12988.pdf
2026-08-12 19:39:46,087 [INFO] scraper.rbi: CACHE HIT md_12989 -> /Users/karan/Downloads/carbon-tracker 3/Capstone_project/data/raw/master_directions/md_12989.pdf
2026-08-12 19:39:46,088 [INFO] scraper.rbi: CACHE HIT md_12990 -> /Users/karan/Downloads/carbon-tracker 3/Capstone_project/data/raw/master_directions/md_12990.pdf
2026-08-12 19:39:46,088 [INFO] scraper.rbi: CACHE HIT md_12991 -> /Users/karan/Downloads/carbon-tracker 3/Capstone_project/data/raw/master_directions/md_12991.pdf
2026-08-12 19:39:46,088 [INFO] scraper.rbi: CACHE HIT md_12992 -> /Users/karan/Downloads/carbon-tracker 3/Capstone_project/data/raw/master_directions/md_12992.pdf
2026-08-12 19:39:46,088 [INFO] scraper.rbi: CACHE HIT md_12993 -> /Users/karan/Downloads/carbon-tracker 3/Capstone_project/data/raw/master_directions/md_12993.pdf
2026-08-12 19:39:46,089 [INFO] scraper.rbi: CACHE HIT md_12994 -> /Users/karan/Downloads/carbon-tracker 3/Capstone_project/data/raw/master_directions/md_12994.pdf
2026-08-12 19:39:46,089 [INFO] scraper.rbi: CACHE HIT md_12995 -> /Users/karan/Downloads/carbon-tracker 3/Capstone_project/data/raw/master_directions/md_12995.pdf
2026-08-12 19:39:46,089 [INFO] scraper.rbi: CACHE HIT md_12996 -> /Users/karan/Downloads/carbon-tracker 3/Capstone_project/data/raw/master_directions/md_12996.pdf
2026-08-12 19:39:46,089 [INFO] scraper.rbi: CACHE HIT md_12997 -> /Users/karan/Downloads/carbon-tracker 3/Capstone_project/data/raw/master_directions/md_12997.pdf
2026-08-12 19:39:46,089 [INFO] scraper.rbi: CACHE HIT md_12998 -> /Users/karan/Downloads/carbon-tracker 3/Capstone_project/data/raw/master_directions/md_12998.pdf
2026-08-12 19:39:46,090 [INFO] scraper.rbi: CACHE HIT md_12999 -> /Users/karan/Downloads/carbon-tracker 3/Capstone_project/data/raw/master_directions/md_12999.pdf
2026-08-12 19:39:46,090 [INFO] scraper.rbi: CACHE HIT md_13000 -> /Users/karan/Downloads/carbon-tracker 3/Capstone_project/data/raw/master_directions/md_13000.pdf
2026-08-12 19:39:46,090 [INFO] scraper.rbi: CACHE HIT md_13001 -> /Users/karan/Downloads/carbon-tracker 3/Capstone_project/data/raw/master_directions/md_13001.pdf
2026-08-12 19:39:46,090 [INFO] scraper.rbi: CACHE HIT md_13002 -> /Users/karan/Downloads/carbon-tracker 3/Capstone_project/data/raw/master_directions/md_13002.pdf
2026-08-12 19:39:46,091 [INFO] scraper.rbi: CACHE HIT md_13003 -> /Users/karan/Downloads/carbon-tracker 3/Capstone_project/data/raw/master_directions/md_13003.pdf
2026-08-12 19:39:46,091 [INFO] scraper.rbi: CACHE HIT md_13004 -> /Users/karan/Downloads/carbon-tracker 3/Capstone_project/data/raw/master_directions/md_13004.pdf
2026-08-12 19:39:46,091 [INFO] scraper.rbi: CACHE HIT md_13005 -> /Users/karan/Downloads/carbon-tracker 3/Capstone_project/data/raw/master_directions/md_13005.pdf
2026-08-12 19:39:46,091 [INFO] scraper.rbi: CACHE HIT md_13006 -> /Users/karan/Downloads/carbon-tracker 3/Capstone_project/data/raw/master_directions/md_13006.pdf
2026-08-12 19:39:46,091 [INFO] scraper.rbi: CACHE HIT md_13007 -> /Users/karan/Downloads/carbon-tracker 3/Capstone_project/data/raw/master_directions/md_13007.pdf
2026-08-12 19:39:46,092 [INFO] scraper.rbi: CACHE HIT md_13008 -> /Users/karan/Downloads/carbon-tracker 3/Capstone_project/data/raw/master_directions/md_13008.pdf
2026-08-12 19:39:46,092 [INFO] scraper.rbi: CACHE HIT md_13010 -> /Users/karan/Downloads/carbon-tracker 3/Capstone_project/data/raw/master_directions/md_13010.pdf
2026-08-12 19:39:46,092 [INFO] scraper.rbi: CACHE HIT md_13205 -> /Users/karan/Downloads/carbon-tracker 3/Capstone_project/data/raw/master_directions/md_13205.pdf
2026-08-12 19:39:46,093 [INFO] scraper.rbi: CACHE HIT md_13202 -> /Users/karan/Downloads/carbon-tracker 3/Capstone_project/data/raw/master_directions/md_13202.pdf
2026-08-12 19:39:46,093 [INFO] scraper.rbi: CACHE HIT md_12966 -> /Users/karan/Downloads/carbon-tracker 3/Capstone_project/data/raw/master_directions/md_12966.pdf
2026-08-12 19:39:46,093 [INFO] scraper.rbi: CACHE HIT md_12967 -> /Users/karan/Downloads/carbon-tracker 3/Capstone_project/data/raw/master_directions/md_12967.pdf
2026-08-12 19:39:46,093 [INFO] scraper.rbi: CACHE HIT md_12968 -> /Users/karan/Downloads/carbon-tracker 3/Capstone_project/data/raw/master_directions/md_12968.pdf
2026-08-12 19:39:46,093 [INFO] scraper.rbi: CACHE HIT md_12969 -> /Users/karan/Downloads/carbon-tracker 3/Capstone_project/data/raw/master_directions/md_12969.pdf
2026-08-12 19:39:46,094 [INFO] scraper.rbi: CACHE HIT md_12970 -> /Users/karan/Downloads/carbon-tracker 3/Capstone_project/data/raw/master_directions/md_12970.pdf
2026-08-12 19:39:46,094 [INFO] scraper.rbi: CACHE HIT md_12971 -> /Users/karan/Downloads/carbon-tracker 3/Capstone_project/data/raw/master_directions/md_12971.pdf
2026-08-12 19:39:46,094 [INFO] scraper.rbi: CACHE HIT md_12972 -> /Users/karan/Downloads/carbon-tracker 3/Capstone_project/data/raw/master_directions/md_12972.pdf
2026-08-12 19:39:46,094 [INFO] scraper.rbi: CACHE HIT md_12973 -> /Users/karan/Downloads/carbon-tracker 3/Capstone_project/data/raw/master_directions/md_12973.pdf
2026-08-12 19:39:46,095 [INFO] scraper.rbi: CACHE HIT md_12974 -> /Users/karan/Downloads/carbon-tracker 3/Capstone_project/data/raw/master_directions/md_12974.pdf
2026-08-12 19:39:46,095 [INFO] scraper.rbi: CACHE HIT md_12975 -> /Users/karan/Downloads/carbon-tracker 3/Capstone_project/data/raw/master_directions/md_12975.pdf
2026-08-12 19:39:46,095 [INFO] scraper.rbi: CACHE HIT md_12976 -> /Users/karan/Downloads/carbon-tracker 3/Capstone_project/data/raw/master_directions/md_12976.pdf
2026-08-12 19:39:46,095 [INFO] scraper.rbi: CACHE HIT md_12977 -> /Users/karan/Downloads/carbon-tracker 3/Capstone_project/data/raw/master_directions/md_12977.pdf
2026-08-12 19:39:46,095 [INFO] scraper.rbi: CACHE HIT md_12978 -> /Users/karan/Downloads/carbon-tracker 3/Capstone_project/data/raw/master_directions/md_12978.pdf
2026-08-12 19:39:46,096 [INFO] scraper.rbi: CACHE HIT md_12979 -> /Users/karan/Downloads/carbon-tracker 3/Capstone_project/data/raw/master_directions/md_12979.pdf
2026-08-12 19:39:46,096 [INFO] scraper.rbi: CACHE HIT md_12980 -> /Users/karan/Downloads/carbon-tracker 3/Capstone_project/data/raw/master_directions/md_12980.pdf
2026-08-12 19:39:46,096 [INFO] scraper.rbi: CACHE HIT md_12981 -> /Users/karan/Downloads/carbon-tracker 3/Capstone_project/data/raw/master_directions/md_12981.pdf
2026-08-12 19:39:46,096 [INFO] scraper.rbi: CACHE HIT md_12982 -> /Users/karan/Downloads/carbon-tracker 3/Capstone_project/data/raw/master_directions/md_12982.pdf
2026-08-12 19:39:46,097 [INFO] scraper.rbi: CACHE HIT md_12983 -> /Users/karan/Downloads/carbon-tracker 3/Capstone_project/data/raw/master_directions/md_12983.pdf
2026-08-12 19:39:46,097 [INFO] scraper.rbi: CACHE HIT md_12984 -> /Users/karan/Downloads/carbon-tracker 3/Capstone_project/data/raw/master_directions/md_12984.pdf
2026-08-12 19:39:46,097 [INFO] scraper.rbi: CACHE HIT md_12931 -> /Users/karan/Downloads/carbon-tracker 3/Capstone_project/data/raw/master_directions/md_12931.pdf
2026-08-12 19:39:46,097 [INFO] scraper.rbi: CACHE HIT md_12932 -> /Users/karan/Downloads/carbon-tracker 3/Capstone_project/data/raw/master_directions/md_12932.pdf
2026-08-12 19:39:46,097 [INFO] scraper.rbi: CACHE HIT md_12933 -> /Users/karan/Downloads/carbon-tracker 3/Capstone_project/data/raw/master_directions/md_12933.pdf
2026-08-12 19:39:46,098 [INFO] scraper.rbi: CACHE HIT md_12934 -> /Users/karan/Downloads/carbon-tracker 3/Capstone_project/data/raw/master_directions/md_12934.pdf
2026-08-12 19:39:46,098 [INFO] scraper.rbi: CACHE HIT md_12935 -> /Users/karan/Downloads/carbon-tracker 3/Capstone_project/data/raw/master_directions/md_12935.pdf
2026-08-12 19:39:46,098 [INFO] scraper.rbi: CACHE HIT md_12936 -> /Users/karan/Downloads/carbon-tracker 3/Capstone_project/data/raw/master_directions/md_12936.pdf
2026-08-12 19:39:46,098 [INFO] scraper.rbi: CACHE HIT md_12937 -> /Users/karan/Downloads/carbon-tracker 3/Capstone_project/data/raw/master_directions/md_12937.pdf
2026-08-12 19:39:46,098 [INFO] scraper.rbi: CACHE HIT md_12938 -> /Users/karan/Downloads/carbon-tracker 3/Capstone_project/data/raw/master_directions/md_12938.pdf
2026-08-12 19:39:46,099 [INFO] scraper.rbi: CACHE HIT md_12939 -> /Users/karan/Downloads/carbon-tracker 3/Capstone_project/data/raw/master_directions/md_12939.pdf
2026-08-12 19:39:46,099 [INFO] scraper.rbi: CACHE HIT md_12940 -> /Users/karan/Downloads/carbon-tracker 3/Capstone_project/data/raw/master_directions/md_12940.pdf
2026-08-12 19:39:46,099 [INFO] scraper.rbi: CACHE HIT md_12941 -> /Users/karan/Downloads/carbon-tracker 3/Capstone_project/data/raw/master_directions/md_12941.pdf
2026-08-12 19:39:46,099 [INFO] scraper.rbi: CACHE HIT md_12942 -> /Users/karan/Downloads/carbon-tracker 3/Capstone_project/data/raw/master_directions/md_12942.pdf
2026-08-12 19:39:46,100 [INFO] scraper.rbi: CACHE HIT md_12943 -> /Users/karan/Downloads/carbon-tracker 3/Capstone_project/data/raw/master_directions/md_12943.pdf
2026-08-12 19:39:46,100 [INFO] scraper.rbi: CACHE HIT md_12944 -> /Users/karan/Downloads/carbon-tracker 3/Capstone_project/data/raw/master_directions/md_12944.pdf
2026-08-12 19:39:46,100 [INFO] scraper.rbi: CACHE HIT md_12945 -> /Users/karan/Downloads/carbon-tracker 3/Capstone_project/data/raw/master_directions/md_12945.pdf
2026-08-12 19:39:46,100 [INFO] scraper.rbi: CACHE HIT md_12946 -> /Users/karan/Downloads/carbon-tracker 3/Capstone_project/data/raw/master_directions/md_12946.pdf
2026-08-12 19:39:46,100 [INFO] scraper.rbi: CACHE HIT md_12947 -> /Users/karan/Downloads/carbon-tracker 3/Capstone_project/data/raw/master_directions/md_12947.pdf
2026-08-12 19:39:46,101 [INFO] scraper.rbi: CACHE HIT md_12948 -> /Users/karan/Downloads/carbon-tracker 3/Capstone_project/data/raw/master_directions/md_12948.pdf
2026-08-12 19:39:46,101 [INFO] scraper.rbi: CACHE HIT md_12949 -> /Users/karan/Downloads/carbon-tracker 3/Capstone_project/data/raw/master_directions/md_12949.pdf
2026-08-12 19:39:46,101 [INFO] scraper.rbi: CACHE HIT md_12950 -> /Users/karan/Downloads/carbon-tracker 3/Capstone_project/data/raw/master_directions/md_12950.pdf
2026-08-12 19:39:46,101 [INFO] scraper.rbi: CACHE HIT md_12951 -> /Users/karan/Downloads/carbon-tracker 3/Capstone_project/data/raw/master_directions/md_12951.pdf
2026-08-12 19:39:46,102 [INFO] scraper.rbi: CACHE HIT md_12952 -> /Users/karan/Downloads/carbon-tracker 3/Capstone_project/data/raw/master_directions/md_12952.pdf
2026-08-12 19:39:46,102 [INFO] scraper.rbi: CACHE HIT md_12953 -> /Users/karan/Downloads/carbon-tracker 3/Capstone_project/data/raw/master_directions/md_12953.pdf
2026-08-12 19:39:46,102 [INFO] scraper.rbi: CACHE HIT md_12954 -> /Users/karan/Downloads/carbon-tracker 3/Capstone_project/data/raw/master_directions/md_12954.pdf
2026-08-12 19:39:46,102 [INFO] scraper.rbi: CACHE HIT md_12955 -> /Users/karan/Downloads/carbon-tracker 3/Capstone_project/data/raw/master_directions/md_12955.pdf
2026-08-12 19:39:46,103 [INFO] scraper.rbi: CACHE HIT md_12956 -> /Users/karan/Downloads/carbon-tracker 3/Capstone_project/data/raw/master_directions/md_12956.pdf
2026-08-12 19:39:46,103 [INFO] scraper.rbi: CACHE HIT md_12957 -> /Users/karan/Downloads/carbon-tracker 3/Capstone_project/data/raw/master_directions/md_12957.pdf
2026-08-12 19:39:46,103 [INFO] scraper.rbi: CACHE HIT md_12958 -> /Users/karan/Downloads/carbon-tracker 3/Capstone_project/data/raw/master_directions/md_12958.pdf
2026-08-12 19:39:46,103 [INFO] scraper.rbi: CACHE HIT md_12959 -> /Users/karan/Downloads/carbon-tracker 3/Capstone_project/data/raw/master_directions/md_12959.pdf
2026-08-12 19:39:46,104 [INFO] scraper.rbi: CACHE HIT md_12960 -> /Users/karan/Downloads/carbon-tracker 3/Capstone_project/data/raw/master_directions/md_12960.pdf
2026-08-12 19:39:46,104 [INFO] scraper.rbi: CACHE HIT md_12961 -> /Users/karan/Downloads/carbon-tracker 3/Capstone_project/data/raw/master_directions/md_12961.pdf
2026-08-12 19:39:46,104 [INFO] scraper.rbi: CACHE HIT md_12962 -> /Users/karan/Downloads/carbon-tracker 3/Capstone_project/data/raw/master_directions/md_12962.pdf
2026-08-12 19:39:46,104 [INFO] scraper.rbi: CACHE HIT md_12963 -> /Users/karan/Downloads/carbon-tracker 3/Capstone_project/data/raw/master_directions/md_12963.pdf
2026-08-12 19:39:46,104 [INFO] scraper.rbi: CACHE HIT md_12964 -> /Users/karan/Downloads/carbon-tracker 3/Capstone_project/data/raw/master_directions/md_12964.pdf
2026-08-12 19:39:46,105 [INFO] scraper.rbi: CACHE HIT md_12965 -> /Users/karan/Downloads/carbon-tracker 3/Capstone_project/data/raw/master_directions/md_12965.pdf
2026-08-12 19:39:46,105 [INFO] scraper.rbi: CACHE HIT md_12927 -> /Users/karan/Downloads/carbon-tracker 3/Capstone_project/data/raw/master_directions/md_12927.pdf
2026-08-12 19:39:46,105 [INFO] scraper.rbi: CACHE HIT md_12928 -> /Users/karan/Downloads/carbon-tracker 3/Capstone_project/data/raw/master_directions/md_12928.pdf
2026-08-12 19:39:46,105 [INFO] scraper.rbi: CACHE HIT md_12929 -> /Users/karan/Downloads/carbon-tracker 3/Capstone_project/data/raw/master_directions/md_12929.pdf
2026-08-12 19:39:46,106 [INFO] scraper.rbi: CACHE HIT md_12930 -> /Users/karan/Downloads/carbon-tracker 3/Capstone_project/data/raw/master_directions/md_12930.pdf
2026-08-12 19:39:46,106 [INFO] scraper.rbi: CACHE HIT md_12925 -> /Users/karan/Downloads/carbon-tracker 3/Capstone_project/data/raw/master_directions/md_12925.pdf
2026-08-12 19:39:46,106 [INFO] scraper.rbi: CACHE HIT md_12926 -> /Users/karan/Downloads/carbon-tracker 3/Capstone_project/data/raw/master_directions/md_12926.pdf
2026-08-12 19:39:46,106 [INFO] scraper.rbi: CACHE HIT md_13637 -> /Users/karan/Downloads/carbon-tracker 3/Capstone_project/data/raw/master_directions/md_13637.pdf
2026-08-12 19:39:46,107 [INFO] scraper.rbi: CACHE HIT md_13638 -> /Users/karan/Downloads/carbon-tracker 3/Capstone_project/data/raw/master_directions/md_13638.pdf
2026-08-12 19:39:46,107 [INFO] scraper.rbi: CACHE HIT md_13639 -> /Users/karan/Downloads/carbon-tracker 3/Capstone_project/data/raw/master_directions/md_13639.pdf
2026-08-12 19:39:46,107 [INFO] scraper.rbi: CACHE HIT md_13640 -> /Users/karan/Downloads/carbon-tracker 3/Capstone_project/data/raw/master_directions/md_13640.pdf
2026-08-12 19:39:46,107 [INFO] scraper.rbi: CACHE HIT md_13641 -> /Users/karan/Downloads/carbon-tracker 3/Capstone_project/data/raw/master_directions/md_13641.pdf
2026-08-12 19:39:46,108 [INFO] scraper.rbi: CACHE HIT md_13642 -> /Users/karan/Downloads/carbon-tracker 3/Capstone_project/data/raw/master_directions/md_13642.pdf
2026-08-12 19:39:46,108 [INFO] scraper.rbi: CACHE HIT md_13643 -> /Users/karan/Downloads/carbon-tracker 3/Capstone_project/data/raw/master_directions/md_13643.pdf
2026-08-12 19:39:46,108 [INFO] scraper.rbi: CACHE HIT md_13644 -> /Users/karan/Downloads/carbon-tracker 3/Capstone_project/data/raw/master_directions/md_13644.pdf
2026-08-12 19:39:46,108 [INFO] scraper.rbi: CACHE HIT md_13645 -> /Users/karan/Downloads/carbon-tracker 3/Capstone_project/data/raw/master_directions/md_13645.pdf
2026-08-12 19:39:46,109 [INFO] scraper.rbi: CACHE HIT md_13628 -> /Users/karan/Downloads/carbon-tracker 3/Capstone_project/data/raw/master_directions/md_13628.pdf
2026-08-12 19:39:46,109 [INFO] scraper.rbi: CACHE HIT md_13629 -> /Users/karan/Downloads/carbon-tracker 3/Capstone_project/data/raw/master_directions/md_13629.pdf
2026-08-12 19:39:46,109 [INFO] scraper.rbi: CACHE HIT md_13630 -> /Users/karan/Downloads/carbon-tracker 3/Capstone_project/data/raw/master_directions/md_13630.pdf
2026-08-12 19:39:46,109 [INFO] scraper.rbi: CACHE HIT md_13631 -> /Users/karan/Downloads/carbon-tracker 3/Capstone_project/data/raw/master_directions/md_13631.pdf
2026-08-12 19:39:46,110 [INFO] scraper.rbi: CACHE HIT md_13632 -> /Users/karan/Downloads/carbon-tracker 3/Capstone_project/data/raw/master_directions/md_13632.pdf
2026-08-12 19:39:46,110 [INFO] scraper.rbi: CACHE HIT md_13633 -> /Users/karan/Downloads/carbon-tracker 3/Capstone_project/data/raw/master_directions/md_13633.pdf
2026-08-12 19:39:46,110 [INFO] scraper.rbi: CACHE HIT md_13634 -> /Users/karan/Downloads/carbon-tracker 3/Capstone_project/data/raw/master_directions/md_13634.pdf
2026-08-12 19:39:46,110 [INFO] scraper.rbi: CACHE HIT md_13635 -> /Users/karan/Downloads/carbon-tracker 3/Capstone_project/data/raw/master_directions/md_13635.pdf
2026-08-12 19:39:46,110 [INFO] scraper.rbi: CACHE HIT md_13636 -> /Users/karan/Downloads/carbon-tracker 3/Capstone_project/data/raw/master_directions/md_13636.pdf
2026-08-12 19:39:46,111 [INFO] scraper.rbi: CACHE HIT md_13619 -> /Users/karan/Downloads/carbon-tracker 3/Capstone_project/data/raw/master_directions/md_13619.pdf
2026-08-12 19:39:46,111 [INFO] scraper.rbi: CACHE HIT md_13620 -> /Users/karan/Downloads/carbon-tracker 3/Capstone_project/data/raw/master_directions/md_13620.pdf
2026-08-12 19:39:46,111 [INFO] scraper.rbi: CACHE HIT md_13621 -> /Users/karan/Downloads/carbon-tracker 3/Capstone_project/data/raw/master_directions/md_13621.pdf
2026-08-12 19:39:46,111 [INFO] scraper.rbi: CACHE HIT md_13622 -> /Users/karan/Downloads/carbon-tracker 3/Capstone_project/data/raw/master_directions/md_13622.pdf
2026-08-12 19:39:46,111 [INFO] scraper.rbi: CACHE HIT md_13623 -> /Users/karan/Downloads/carbon-tracker 3/Capstone_project/data/raw/master_directions/md_13623.pdf
2026-08-12 19:39:46,112 [INFO] scraper.rbi: CACHE HIT md_13624 -> /Users/karan/Downloads/carbon-tracker 3/Capstone_project/data/raw/master_directions/md_13624.pdf
2026-08-12 19:39:46,112 [INFO] scraper.rbi: CACHE HIT md_13625 -> /Users/karan/Downloads/carbon-tracker 3/Capstone_project/data/raw/master_directions/md_13625.pdf
2026-08-12 19:39:46,112 [INFO] scraper.rbi: CACHE HIT md_13626 -> /Users/karan/Downloads/carbon-tracker 3/Capstone_project/data/raw/master_directions/md_13626.pdf
2026-08-12 19:39:46,112 [INFO] scraper.rbi: CACHE HIT md_13627 -> /Users/karan/Downloads/carbon-tracker 3/Capstone_project/data/raw/master_directions/md_13627.pdf
2026-08-12 19:39:46,112 [INFO] scraper.rbi: CACHE HIT md_13603 -> /Users/karan/Downloads/carbon-tracker 3/Capstone_project/data/raw/master_directions/md_13603.pdf
2026-08-12 19:39:46,113 [INFO] scraper.rbi: CACHE HIT md_13604 -> /Users/karan/Downloads/carbon-tracker 3/Capstone_project/data/raw/master_directions/md_13604.pdf
2026-08-12 19:39:46,113 [INFO] scraper.rbi: CACHE HIT md_13605 -> /Users/karan/Downloads/carbon-tracker 3/Capstone_project/data/raw/master_directions/md_13605.pdf
2026-08-12 19:39:46,113 [INFO] scraper.rbi: CACHE HIT md_13606 -> /Users/karan/Downloads/carbon-tracker 3/Capstone_project/data/raw/master_directions/md_13606.pdf
2026-08-12 19:39:46,113 [INFO] scraper.rbi: CACHE HIT md_13607 -> /Users/karan/Downloads/carbon-tracker 3/Capstone_project/data/raw/master_directions/md_13607.pdf
2026-08-12 19:39:46,114 [INFO] scraper.rbi: CACHE HIT md_13608 -> /Users/karan/Downloads/carbon-tracker 3/Capstone_project/data/raw/master_directions/md_13608.pdf
2026-08-12 19:39:46,114 [INFO] scraper.rbi: CACHE HIT md_13609 -> /Users/karan/Downloads/carbon-tracker 3/Capstone_project/data/raw/master_directions/md_13609.pdf
2026-08-12 19:39:46,114 [INFO] scraper.rbi: CACHE HIT md_13598 -> /Users/karan/Downloads/carbon-tracker 3/Capstone_project/data/raw/master_directions/md_13598.pdf
2026-08-12 19:39:46,114 [INFO] scraper.rbi: CACHE HIT md_13599 -> /Users/karan/Downloads/carbon-tracker 3/Capstone_project/data/raw/master_directions/md_13599.pdf
2026-08-12 19:39:46,115 [INFO] scraper.rbi: CACHE HIT md_13610 -> /Users/karan/Downloads/carbon-tracker 3/Capstone_project/data/raw/master_directions/md_13610.pdf
2026-08-12 19:39:46,115 [INFO] scraper.rbi: CACHE HIT md_13611 -> /Users/karan/Downloads/carbon-tracker 3/Capstone_project/data/raw/master_directions/md_13611.pdf
2026-08-12 19:39:46,115 [INFO] scraper.rbi: CACHE HIT md_13612 -> /Users/karan/Downloads/carbon-tracker 3/Capstone_project/data/raw/master_directions/md_13612.pdf
2026-08-12 19:39:46,115 [INFO] scraper.rbi: CACHE HIT md_13613 -> /Users/karan/Downloads/carbon-tracker 3/Capstone_project/data/raw/master_directions/md_13613.pdf
2026-08-12 19:39:46,115 [INFO] scraper.rbi: CACHE HIT md_13614 -> /Users/karan/Downloads/carbon-tracker 3/Capstone_project/data/raw/master_directions/md_13614.pdf
2026-08-12 19:39:46,116 [INFO] scraper.rbi: CACHE HIT md_13615 -> /Users/karan/Downloads/carbon-tracker 3/Capstone_project/data/raw/master_directions/md_13615.pdf
2026-08-12 19:39:46,116 [INFO] scraper.rbi: CACHE HIT md_13616 -> /Users/karan/Downloads/carbon-tracker 3/Capstone_project/data/raw/master_directions/md_13616.pdf
2026-08-12 19:39:46,116 [INFO] scraper.rbi: CACHE HIT md_13617 -> /Users/karan/Downloads/carbon-tracker 3/Capstone_project/data/raw/master_directions/md_13617.pdf
2026-08-12 19:39:46,116 [INFO] scraper.rbi: CACHE HIT md_13618 -> /Users/karan/Downloads/carbon-tracker 3/Capstone_project/data/raw/master_directions/md_13618.pdf
2026-08-12 19:39:46,117 [INFO] scraper.rbi: CACHE HIT md_13600 -> /Users/karan/Downloads/carbon-tracker 3/Capstone_project/data/raw/master_directions/md_13600.pdf
2026-08-12 19:39:46,117 [INFO] scraper.rbi: CACHE HIT md_13601 -> /Users/karan/Downloads/carbon-tracker 3/Capstone_project/data/raw/master_directions/md_13601.pdf
2026-08-12 19:39:46,117 [INFO] scraper.rbi: CACHE HIT md_13602 -> /Users/karan/Downloads/carbon-tracker 3/Capstone_project/data/raw/master_directions/md_13602.pdf
2026-08-12 19:39:46,118 [INFO] scraper.rbi: CACHE HIT md_13594 -> /Users/karan/Downloads/carbon-tracker 3/Capstone_project/data/raw/master_directions/md_13594.pdf
2026-08-12 19:39:46,118 [INFO] scraper.rbi: CACHE HIT md_13595 -> /Users/karan/Downloads/carbon-tracker 3/Capstone_project/data/raw/master_directions/md_13595.pdf
2026-08-12 19:39:46,118 [INFO] scraper.rbi: CACHE HIT md_13596 -> /Users/karan/Downloads/carbon-tracker 3/Capstone_project/data/raw/master_directions/md_13596.pdf
2026-08-12 19:39:46,118 [INFO] scraper.rbi: CACHE HIT md_13597 -> /Users/karan/Downloads/carbon-tracker 3/Capstone_project/data/raw/master_directions/md_13597.pdf
2026-08-12 19:39:46,119 [INFO] scraper.rbi: CACHE HIT md_13585 -> /Users/karan/Downloads/carbon-tracker 3/Capstone_project/data/raw/master_directions/md_13585.pdf
2026-08-12 19:39:46,119 [INFO] scraper.rbi: CACHE HIT md_13586 -> /Users/karan/Downloads/carbon-tracker 3/Capstone_project/data/raw/master_directions/md_13586.pdf
2026-08-12 19:39:46,119 [INFO] scraper.rbi: CACHE HIT md_13587 -> /Users/karan/Downloads/carbon-tracker 3/Capstone_project/data/raw/master_directions/md_13587.pdf
2026-08-12 19:39:46,119 [INFO] scraper.rbi: CACHE HIT md_13588 -> /Users/karan/Downloads/carbon-tracker 3/Capstone_project/data/raw/master_directions/md_13588.pdf
2026-08-12 19:39:46,120 [INFO] scraper.rbi: CACHE HIT md_13589 -> /Users/karan/Downloads/carbon-tracker 3/Capstone_project/data/raw/master_directions/md_13589.pdf
2026-08-12 19:39:46,120 [INFO] scraper.rbi: CACHE HIT md_13590 -> /Users/karan/Downloads/carbon-tracker 3/Capstone_project/data/raw/master_directions/md_13590.pdf
2026-08-12 19:39:46,120 [INFO] scraper.rbi: CACHE HIT md_13591 -> /Users/karan/Downloads/carbon-tracker 3/Capstone_project/data/raw/master_directions/md_13591.pdf
2026-08-12 19:39:46,120 [INFO] scraper.rbi: CACHE HIT md_13592 -> /Users/karan/Downloads/carbon-tracker 3/Capstone_project/data/raw/master_directions/md_13592.pdf
2026-08-12 19:39:46,120 [INFO] scraper.rbi: CACHE HIT md_13593 -> /Users/karan/Downloads/carbon-tracker 3/Capstone_project/data/raw/master_directions/md_13593.pdf
2026-08-12 19:39:46,121 [INFO] scraper.rbi: CACHE HIT md_13584 -> /Users/karan/Downloads/carbon-tracker 3/Capstone_project/data/raw/master_directions/md_13584.pdf
2026-08-12 19:39:46,121 [INFO] scraper.rbi: CACHE HIT md_13582 -> /Users/karan/Downloads/carbon-tracker 3/Capstone_project/data/raw/master_directions/md_13582.pdf
2026-08-12 19:39:46,121 [INFO] scraper.rbi: CACHE HIT md_13583 -> /Users/karan/Downloads/carbon-tracker 3/Capstone_project/data/raw/master_directions/md_13583.pdf
2026-08-12 19:39:46,122 [INFO] scraper.rbi: CACHE HIT md_13522 -> /Users/karan/Downloads/carbon-tracker 3/Capstone_project/data/raw/master_directions/md_13522.pdf
2026-08-12 19:39:46,122 [INFO] scraper.rbi: CACHE HIT md_13523 -> /Users/karan/Downloads/carbon-tracker 3/Capstone_project/data/raw/master_directions/md_13523.pdf
2026-08-12 19:39:46,122 [INFO] scraper.rbi: CACHE HIT md_13524 -> /Users/karan/Downloads/carbon-tracker 3/Capstone_project/data/raw/master_directions/md_13524.pdf
2026-08-12 19:39:46,122 [INFO] scraper.rbi: CACHE HIT md_13525 -> /Users/karan/Downloads/carbon-tracker 3/Capstone_project/data/raw/master_directions/md_13525.pdf
2026-08-12 19:39:46,123 [INFO] scraper.rbi: CACHE HIT md_12799 -> /Users/karan/Downloads/carbon-tracker 3/Capstone_project/data/raw/master_directions/md_12799.pdf
2026-08-12 19:39:46,123 [INFO] scraper.rbi: CACHE HIT md_11959 -> /Users/karan/Downloads/carbon-tracker 3/Capstone_project/data/raw/master_directions/md_11959.pdf
2026-08-12 19:39:46,123 [INFO] scraper.rbi: CACHE HIT md_11060 -> /Users/karan/Downloads/carbon-tracker 3/Capstone_project/data/raw/master_directions/md_11060.pdf
2026-08-12 19:39:46,123 [INFO] scraper.rbi: CACHE HIT md_11037 -> /Users/karan/Downloads/carbon-tracker 3/Capstone_project/data/raw/master_directions/md_11037.pdf
2026-08-12 19:39:46,124 [INFO] scraper.rbi: CACHE HIT md_13552 -> /Users/karan/Downloads/carbon-tracker 3/Capstone_project/data/raw/master_directions/md_13552.pdf
2026-08-12 19:39:46,124 [INFO] scraper.rbi: CACHE HIT md_13343 -> /Users/karan/Downloads/carbon-tracker 3/Capstone_project/data/raw/master_directions/md_13343.pdf
2026-08-12 19:39:46,124 [INFO] scraper.rbi: CACHE HIT md_13214 -> /Users/karan/Downloads/carbon-tracker 3/Capstone_project/data/raw/master_directions/md_13214.pdf
2026-08-12 19:39:46,124 [INFO] scraper.rbi: CACHE HIT md_12920 -> /Users/karan/Downloads/carbon-tracker 3/Capstone_project/data/raw/master_directions/md_12920.pdf
2026-08-12 19:39:46,124 [INFO] scraper.rbi: CACHE HIT md_12870 -> /Users/karan/Downloads/carbon-tracker 3/Capstone_project/data/raw/master_directions/md_12870.pdf
2026-08-12 19:39:46,125 [INFO] scraper.rbi: CACHE HIT md_12784 -> /Users/karan/Downloads/carbon-tracker 3/Capstone_project/data/raw/master_directions/md_12784.pdf
2026-08-12 19:39:46,125 [INFO] scraper.rbi: CACHE HIT md_13376 -> /Users/karan/Downloads/carbon-tracker 3/Capstone_project/data/raw/master_directions/md_13376.pdf
2026-08-12 19:39:46,125 [INFO] scraper.rbi: CACHE HIT md_12765 -> /Users/karan/Downloads/carbon-tracker 3/Capstone_project/data/raw/master_directions/md_12765.pdf
2026-08-12 19:39:46,125 [INFO] scraper.rbi: CACHE HIT md_12682 -> /Users/karan/Downloads/carbon-tracker 3/Capstone_project/data/raw/master_directions/md_12682.pdf
2026-08-12 19:39:46,126 [INFO] scraper.rbi: CACHE HIT md_12592 -> /Users/karan/Downloads/carbon-tracker 3/Capstone_project/data/raw/master_directions/md_12592.pdf
2026-08-12 19:39:46,126 [INFO] scraper.rbi: CACHE HIT md_12581 -> /Users/karan/Downloads/carbon-tracker 3/Capstone_project/data/raw/master_directions/md_12581.pdf
2026-08-12 19:39:46,126 [INFO] scraper.rbi: CACHE HIT md_12580 -> /Users/karan/Downloads/carbon-tracker 3/Capstone_project/data/raw/master_directions/md_12580.pdf
2026-08-12 19:39:46,126 [INFO] scraper.rbi: CACHE HIT md_12427 -> /Users/karan/Downloads/carbon-tracker 3/Capstone_project/data/raw/master_directions/md_12427.pdf
2026-08-12 19:39:46,126 [INFO] scraper.rbi: CACHE HIT md_12163 -> /Users/karan/Downloads/carbon-tracker 3/Capstone_project/data/raw/master_directions/md_12163.pdf
2026-08-12 19:39:46,127 [INFO] scraper.rbi: CACHE HIT md_12108 -> /Users/karan/Downloads/carbon-tracker 3/Capstone_project/data/raw/master_directions/md_12108.pdf
2026-08-12 19:39:46,127 [INFO] scraper.rbi: CACHE HIT md_12061 -> /Users/karan/Downloads/carbon-tracker 3/Capstone_project/data/raw/master_directions/md_12061.pdf
2026-08-12 19:39:46,127 [INFO] scraper.rbi: CACHE HIT md_11500 -> /Users/karan/Downloads/carbon-tracker 3/Capstone_project/data/raw/master_directions/md_11500.pdf
2026-08-12 19:39:46,127 [INFO] scraper.rbi: CACHE HIT md_10495 -> /Users/karan/Downloads/carbon-tracker 3/Capstone_project/data/raw/master_directions/md_10495.pdf
2026-08-12 19:39:46,128 [INFO] scraper.rbi: CACHE HIT md_10485 -> /Users/karan/Downloads/carbon-tracker 3/Capstone_project/data/raw/master_directions/md_10485.pdf
2026-08-12 19:39:46,128 [INFO] scraper.rbi: CACHE HIT md_12839 -> /Users/karan/Downloads/carbon-tracker 3/Capstone_project/data/raw/master_directions/md_12839.pdf
2026-08-12 19:39:46,128 [INFO] scraper.rbi: CACHE HIT md_12710 -> /Users/karan/Downloads/carbon-tracker 3/Capstone_project/data/raw/master_directions/md_12710.pdf
2026-08-12 19:39:46,128 [INFO] scraper.rbi: CACHE HIT md_11510 -> /Users/karan/Downloads/carbon-tracker 3/Capstone_project/data/raw/master_directions/md_11510.pdf
2026-08-12 19:39:46,128 [INFO] scraper.rbi: CACHE HIT md_11200 -> /Users/karan/Downloads/carbon-tracker 3/Capstone_project/data/raw/master_directions/md_11200.pdf
2026-08-12 19:39:46,129 [INFO] scraper.rbi: CACHE HIT md_10868 -> /Users/karan/Downloads/carbon-tracker 3/Capstone_project/data/raw/master_directions/md_10868.pdf
2026-08-12 19:39:46,129 [INFO] scraper.rbi: CACHE HIT md_10738 -> /Users/karan/Downloads/carbon-tracker 3/Capstone_project/data/raw/master_directions/md_10738.pdf
2026-08-12 19:39:46,129 [INFO] scraper.rbi: CACHE HIT md_10404 -> /Users/karan/Downloads/carbon-tracker 3/Capstone_project/data/raw/master_directions/md_10404.pdf
2026-08-12 19:39:46,129 [INFO] scraper.rbi: CACHE HIT md_10637 -> /Users/karan/Downloads/carbon-tracker 3/Capstone_project/data/raw/master_directions/md_10637.pdf
2026-08-12 19:39:46,129 [INFO] scraper.rbi: CACHE HIT md_10191 -> /Users/karan/Downloads/carbon-tracker 3/Capstone_project/data/raw/master_directions/md_10191.pdf
2026-08-12 19:39:46,130 [INFO] scraper.rbi: CACHE HIT md_10192 -> /Users/karan/Downloads/carbon-tracker 3/Capstone_project/data/raw/master_directions/md_10192.pdf
2026-08-12 19:39:46,130 [INFO] scraper.rbi: CACHE HIT md_10193 -> /Users/karan/Downloads/carbon-tracker 3/Capstone_project/data/raw/master_directions/md_10193.pdf
2026-08-12 19:39:46,130 [INFO] scraper.rbi: CACHE HIT md_10196 -> /Users/karan/Downloads/carbon-tracker 3/Capstone_project/data/raw/master_directions/md_10196.pdf
2026-08-12 19:39:46,130 [INFO] scraper.rbi: CACHE HIT md_10197 -> /Users/karan/Downloads/carbon-tracker 3/Capstone_project/data/raw/master_directions/md_10197.pdf
2026-08-12 19:39:46,131 [INFO] scraper.rbi: CACHE HIT md_10198 -> /Users/karan/Downloads/carbon-tracker 3/Capstone_project/data/raw/master_directions/md_10198.pdf
2026-08-12 19:39:46,131 [INFO] scraper.rbi: CACHE HIT md_10201 -> /Users/karan/Downloads/carbon-tracker 3/Capstone_project/data/raw/master_directions/md_10201.pdf
2026-08-12 19:39:46,131 [INFO] scraper.rbi: CACHE HIT md_10202 -> /Users/karan/Downloads/carbon-tracker 3/Capstone_project/data/raw/master_directions/md_10202.pdf
2026-08-12 19:39:46,131 [INFO] scraper.rbi: CACHE HIT md_10203 -> /Users/karan/Downloads/carbon-tracker 3/Capstone_project/data/raw/master_directions/md_10203.pdf
2026-08-12 19:39:46,131 [INFO] scraper.rbi: CACHE HIT md_10205 -> /Users/karan/Downloads/carbon-tracker 3/Capstone_project/data/raw/master_directions/md_10205.pdf
2026-08-12 19:39:46,132 [INFO] scraper.rbi: CACHE HIT md_10395 -> /Users/karan/Downloads/carbon-tracker 3/Capstone_project/data/raw/master_directions/md_10395.pdf
2026-08-12 19:39:46,132 [INFO] scraper.rbi: CACHE HIT md_11518 -> /Users/karan/Downloads/carbon-tracker 3/Capstone_project/data/raw/master_directions/md_11518.pdf
2026-08-12 19:39:46,132 [INFO] scraper.rbi: CACHE HIT md_13362 -> /Users/karan/Downloads/carbon-tracker 3/Capstone_project/data/raw/master_directions/md_13362.pdf
2026-08-12 19:39:46,132 [INFO] scraper.rbi: CACHE HIT md_13361 -> /Users/karan/Downloads/carbon-tracker 3/Capstone_project/data/raw/master_directions/md_13361.pdf
2026-08-12 19:39:46,133 [INFO] scraper.rbi: CACHE HIT md_13360 -> /Users/karan/Downloads/carbon-tracker 3/Capstone_project/data/raw/master_directions/md_13360.pdf
2026-08-12 19:39:46,133 [INFO] scraper.rbi: CACHE HIT md_13526 -> /Users/karan/Downloads/carbon-tracker 3/Capstone_project/data/raw/master_directions/md_13526.pdf
2026-08-12 19:39:46,133 [INFO] scraper.rbi: CACHE HIT md_13502 -> /Users/karan/Downloads/carbon-tracker 3/Capstone_project/data/raw/master_directions/md_13502.pdf
2026-08-12 19:39:46,133 [INFO] scraper.rbi: CACHE HIT md_13374 -> /Users/karan/Downloads/carbon-tracker 3/Capstone_project/data/raw/master_directions/md_13374.pdf
2026-08-12 19:39:46,133 [INFO] scraper.rbi: CACHE HIT md_12898 -> /Users/karan/Downloads/carbon-tracker 3/Capstone_project/data/raw/master_directions/md_12898.pdf
2026-08-12 19:39:46,134 [INFO] scraper.rbi: CACHE HIT md_12896 -> /Users/karan/Downloads/carbon-tracker 3/Capstone_project/data/raw/master_directions/md_12896.pdf
2026-08-12 19:39:46,134 [INFO] scraper.rbi: CACHE HIT md_12715 -> /Users/karan/Downloads/carbon-tracker 3/Capstone_project/data/raw/master_directions/md_12715.pdf
2026-08-12 19:39:46,134 [INFO] scraper.rbi: CACHE HIT md_12616 -> /Users/karan/Downloads/carbon-tracker 3/Capstone_project/data/raw/master_directions/md_12616.pdf
2026-08-12 19:39:46,134 [INFO] scraper.rbi: CACHE HIT md_12156 -> /Users/karan/Downloads/carbon-tracker 3/Capstone_project/data/raw/master_directions/md_12156.pdf
2026-08-12 19:39:46,134 [INFO] scraper.rbi: CACHE HIT md_10833 -> /Users/karan/Downloads/carbon-tracker 3/Capstone_project/data/raw/master_directions/md_10833.pdf
2026-08-12 19:41:36,879 [INFO] scraper.rbi: Discovered 2 Master Direction entries from listing
2026-08-12 19:41:36,880 [INFO] scraper.rbi: Discovered 2 Master Direction entries from listing
2026-08-12 19:41:36,880 [INFO] scraper.rbi: GET attempt=1 url=https://rbidocs.rbi.org.in/rdocs/notification/PDFs/ABCDEF1234567890ABCDEF1234.PDF
2026-08-12 19:41:36,881 [INFO] scraper.rbi: DOWNLOADED md_99901 bytes=30 -> /private/var/folders/5n/6f_8lx951jvgm3p1clj1qykr0000gn/T/pytest-of-karan/pytest-3/test_discover_listing_mocked0/raw/master_directions/md_99901.pdf
2026-08-12 19:41:36,881 [INFO] scraper.rbi: GET attempt=1 url=https://rbidocs.rbi.org.in/rdocs/notification/PDFs/FEDCBA0987654321FEDCBA0987.PDF
2026-08-12 19:41:36,881 [INFO] scraper.rbi: DOWNLOADED md_99902 bytes=30 -> /private/var/folders/5n/6f_8lx951jvgm3p1clj1qykr0000gn/T/pytest-of-karan/pytest-3/test_discover_listing_mocked0/raw/master_directions/md_99902.pdf
2026-08-12 19:41:44,500 [INFO] scraper.rbi: GET attempt=1 url=https://www.rbi.org.in/Scripts/BS_ViewMasDirections.aspx
2026-08-12 19:41:45,122 [INFO] scraper.rbi: Cached listing page -> /Users/karan/Downloads/carbon-tracker 3/Capstone_project/data/raw/master_directions/_listing_BS_ViewMasDirections.html
2026-08-12 19:41:45,177 [INFO] scraper.rbi: Discovered 381 Master Direction entries from listing
2026-08-12 19:41:46,622 [INFO] scraper.rbi: GET attempt=1 url=https://rbidocs.rbi.org.in/rdocs/notification/PDFs/61MD0825F724310142CBB351B33F9C3F80FA.PDF
2026-08-12 19:41:46,980 [INFO] scraper.rbi: DOWNLOADED md_11322 bytes=263026 -> /Users/karan/Downloads/carbon-tracker 3/Capstone_project/data/raw/master_directions/md_11322.pdf
2026-08-12 19:41:48,482 [INFO] scraper.rbi: GET attempt=1 url=https://rbidocs.rbi.org.in/rdocs/notification/PDFs/29MD8B47C911ECA14450AACBAEF6D7981EF8.PDF
2026-08-12 19:41:49,062 [INFO] scraper.rbi: DOWNLOADED md_10476 bytes=685497 -> /Users/karan/Downloads/carbon-tracker 3/Capstone_project/data/raw/master_directions/md_10476.pdf
2026-08-12 19:41:50,558 [INFO] scraper.rbi: GET attempt=1 url=https://rbidocs.rbi.org.in/rdocs/notification/PDFs/400MDEF6FB735DC5A48308F688DCB9BA11A65.PDF
2026-08-12 19:41:50,960 [INFO] scraper.rbi: DOWNLOADED md_13443 bytes=542101 -> /Users/karan/Downloads/carbon-tracker 3/Capstone_project/data/raw/master_directions/md_13443.pdf
2026-08-12 19:41:52,462 [INFO] scraper.rbi: GET attempt=1 url=https://rbidocs.rbi.org.in/rdocs/notification/PDFs/399MDAD236E83FDD240EEB29F1F5E2DBAD333.PDF
2026-08-12 19:41:52,816 [INFO] scraper.rbi: DOWNLOADED md_13442 bytes=318018 -> /Users/karan/Downloads/carbon-tracker 3/Capstone_project/data/raw/master_directions/md_13442.pdf
2026-08-12 19:41:54,316 [INFO] scraper.rbi: GET attempt=1 url=https://rbidocs.rbi.org.in/rdocs/notification/PDFs/380MD14012026DAD56B73DC944F02AEA4530EC779AD7F.PDF
2026-08-12 19:41:54,603 [INFO] scraper.rbi: DOWNLOADED md_13271 bytes=300587 -> /Users/karan/Downloads/carbon-tracker 3/Capstone_project/data/raw/master_directions/md_13271.pdf
2026-08-12 19:41:56,104 [INFO] scraper.rbi: GET attempt=1 url=https://rbidocs.rbi.org.in/rdocs/notification/PDFs/381MD140120267212A1D4EF8349448E9416EF8F2D19B5.PDF
2026-08-12 19:41:56,373 [INFO] scraper.rbi: DOWNLOADED md_13272 bytes=291358 -> /Users/karan/Downloads/carbon-tracker 3/Capstone_project/data/raw/master_directions/md_13272.pdf
2026-08-12 19:41:57,874 [INFO] scraper.rbi: GET attempt=1 url=https://rbidocs.rbi.org.in/rdocs/notification/PDFs/NOT3821EAEF90E037B4061A91775A5525510C3.PDF
2026-08-12 19:41:58,196 [INFO] scraper.rbi: DOWNLOADED md_13273 bytes=292848 -> /Users/karan/Downloads/carbon-tracker 3/Capstone_project/data/raw/master_directions/md_13273.pdf
2026-08-12 19:41:59,700 [INFO] scraper.rbi: GET attempt=1 url=https://rbidocs.rbi.org.in/rdocs/notification/PDFs/383MD14012026559E41DD96224880B75EDB2B96E4BD8B.PDF
2026-08-12 19:41:59,958 [INFO] scraper.rbi: DOWNLOADED md_13274 bytes=302017 -> /Users/karan/Downloads/carbon-tracker 3/Capstone_project/data/raw/master_directions/md_13274.pdf
2026-08-12 19:42:01,462 [INFO] scraper.rbi: GET attempt=1 url=https://rbidocs.rbi.org.in/rdocs/notification/PDFs/384MD14012026E275757688DE4E68AF9813B3B9491E4B.PDF
2026-08-12 19:42:01,728 [INFO] scraper.rbi: DOWNLOADED md_13275 bytes=292808 -> /Users/karan/Downloads/carbon-tracker 3/Capstone_project/data/raw/master_directions/md_13275.pdf
2026-08-12 19:42:03,227 [INFO] scraper.rbi: GET attempt=1 url=https://rbidocs.rbi.org.in/rdocs/notification/PDFs/NOT38578CF3B232A694DBEAB2A9CE71848DCA1.PDF
2026-08-12 19:42:03,519 [INFO] scraper.rbi: DOWNLOADED md_13276 bytes=320843 -> /Users/karan/Downloads/carbon-tracker 3/Capstone_project/data/raw/master_directions/md_13276.pdf
2026-08-12 19:42:05,018 [INFO] scraper.rbi: GET attempt=1 url=https://rbidocs.rbi.org.in/rdocs/notification/PDFs/108MDINTERNALOMBUDSMANCC05402F77BE4F229B59877F341386A4.PDF
2026-08-12 19:42:05,356 [INFO] scraper.rbi: DOWNLOADED md_12586 bytes=387533 -> /Users/karan/Downloads/carbon-tracker 3/Capstone_project/data/raw/master_directions/md_12586.pdf
2026-08-12 19:42:06,860 [INFO] scraper.rbi: GET attempt=1 url=https://rbidocs.rbi.org.in/rdocs/notification/PDFs/397MD7DCC951F9F014A738C60E0FBC1A73D70.PDF
2026-08-12 19:42:07,399 [INFO] scraper.rbi: DOWNLOADED md_13399 bytes=892264 -> /Users/karan/Downloads/carbon-tracker 3/Capstone_project/data/raw/master_directions/md_13399.pdf
2026-08-12 19:42:08,893 [INFO] scraper.rbi: GET attempt=1 url=https://rbidocs.rbi.org.in/rdocs/notification/PDFs/MD39857992A3DBE7946619F0F76DF81E472CF.PDF
2026-08-12 19:42:09,545 [INFO] scraper.rbi: DOWNLOADED md_13400 bytes=892872 -> /Users/karan/Downloads/carbon-tracker 3/Capstone_project/data/raw/master_directions/md_13400.pdf
2026-08-12 19:42:11,044 [INFO] scraper.rbi: GET attempt=1 url=https://rbidocs.rbi.org.in/rdocs/notification/PDFs/387MD1003202698CBFA3D29254532B33C97C231B6F7D8.PDF
2026-08-12 19:42:11,520 [INFO] scraper.rbi: DOWNLOADED md_13319 bytes=453238 -> /Users/karan/Downloads/carbon-tracker 3/Capstone_project/data/raw/master_directions/md_13319.pdf
2026-08-12 19:42:13,021 [INFO] scraper.rbi: GET attempt=1 url=https://rbidocs.rbi.org.in/rdocs/notification/PDFs/174MD.PDF
2026-08-12 19:42:14,081 [INFO] scraper.rbi: DOWNLOADED md_13136 bytes=1458942 -> /Users/karan/Downloads/carbon-tracker 3/Capstone_project/data/raw/master_directions/md_13136.pdf
2026-08-12 19:42:15,579 [INFO] scraper.rbi: GET attempt=1 url=https://rbidocs.rbi.org.in/rdocs/notification/PDFs/173MD.PDF
2026-08-12 19:42:16,640 [INFO] scraper.rbi: DOWNLOADED md_13137 bytes=904063 -> /Users/karan/Downloads/carbon-tracker 3/Capstone_project/data/raw/master_directions/md_13137.pdf
2026-08-12 19:42:18,137 [INFO] scraper.rbi: GET attempt=1 url=https://rbidocs.rbi.org.in/rdocs/notification/PDFs/172MD.PDF
2026-08-12 19:42:18,557 [INFO] scraper.rbi: DOWNLOADED md_13138 bytes=286744 -> /Users/karan/Downloads/carbon-tracker 3/Capstone_project/data/raw/master_directions/md_13138.pdf
2026-08-12 19:42:20,058 [INFO] scraper.rbi: GET attempt=1 url=https://rbidocs.rbi.org.in/rdocs/notification/PDFs/171MD.PDF
2026-08-12 19:42:20,522 [INFO] scraper.rbi: DOWNLOADED md_13139 bytes=420763 -> /Users/karan/Downloads/carbon-tracker 3/Capstone_project/data/raw/master_directions/md_13139.pdf
2026-08-12 19:42:22,023 [INFO] scraper.rbi: GET attempt=1 url=https://rbidocs.rbi.org.in/rdocs/notification/PDFs/170MD.PDF
2026-08-12 19:42:22,816 [INFO] scraper.rbi: DOWNLOADED md_13140 bytes=1091225 -> /Users/karan/Downloads/carbon-tracker 3/Capstone_project/data/raw/master_directions/md_13140.pdf
2026-08-12 19:42:24,314 [INFO] scraper.rbi: GET attempt=1 url=https://rbidocs.rbi.org.in/rdocs/notification/PDFs/169MD.PDF
2026-08-12 19:42:24,771 [INFO] scraper.rbi: DOWNLOADED md_13141 bytes=699883 -> /Users/karan/Downloads/carbon-tracker 3/Capstone_project/data/raw/master_directions/md_13141.pdf
2026-08-12 19:42:26,274 [INFO] scraper.rbi: GET attempt=1 url=https://rbidocs.rbi.org.in/rdocs/notification/PDFs/167MD.PDF
2026-08-12 19:42:27,320 [INFO] scraper.rbi: DOWNLOADED md_13143 bytes=1218328 -> /Users/karan/Downloads/carbon-tracker 3/Capstone_project/data/raw/master_directions/md_13143.pdf
2026-08-12 19:42:28,819 [INFO] scraper.rbi: GET attempt=1 url=https://rbidocs.rbi.org.in/rdocs/notification/PDFs/166MD.PDF
2026-08-12 19:42:29,417 [INFO] scraper.rbi: DOWNLOADED md_13144 bytes=482011 -> /Users/karan/Downloads/carbon-tracker 3/Capstone_project/data/raw/master_directions/md_13144.pdf
2026-08-12 19:42:30,922 [INFO] scraper.rbi: GET attempt=1 url=https://rbidocs.rbi.org.in/rdocs/notification/PDFs/165MD.PDF
2026-08-12 19:42:31,348 [INFO] scraper.rbi: DOWNLOADED md_13145 bytes=519010 -> /Users/karan/Downloads/carbon-tracker 3/Capstone_project/data/raw/master_directions/md_13145.pdf
2026-08-12 19:42:32,851 [INFO] scraper.rbi: GET attempt=1 url=https://rbidocs.rbi.org.in/rdocs/notification/PDFs/164MD.PDF
2026-08-12 19:42:33,359 [INFO] scraper.rbi: DOWNLOADED md_13146 bytes=627447 -> /Users/karan/Downloads/carbon-tracker 3/Capstone_project/data/raw/master_directions/md_13146.pdf
2026-08-12 19:42:34,863 [INFO] scraper.rbi: GET attempt=1 url=https://rbidocs.rbi.org.in/rdocs/notification/PDFs/163MD.PDF
2026-08-12 19:42:36,150 [INFO] scraper.rbi: DOWNLOADED md_13147 bytes=1861534 -> /Users/karan/Downloads/carbon-tracker 3/Capstone_project/data/raw/master_directions/md_13147.pdf
2026-08-12 19:42:37,650 [INFO] scraper.rbi: GET attempt=1 url=https://rbidocs.rbi.org.in/rdocs/notification/PDFs/162MD.PDF
2026-08-12 19:42:38,350 [INFO] scraper.rbi: DOWNLOADED md_13148 bytes=848802 -> /Users/karan/Downloads/carbon-tracker 3/Capstone_project/data/raw/master_directions/md_13148.pdf
2026-08-12 19:42:39,853 [INFO] scraper.rbi: GET attempt=1 url=https://rbidocs.rbi.org.in/rdocs/notification/PDFs/161MD.PDF
2026-08-12 19:42:40,195 [INFO] scraper.rbi: DOWNLOADED md_13149 bytes=326584 -> /Users/karan/Downloads/carbon-tracker 3/Capstone_project/data/raw/master_directions/md_13149.pdf
2026-08-12 19:42:41,692 [INFO] scraper.rbi: GET attempt=1 url=https://rbidocs.rbi.org.in/rdocs/notification/PDFs/160MD.PDF
2026-08-12 19:42:42,208 [INFO] scraper.rbi: DOWNLOADED md_13150 bytes=472319 -> /Users/karan/Downloads/carbon-tracker 3/Capstone_project/data/raw/master_directions/md_13150.pdf
2026-08-12 19:42:43,712 [INFO] scraper.rbi: GET attempt=1 url=https://rbidocs.rbi.org.in/rdocs/notification/PDFs/159MD.PDF
2026-08-12 19:42:44,165 [INFO] scraper.rbi: DOWNLOADED md_13151 bytes=519514 -> /Users/karan/Downloads/carbon-tracker 3/Capstone_project/data/raw/master_directions/md_13151.pdf
2026-08-12 19:42:45,669 [INFO] scraper.rbi: GET attempt=1 url=https://rbidocs.rbi.org.in/rdocs/notification/PDFs/158MD.PDF
2026-08-12 19:42:46,439 [INFO] scraper.rbi: DOWNLOADED md_13152 bytes=769935 -> /Users/karan/Downloads/carbon-tracker 3/Capstone_project/data/raw/master_directions/md_13152.pdf
2026-08-12 19:42:47,942 [INFO] scraper.rbi: GET attempt=1 url=https://rbidocs.rbi.org.in/rdocs/notification/PDFs/157MD.PDF
2026-08-12 19:42:48,412 [INFO] scraper.rbi: DOWNLOADED md_13153 bytes=534747 -> /Users/karan/Downloads/carbon-tracker 3/Capstone_project/data/raw/master_directions/md_13153.pdf
2026-08-12 19:42:49,912 [INFO] scraper.rbi: GET attempt=1 url=https://rbidocs.rbi.org.in/rdocs/notification/PDFs/156MD.PDF
2026-08-12 19:42:50,748 [INFO] scraper.rbi: DOWNLOADED md_13154 bytes=875058 -> /Users/karan/Downloads/carbon-tracker 3/Capstone_project/data/raw/master_directions/md_13154.pdf
2026-08-12 19:42:52,249 [INFO] scraper.rbi: GET attempt=1 url=https://rbidocs.rbi.org.in/rdocs/notification/PDFs/155MD.PDF
2026-08-12 19:42:52,657 [INFO] scraper.rbi: DOWNLOADED md_13155 bytes=443607 -> /Users/karan/Downloads/carbon-tracker 3/Capstone_project/data/raw/master_directions/md_13155.pdf
2026-08-12 19:42:54,158 [INFO] scraper.rbi: GET attempt=1 url=https://rbidocs.rbi.org.in/rdocs/notification/PDFs/154MD.PDF
2026-08-12 19:42:54,972 [INFO] scraper.rbi: DOWNLOADED md_13156 bytes=1090899 -> /Users/karan/Downloads/carbon-tracker 3/Capstone_project/data/raw/master_directions/md_13156.pdf
2026-08-12 19:42:56,475 [INFO] scraper.rbi: GET attempt=1 url=https://rbidocs.rbi.org.in/rdocs/notification/PDFs/153MD.PDF
2026-08-12 19:42:56,876 [INFO] scraper.rbi: DOWNLOADED md_13157 bytes=391259 -> /Users/karan/Downloads/carbon-tracker 3/Capstone_project/data/raw/master_directions/md_13157.pdf
2026-08-12 19:42:58,376 [INFO] scraper.rbi: GET attempt=1 url=https://rbidocs.rbi.org.in/rdocs/notification/PDFs/152MD.PDF
2026-08-12 19:42:58,658 [INFO] scraper.rbi: DOWNLOADED md_13158 bytes=249704 -> /Users/karan/Downloads/carbon-tracker 3/Capstone_project/data/raw/master_directions/md_13158.pdf
2026-08-12 19:43:00,158 [INFO] scraper.rbi: GET attempt=1 url=https://rbidocs.rbi.org.in/rdocs/notification/PDFs/151MD.PDF
2026-08-12 19:43:01,575 [INFO] scraper.rbi: DOWNLOADED md_13159 bytes=2608058 -> /Users/karan/Downloads/carbon-tracker 3/Capstone_project/data/raw/master_directions/md_13159.pdf
2026-08-12 19:43:03,074 [INFO] scraper.rbi: GET attempt=1 url=https://rbidocs.rbi.org.in/rdocs/notification/PDFs/150MD.PDF
2026-08-12 19:43:03,514 [INFO] scraper.rbi: DOWNLOADED md_13160 bytes=592767 -> /Users/karan/Downloads/carbon-tracker 3/Capstone_project/data/raw/master_directions/md_13160.pdf
2026-08-12 19:43:05,011 [INFO] scraper.rbi: GET attempt=1 url=https://rbidocs.rbi.org.in/rdocs/notification/PDFs/149MD.PDF
2026-08-12 19:43:05,561 [INFO] scraper.rbi: DOWNLOADED md_13161 bytes=667658 -> /Users/karan/Downloads/carbon-tracker 3/Capstone_project/data/raw/master_directions/md_13161.pdf
2026-08-12 19:43:07,057 [INFO] scraper.rbi: GET attempt=1 url=https://rbidocs.rbi.org.in/rdocs/notification/PDFs/148MD.PDF
2026-08-12 19:43:07,463 [INFO] scraper.rbi: DOWNLOADED md_13162 bytes=404439 -> /Users/karan/Downloads/carbon-tracker 3/Capstone_project/data/raw/master_directions/md_13162.pdf
2026-08-12 19:43:08,967 [INFO] scraper.rbi: GET attempt=1 url=https://rbidocs.rbi.org.in/rdocs/notification/PDFs/380MD.PDF
2026-08-12 19:43:09,261 [INFO] scraper.rbi: DOWNLOADED md_13163 bytes=251076 -> /Users/karan/Downloads/carbon-tracker 3/Capstone_project/data/raw/master_directions/md_13163.pdf
2026-08-12 19:43:10,760 [INFO] scraper.rbi: GET attempt=1 url=https://rbidocs.rbi.org.in/rdocs/notification/PDFs/147MD.PDF
2026-08-12 19:43:11,366 [INFO] scraper.rbi: DOWNLOADED md_13164 bytes=627541 -> /Users/karan/Downloads/carbon-tracker 3/Capstone_project/data/raw/master_directions/md_13164.pdf
2026-08-12 19:43:12,867 [INFO] scraper.rbi: GET attempt=1 url=https://rbidocs.rbi.org.in/rdocs/notification/PDFs/146MD.PDF
2026-08-12 19:43:13,182 [INFO] scraper.rbi: DOWNLOADED md_13165 bytes=312998 -> /Users/karan/Downloads/carbon-tracker 3/Capstone_project/data/raw/master_directions/md_13165.pdf
2026-08-12 19:43:14,681 [INFO] scraper.rbi: GET attempt=1 url=https://rbidocs.rbi.org.in/rdocs/notification/PDFs/145MD.PDF
2026-08-12 19:43:15,070 [INFO] scraper.rbi: DOWNLOADED md_13166 bytes=386459 -> /Users/karan/Downloads/carbon-tracker 3/Capstone_project/data/raw/master_directions/md_13166.pdf
2026-08-12 19:43:16,573 [INFO] scraper.rbi: GET attempt=1 url=https://rbidocs.rbi.org.in/rdocs/notification/PDFs/144MD.PDF
2026-08-12 19:43:16,897 [INFO] scraper.rbi: DOWNLOADED md_13167 bytes=308365 -> /Users/karan/Downloads/carbon-tracker 3/Capstone_project/data/raw/master_directions/md_13167.pdf
2026-08-12 19:43:18,400 [INFO] scraper.rbi: GET attempt=1 url=https://rbidocs.rbi.org.in/rdocs/notification/PDFs/143MD.PDF
2026-08-12 19:43:19,028 [INFO] scraper.rbi: DOWNLOADED md_13168 bytes=572205 -> /Users/karan/Downloads/carbon-tracker 3/Capstone_project/data/raw/master_directions/md_13168.pdf
2026-08-12 19:43:20,527 [INFO] scraper.rbi: GET attempt=1 url=https://rbidocs.rbi.org.in/rdocs/notification/PDFs/391MD10032026DEA2C866625C478D9F4CC695FCA60B68.PDF
2026-08-12 19:43:20,985 [INFO] scraper.rbi: DOWNLOADED md_13328 bytes=420691 -> /Users/karan/Downloads/carbon-tracker 3/Capstone_project/data/raw/master_directions/md_13328.pdf
2026-08-12 19:43:22,485 [INFO] scraper.rbi: GET attempt=1 url=https://rbidocs.rbi.org.in/rdocs/notification/PDFs/204MD.PDF
2026-08-12 19:43:23,682 [INFO] scraper.rbi: DOWNLOADED md_13105 bytes=1418488 -> /Users/karan/Downloads/carbon-tracker 3/Capstone_project/data/raw/master_directions/md_13105.pdf
2026-08-12 19:43:25,185 [INFO] scraper.rbi: GET attempt=1 url=https://rbidocs.rbi.org.in/rdocs/notification/PDFs/203MD.PDF
2026-08-12 19:43:25,600 [INFO] scraper.rbi: DOWNLOADED md_13106 bytes=283397 -> /Users/karan/Downloads/carbon-tracker 3/Capstone_project/data/raw/master_directions/md_13106.pdf
2026-08-12 19:43:27,100 [INFO] scraper.rbi: GET attempt=1 url=https://rbidocs.rbi.org.in/rdocs/notification/PDFs/202MD.PDF
2026-08-12 19:43:27,530 [INFO] scraper.rbi: DOWNLOADED md_13107 bytes=423458 -> /Users/karan/Downloads/carbon-tracker 3/Capstone_project/data/raw/master_directions/md_13107.pdf
2026-08-12 19:43:29,032 [INFO] scraper.rbi: GET attempt=1 url=https://rbidocs.rbi.org.in/rdocs/notification/PDFs/201MD.PDF
2026-08-12 19:43:29,855 [INFO] scraper.rbi: DOWNLOADED md_13108 bytes=1102150 -> /Users/karan/Downloads/carbon-tracker 3/Capstone_project/data/raw/master_directions/md_13108.pdf
2026-08-12 19:43:31,355 [INFO] scraper.rbi: GET attempt=1 url=https://rbidocs.rbi.org.in/rdocs/notification/PDFs/200MD.PDF
2026-08-12 19:43:31,955 [INFO] scraper.rbi: DOWNLOADED md_13109 bytes=701267 -> /Users/karan/Downloads/carbon-tracker 3/Capstone_project/data/raw/master_directions/md_13109.pdf
2026-08-12 19:43:33,458 [INFO] scraper.rbi: GET attempt=1 url=https://rbidocs.rbi.org.in/rdocs/notification/PDFs/198MD.PDF
2026-08-12 19:43:34,289 [INFO] scraper.rbi: DOWNLOADED md_13111 bytes=1229013 -> /Users/karan/Downloads/carbon-tracker 3/Capstone_project/data/raw/master_directions/md_13111.pdf
2026-08-12 19:43:35,790 [INFO] scraper.rbi: GET attempt=1 url=https://rbidocs.rbi.org.in/rdocs/notification/PDFs/197MD.PDF
2026-08-12 19:43:36,223 [INFO] scraper.rbi: DOWNLOADED md_13112 bytes=446156 -> /Users/karan/Downloads/carbon-tracker 3/Capstone_project/data/raw/master_directions/md_13112.pdf
2026-08-12 19:43:37,725 [INFO] scraper.rbi: GET attempt=1 url=https://rbidocs.rbi.org.in/rdocs/notification/PDFs/196MD.PDF
2026-08-12 19:43:38,307 [INFO] scraper.rbi: DOWNLOADED md_13113 bytes=572070 -> /Users/karan/Downloads/carbon-tracker 3/Capstone_project/data/raw/master_directions/md_13113.pdf
2026-08-12 19:43:39,811 [INFO] scraper.rbi: GET attempt=1 url=https://rbidocs.rbi.org.in/rdocs/notification/PDFs/195MD.PDF
2026-08-12 19:43:40,314 [INFO] scraper.rbi: DOWNLOADED md_13114 bytes=514146 -> /Users/karan/Downloads/carbon-tracker 3/Capstone_project/data/raw/master_directions/md_13114.pdf
2026-08-12 19:43:41,817 [INFO] scraper.rbi: GET attempt=1 url=https://rbidocs.rbi.org.in/rdocs/notification/PDFs/194MD.PDF
2026-08-12 19:43:43,090 [INFO] scraper.rbi: DOWNLOADED md_13115 bytes=1753927 -> /Users/karan/Downloads/carbon-tracker 3/Capstone_project/data/raw/master_directions/md_13115.pdf
2026-08-12 19:43:44,590 [INFO] scraper.rbi: GET attempt=1 url=https://rbidocs.rbi.org.in/rdocs/notification/PDFs/193MD.PDF
2026-08-12 19:43:45,274 [INFO] scraper.rbi: DOWNLOADED md_13116 bytes=902559 -> /Users/karan/Downloads/carbon-tracker 3/Capstone_project/data/raw/master_directions/md_13116.pdf
2026-08-12 19:43:46,775 [INFO] scraper.rbi: GET attempt=1 url=https://rbidocs.rbi.org.in/rdocs/notification/PDFs/192MD.PDF
2026-08-12 19:43:47,207 [INFO] scraper.rbi: DOWNLOADED md_13117 bytes=343567 -> /Users/karan/Downloads/carbon-tracker 3/Capstone_project/data/raw/master_directions/md_13117.pdf
2026-08-12 19:43:48,709 [INFO] scraper.rbi: GET attempt=1 url=https://rbidocs.rbi.org.in/rdocs/notification/PDFs/191MD.PDF
2026-08-12 19:43:49,167 [INFO] scraper.rbi: DOWNLOADED md_13118 bytes=431557 -> /Users/karan/Downloads/carbon-tracker 3/Capstone_project/data/raw/master_directions/md_13118.pdf
2026-08-12 19:43:50,667 [INFO] scraper.rbi: GET attempt=1 url=https://rbidocs.rbi.org.in/rdocs/notification/PDFs/190MD.PDF
2026-08-12 19:43:51,202 [INFO] scraper.rbi: DOWNLOADED md_13119 bytes=518610 -> /Users/karan/Downloads/carbon-tracker 3/Capstone_project/data/raw/master_directions/md_13119.pdf
2026-08-12 19:43:52,705 [INFO] scraper.rbi: GET attempt=1 url=https://rbidocs.rbi.org.in/rdocs/notification/PDFs/189MD.PDF
2026-08-12 19:43:53,119 [INFO] scraper.rbi: DOWNLOADED md_13120 bytes=415323 -> /Users/karan/Downloads/carbon-tracker 3/Capstone_project/data/raw/master_directions/md_13120.pdf
2026-08-12 19:43:54,621 [INFO] scraper.rbi: GET attempt=1 url=https://rbidocs.rbi.org.in/rdocs/notification/PDFs/188MD.PDF
2026-08-12 19:43:55,100 [INFO] scraper.rbi: DOWNLOADED md_13121 bytes=464915 -> /Users/karan/Downloads/carbon-tracker 3/Capstone_project/data/raw/master_directions/md_13121.pdf
2026-08-12 19:43:56,600 [INFO] scraper.rbi: GET attempt=1 url=https://rbidocs.rbi.org.in/rdocs/notification/PDFs/187MD.PDF
2026-08-12 19:43:57,420 [INFO] scraper.rbi: DOWNLOADED md_13122 bytes=911056 -> /Users/karan/Downloads/carbon-tracker 3/Capstone_project/data/raw/master_directions/md_13122.pdf
2026-08-12 19:43:58,919 [INFO] scraper.rbi: GET attempt=1 url=https://rbidocs.rbi.org.in/rdocs/notification/PDFs/186MD.PDF
2026-08-12 19:43:59,390 [INFO] scraper.rbi: DOWNLOADED md_13123 bytes=429901 -> /Users/karan/Downloads/carbon-tracker 3/Capstone_project/data/raw/master_directions/md_13123.pdf
2026-08-12 19:44:00,893 [INFO] scraper.rbi: GET attempt=1 url=https://rbidocs.rbi.org.in/rdocs/notification/PDFs/185MD.PDF
2026-08-12 19:44:01,675 [INFO] scraper.rbi: DOWNLOADED md_13124 bytes=1074113 -> /Users/karan/Downloads/carbon-tracker 3/Capstone_project/data/raw/master_directions/md_13124.pdf
2026-08-12 19:44:03,174 [INFO] scraper.rbi: GET attempt=1 url=https://rbidocs.rbi.org.in/rdocs/notification/PDFs/184MD.PDF
2026-08-12 19:44:03,575 [INFO] scraper.rbi: DOWNLOADED md_13125 bytes=384097 -> /Users/karan/Downloads/carbon-tracker 3/Capstone_project/data/raw/master_directions/md_13125.pdf
2026-08-12 19:44:05,074 [INFO] scraper.rbi: GET attempt=1 url=https://rbidocs.rbi.org.in/rdocs/notification/PDFs/183MD.PDF
2026-08-12 19:44:05,428 [INFO] scraper.rbi: DOWNLOADED md_13126 bytes=283996 -> /Users/karan/Downloads/carbon-tracker 3/Capstone_project/data/raw/master_directions/md_13126.pdf
2026-08-12 19:44:06,930 [INFO] scraper.rbi: GET attempt=1 url=https://rbidocs.rbi.org.in/rdocs/notification/PDFs/182MD.PDF
2026-08-12 19:44:09,002 [INFO] scraper.rbi: DOWNLOADED md_13127 bytes=2135200 -> /Users/karan/Downloads/carbon-tracker 3/Capstone_project/data/raw/master_directions/md_13127.pdf
2026-08-12 19:44:10,500 [INFO] scraper.rbi: GET attempt=1 url=https://rbidocs.rbi.org.in/rdocs/notification/PDFs/181MD.PDF
2026-08-12 19:44:10,970 [INFO] scraper.rbi: DOWNLOADED md_13128 bytes=521935 -> /Users/karan/Downloads/carbon-tracker 3/Capstone_project/data/raw/master_directions/md_13128.pdf
2026-08-12 19:44:12,471 [INFO] scraper.rbi: GET attempt=1 url=https://rbidocs.rbi.org.in/rdocs/notification/PDFs/180MD.PDF
2026-08-12 19:44:13,098 [INFO] scraper.rbi: DOWNLOADED md_13129 bytes=651324 -> /Users/karan/Downloads/carbon-tracker 3/Capstone_project/data/raw/master_directions/md_13129.pdf
2026-08-12 19:44:14,600 [INFO] scraper.rbi: GET attempt=1 url=https://rbidocs.rbi.org.in/rdocs/notification/PDFs/179MD.PDF
2026-08-12 19:44:14,925 [INFO] scraper.rbi: DOWNLOADED md_13130 bytes=298997 -> /Users/karan/Downloads/carbon-tracker 3/Capstone_project/data/raw/master_directions/md_13130.pdf
2026-08-12 19:44:16,429 [INFO] scraper.rbi: GET attempt=1 url=https://rbidocs.rbi.org.in/rdocs/notification/PDFs/381MD.PDF
2026-08-12 19:44:16,702 [INFO] scraper.rbi: DOWNLOADED md_13131 bytes=229708 -> /Users/karan/Downloads/carbon-tracker 3/Capstone_project/data/raw/master_directions/md_13131.pdf
2026-08-12 19:44:18,205 [INFO] scraper.rbi: GET attempt=1 url=https://rbidocs.rbi.org.in/rdocs/notification/PDFs/178MD.PDF
2026-08-12 19:44:18,663 [INFO] scraper.rbi: DOWNLOADED md_13132 bytes=470268 -> /Users/karan/Downloads/carbon-tracker 3/Capstone_project/data/raw/master_directions/md_13132.pdf
2026-08-12 19:44:20,166 [INFO] scraper.rbi: GET attempt=1 url=https://rbidocs.rbi.org.in/rdocs/notification/PDFs/177MD.PDF
2026-08-12 19:44:20,489 [INFO] scraper.rbi: DOWNLOADED md_13133 bytes=299151 -> /Users/karan/Downloads/carbon-tracker 3/Capstone_project/data/raw/master_directions/md_13133.pdf
2026-08-12 19:44:21,990 [INFO] scraper.rbi: GET attempt=1 url=https://rbidocs.rbi.org.in/rdocs/notification/PDFs/176MD.PDF
2026-08-12 19:44:22,450 [INFO] scraper.rbi: DOWNLOADED md_13134 bytes=389515 -> /Users/karan/Downloads/carbon-tracker 3/Capstone_project/data/raw/master_directions/md_13134.pdf
2026-08-12 19:44:23,951 [INFO] scraper.rbi: GET attempt=1 url=https://rbidocs.rbi.org.in/rdocs/notification/PDFs/175MD.PDF
2026-08-12 19:44:24,483 [INFO] scraper.rbi: DOWNLOADED md_13135 bytes=676912 -> /Users/karan/Downloads/carbon-tracker 3/Capstone_project/data/raw/master_directions/md_13135.pdf
2026-08-12 19:44:25,986 [INFO] scraper.rbi: GET attempt=1 url=https://rbidocs.rbi.org.in/rdocs/notification/PDFs/388MD10032026C9C28BA2FD904454A24EE40607D82CC7.PDF
2026-08-12 19:44:26,452 [INFO] scraper.rbi: DOWNLOADED md_13321 bytes=414440 -> /Users/karan/Downloads/carbon-tracker 3/Capstone_project/data/raw/master_directions/md_13321.pdf
2026-08-12 19:44:27,953 [INFO] scraper.rbi: GET attempt=1 url=https://rbidocs.rbi.org.in/rdocs/notification/PDFs/221MD.PDF
2026-08-12 19:44:29,041 [INFO] scraper.rbi: DOWNLOADED md_13087 bytes=1464130 -> /Users/karan/Downloads/carbon-tracker 3/Capstone_project/data/raw/master_directions/md_13087.pdf
2026-08-12 19:44:30,540 [INFO] scraper.rbi: GET attempt=1 url=https://rbidocs.rbi.org.in/rdocs/notification/PDFs/220MD.PDF
2026-08-12 19:44:30,930 [INFO] scraper.rbi: DOWNLOADED md_13088 bytes=329588 -> /Users/karan/Downloads/carbon-tracker 3/Capstone_project/data/raw/master_directions/md_13088.pdf
2026-08-12 19:44:32,434 [INFO] scraper.rbi: GET attempt=1 url=https://rbidocs.rbi.org.in/rdocs/notification/PDFs/219MD.PDF
2026-08-12 19:44:33,152 [INFO] scraper.rbi: DOWNLOADED md_13089 bytes=782216 -> /Users/karan/Downloads/carbon-tracker 3/Capstone_project/data/raw/master_directions/md_13089.pdf
2026-08-12 19:44:34,653 [INFO] scraper.rbi: GET attempt=1 url=https://rbidocs.rbi.org.in/rdocs/notification/PDFs/218MD.PDF
2026-08-12 19:44:35,213 [INFO] scraper.rbi: DOWNLOADED md_13090 bytes=731828 -> /Users/karan/Downloads/carbon-tracker 3/Capstone_project/data/raw/master_directions/md_13090.pdf
2026-08-12 19:44:36,716 [INFO] scraper.rbi: GET attempt=1 url=https://rbidocs.rbi.org.in/rdocs/notification/PDFs/216MD.PDF
2026-08-12 19:44:37,384 [INFO] scraper.rbi: DOWNLOADED md_13092 bytes=858466 -> /Users/karan/Downloads/carbon-tracker 3/Capstone_project/data/raw/master_directions/md_13092.pdf
2026-08-12 19:44:38,883 [INFO] scraper.rbi: GET attempt=1 url=https://rbidocs.rbi.org.in/rdocs/notification/PDFs/215MD.PDF
2026-08-12 19:44:39,613 [INFO] scraper.rbi: DOWNLOADED md_13093 bytes=1095770 -> /Users/karan/Downloads/carbon-tracker 3/Capstone_project/data/raw/master_directions/md_13093.pdf
2026-08-12 19:44:41,116 [INFO] scraper.rbi: GET attempt=1 url=https://rbidocs.rbi.org.in/rdocs/notification/PDFs/214MD.PDF
2026-08-12 19:44:41,852 [INFO] scraper.rbi: DOWNLOADED md_13094 bytes=797529 -> /Users/karan/Downloads/carbon-tracker 3/Capstone_project/data/raw/master_directions/md_13094.pdf
2026-08-12 19:44:43,352 [INFO] scraper.rbi: GET attempt=1 url=https://rbidocs.rbi.org.in/rdocs/notification/PDFs/213MD.PDF
2026-08-12 19:44:43,811 [INFO] scraper.rbi: DOWNLOADED md_13095 bytes=298020 -> /Users/karan/Downloads/carbon-tracker 3/Capstone_project/data/raw/master_directions/md_13095.pdf
2026-08-12 19:44:45,314 [INFO] scraper.rbi: GET attempt=1 url=https://rbidocs.rbi.org.in/rdocs/notification/PDFs/212MD.PDF
2026-08-12 19:44:45,669 [INFO] scraper.rbi: DOWNLOADED md_13096 bytes=280047 -> /Users/karan/Downloads/carbon-tracker 3/Capstone_project/data/raw/master_directions/md_13096.pdf
2026-08-12 19:44:47,173 [INFO] scraper.rbi: GET attempt=1 url=https://rbidocs.rbi.org.in/rdocs/notification/PDFs/211MD.PDF
2026-08-12 19:44:49,048 [INFO] scraper.rbi: DOWNLOADED md_13097 bytes=972720 -> /Users/karan/Downloads/carbon-tracker 3/Capstone_project/data/raw/master_directions/md_13097.pdf
2026-08-12 19:44:50,550 [INFO] scraper.rbi: GET attempt=1 url=https://rbidocs.rbi.org.in/rdocs/notification/PDFs/210MD.PDF
2026-08-12 19:44:51,144 [INFO] scraper.rbi: DOWNLOADED md_13098 bytes=577585 -> /Users/karan/Downloads/carbon-tracker 3/Capstone_project/data/raw/master_directions/md_13098.pdf
2026-08-12 19:44:52,647 [INFO] scraper.rbi: GET attempt=1 url=https://rbidocs.rbi.org.in/rdocs/notification/PDFs/209MD.PDF
2026-08-12 19:44:53,290 [INFO] scraper.rbi: DOWNLOADED md_13099 bytes=599900 -> /Users/karan/Downloads/carbon-tracker 3/Capstone_project/data/raw/master_directions/md_13099.pdf
2026-08-12 19:44:54,791 [INFO] scraper.rbi: GET attempt=1 url=https://rbidocs.rbi.org.in/rdocs/notification/PDFs/208MD.PDF
2026-08-12 19:44:55,088 [INFO] scraper.rbi: DOWNLOADED md_13100 bytes=242181 -> /Users/karan/Downloads/carbon-tracker 3/Capstone_project/data/raw/master_directions/md_13100.pdf
2026-08-12 19:44:56,591 [INFO] scraper.rbi: GET attempt=1 url=https://rbidocs.rbi.org.in/rdocs/notification/PDFs/382MD.PDF
2026-08-12 19:44:56,954 [INFO] scraper.rbi: DOWNLOADED md_13101 bytes=224760 -> /Users/karan/Downloads/carbon-tracker 3/Capstone_project/data/raw/master_directions/md_13101.pdf
2026-08-12 19:44:58,458 [INFO] scraper.rbi: GET attempt=1 url=https://rbidocs.rbi.org.in/rdocs/notification/PDFs/207MD.PDF
2026-08-12 19:44:59,254 [INFO] scraper.rbi: DOWNLOADED md_13102 bytes=610287 -> /Users/karan/Downloads/carbon-tracker 3/Capstone_project/data/raw/master_directions/md_13102.pdf
2026-08-12 19:45:00,756 [INFO] scraper.rbi: GET attempt=1 url=https://rbidocs.rbi.org.in/rdocs/notification/PDFs/206MD.PDF
2026-08-12 19:45:01,244 [INFO] scraper.rbi: DOWNLOADED md_13103 bytes=299219 -> /Users/karan/Downloads/carbon-tracker 3/Capstone_project/data/raw/master_directions/md_13103.pdf
2026-08-12 19:45:02,748 [INFO] scraper.rbi: GET attempt=1 url=https://rbidocs.rbi.org.in/rdocs/notification/PDFs/205MD.PDF
2026-08-12 19:45:03,295 [INFO] scraper.rbi: DOWNLOADED md_13104 bytes=412180 -> /Users/karan/Downloads/carbon-tracker 3/Capstone_project/data/raw/master_directions/md_13104.pdf
2026-08-12 19:45:04,795 [INFO] scraper.rbi: GET attempt=1 url=https://rbidocs.rbi.org.in/rdocs/notification/PDFs/389MD100320260CC22242233B4A46883801B79C02FE8B.PDF
2026-08-12 19:45:05,298 [INFO] scraper.rbi: DOWNLOADED md_13324 bytes=423090 -> /Users/karan/Downloads/carbon-tracker 3/Capstone_project/data/raw/master_directions/md_13324.pdf
2026-08-12 19:45:06,802 [INFO] scraper.rbi: GET attempt=1 url=https://rbidocs.rbi.org.in/rdocs/notification/PDFs/246MD.PDF
2026-08-12 19:45:07,893 [INFO] scraper.rbi: DOWNLOADED md_13061 bytes=1421800 -> /Users/karan/Downloads/carbon-tracker 3/Capstone_project/data/raw/master_directions/md_13061.pdf
2026-08-12 19:45:09,396 [INFO] scraper.rbi: GET attempt=1 url=https://rbidocs.rbi.org.in/rdocs/notification/PDFs/245MD.PDF
2026-08-12 19:45:09,902 [INFO] scraper.rbi: DOWNLOADED md_13062 bytes=345405 -> /Users/karan/Downloads/carbon-tracker 3/Capstone_project/data/raw/master_directions/md_13062.pdf
2026-08-12 19:45:11,405 [INFO] scraper.rbi: GET attempt=1 url=https://rbidocs.rbi.org.in/rdocs/notification/PDFs/244MD.PDF
2026-08-12 19:45:12,110 [INFO] scraper.rbi: DOWNLOADED md_13063 bytes=779527 -> /Users/karan/Downloads/carbon-tracker 3/Capstone_project/data/raw/master_directions/md_13063.pdf
2026-08-12 19:45:13,612 [INFO] scraper.rbi: GET attempt=1 url=https://rbidocs.rbi.org.in/rdocs/notification/PDFs/243MD.PDF
2026-08-12 19:45:14,272 [INFO] scraper.rbi: DOWNLOADED md_13064 bytes=699073 -> /Users/karan/Downloads/carbon-tracker 3/Capstone_project/data/raw/master_directions/md_13064.pdf
2026-08-12 19:45:15,776 [INFO] scraper.rbi: GET attempt=1 url=https://rbidocs.rbi.org.in/rdocs/notification/PDFs/241MD.PDF
2026-08-12 19:45:16,538 [INFO] scraper.rbi: DOWNLOADED md_13066 bytes=754563 -> /Users/karan/Downloads/carbon-tracker 3/Capstone_project/data/raw/master_directions/md_13066.pdf
2026-08-12 19:45:18,039 [INFO] scraper.rbi: GET attempt=1 url=https://rbidocs.rbi.org.in/rdocs/notification/PDFs/240MD.PDF
2026-08-12 19:45:18,599 [INFO] scraper.rbi: DOWNLOADED md_13067 bytes=476905 -> /Users/karan/Downloads/carbon-tracker 3/Capstone_project/data/raw/master_directions/md_13067.pdf
2026-08-12 19:45:20,099 [INFO] scraper.rbi: GET attempt=1 url=https://rbidocs.rbi.org.in/rdocs/notification/PDFs/239MD.PDF
2026-08-12 19:45:20,561 [INFO] scraper.rbi: DOWNLOADED md_13068 bytes=465703 -> /Users/karan/Downloads/carbon-tracker 3/Capstone_project/data/raw/master_directions/md_13068.pdf
2026-08-12 19:45:22,064 [INFO] scraper.rbi: GET attempt=1 url=https://rbidocs.rbi.org.in/rdocs/notification/PDFs/238MD.PDF
2026-08-12 19:45:22,524 [INFO] scraper.rbi: DOWNLOADED md_13069 bytes=455491 -> /Users/karan/Downloads/carbon-tracker 3/Capstone_project/data/raw/master_directions/md_13069.pdf
2026-08-12 19:45:24,028 [INFO] scraper.rbi: GET attempt=1 url=https://rbidocs.rbi.org.in/rdocs/notification/PDFs/237MD.PDF
2026-08-12 19:45:24,532 [INFO] scraper.rbi: DOWNLOADED md_13070 bytes=495859 -> /Users/karan/Downloads/carbon-tracker 3/Capstone_project/data/raw/master_directions/md_13070.pdf
2026-08-12 19:45:26,035 [INFO] scraper.rbi: GET attempt=1 url=https://rbidocs.rbi.org.in/rdocs/notification/PDFs/236MD.PDF
2026-08-12 19:45:26,647 [INFO] scraper.rbi: DOWNLOADED md_13071 bytes=864029 -> /Users/karan/Downloads/carbon-tracker 3/Capstone_project/data/raw/master_directions/md_13071.pdf
2026-08-12 19:45:28,149 [INFO] scraper.rbi: GET attempt=1 url=https://rbidocs.rbi.org.in/rdocs/notification/PDFs/235MD.PDF
2026-08-12 19:45:28,583 [INFO] scraper.rbi: DOWNLOADED md_13072 bytes=334874 -> /Users/karan/Downloads/carbon-tracker 3/Capstone_project/data/raw/master_directions/md_13072.pdf
2026-08-12 19:45:30,082 [INFO] scraper.rbi: GET attempt=1 url=https://rbidocs.rbi.org.in/rdocs/notification/PDFs/234MD.PDF
2026-08-12 19:45:30,591 [INFO] scraper.rbi: DOWNLOADED md_13073 bytes=371536 -> /Users/karan/Downloads/carbon-tracker 3/Capstone_project/data/raw/master_directions/md_13073.pdf
2026-08-12 19:45:32,091 [INFO] scraper.rbi: GET attempt=1 url=https://rbidocs.rbi.org.in/rdocs/notification/PDFs/233MD.PDF
2026-08-12 19:45:32,539 [INFO] scraper.rbi: DOWNLOADED md_13074 bytes=277325 -> /Users/karan/Downloads/carbon-tracker 3/Capstone_project/data/raw/master_directions/md_13074.pdf
2026-08-12 19:45:34,041 [INFO] scraper.rbi: GET attempt=1 url=https://rbidocs.rbi.org.in/rdocs/notification/PDFs/232MD.PDF
2026-08-12 19:45:34,628 [INFO] scraper.rbi: DOWNLOADED md_13075 bytes=497557 -> /Users/karan/Downloads/carbon-tracker 3/Capstone_project/data/raw/master_directions/md_13075.pdf
2026-08-12 19:45:36,131 [INFO] scraper.rbi: GET attempt=1 url=https://rbidocs.rbi.org.in/rdocs/notification/PDFs/231MD.PDF
2026-08-12 19:45:36,946 [INFO] scraper.rbi: DOWNLOADED md_13076 bytes=899231 -> /Users/karan/Downloads/carbon-tracker 3/Capstone_project/data/raw/master_directions/md_13076.pdf
2026-08-12 19:45:38,449 [INFO] scraper.rbi: GET attempt=1 url=https://rbidocs.rbi.org.in/rdocs/notification/PDFs/230MD.PDF
2026-08-12 19:45:38,839 [INFO] scraper.rbi: DOWNLOADED md_13077 bytes=290353 -> /Users/karan/Downloads/carbon-tracker 3/Capstone_project/data/raw/master_directions/md_13077.pdf
2026-08-12 19:45:40,340 [INFO] scraper.rbi: GET attempt=1 url=https://rbidocs.rbi.org.in/rdocs/notification/PDFs/229MD.PDF
2026-08-12 19:45:40,721 [INFO] scraper.rbi: DOWNLOADED md_13078 bytes=524504 -> /Users/karan/Downloads/carbon-tracker 3/Capstone_project/data/raw/master_directions/md_13078.pdf
2026-08-12 19:45:42,225 [INFO] scraper.rbi: GET attempt=1 url=https://rbidocs.rbi.org.in/rdocs/notification/PDFs/228MD.PDF
2026-08-12 19:45:42,700 [INFO] scraper.rbi: DOWNLOADED md_13079 bytes=387083 -> /Users/karan/Downloads/carbon-tracker 3/Capstone_project/data/raw/master_directions/md_13079.pdf
2026-08-12 19:45:44,202 [INFO] scraper.rbi: GET attempt=1 url=https://rbidocs.rbi.org.in/rdocs/notification/PDFs/227MD.PDF
2026-08-12 19:45:44,901 [INFO] scraper.rbi: DOWNLOADED md_13080 bytes=812105 -> /Users/karan/Downloads/carbon-tracker 3/Capstone_project/data/raw/master_directions/md_13080.pdf
2026-08-12 19:45:46,404 [INFO] scraper.rbi: GET attempt=1 url=https://rbidocs.rbi.org.in/rdocs/notification/PDFs/226MD.PDF
2026-08-12 19:45:46,989 [INFO] scraper.rbi: DOWNLOADED md_13081 bytes=542090 -> /Users/karan/Downloads/carbon-tracker 3/Capstone_project/data/raw/master_directions/md_13081.pdf
2026-08-12 19:45:48,488 [INFO] scraper.rbi: GET attempt=1 url=https://rbidocs.rbi.org.in/rdocs/notification/PDFs/225MD.PDF
2026-08-12 19:45:49,027 [INFO] scraper.rbi: DOWNLOADED md_13082 bytes=588289 -> /Users/karan/Downloads/carbon-tracker 3/Capstone_project/data/raw/master_directions/md_13082.pdf
2026-08-12 19:45:50,530 [INFO] scraper.rbi: GET attempt=1 url=https://rbidocs.rbi.org.in/rdocs/notification/PDFs/383MD.PDF
2026-08-12 19:45:50,869 [INFO] scraper.rbi: DOWNLOADED md_13083 bytes=252970 -> /Users/karan/Downloads/carbon-tracker 3/Capstone_project/data/raw/master_directions/md_13083.pdf
2026-08-12 19:45:52,367 [INFO] scraper.rbi: GET attempt=1 url=https://rbidocs.rbi.org.in/rdocs/notification/PDFs/224MD.PDF
2026-08-12 19:45:52,982 [INFO] scraper.rbi: DOWNLOADED md_13084 bytes=492979 -> /Users/karan/Downloads/carbon-tracker 3/Capstone_project/data/raw/master_directions/md_13084.pdf
2026-08-12 19:45:54,485 [INFO] scraper.rbi: GET attempt=1 url=https://rbidocs.rbi.org.in/rdocs/notification/PDFs/223MD.PDF
2026-08-12 19:45:54,944 [INFO] scraper.rbi: DOWNLOADED md_13085 bytes=303687 -> /Users/karan/Downloads/carbon-tracker 3/Capstone_project/data/raw/master_directions/md_13085.pdf
2026-08-12 19:45:56,443 [INFO] scraper.rbi: GET attempt=1 url=https://rbidocs.rbi.org.in/rdocs/notification/PDFs/222MD.PDF
2026-08-12 19:45:56,943 [INFO] scraper.rbi: DOWNLOADED md_13086 bytes=371432 -> /Users/karan/Downloads/carbon-tracker 3/Capstone_project/data/raw/master_directions/md_13086.pdf
2026-08-12 19:45:58,444 [INFO] scraper.rbi: GET attempt=1 url=https://rbidocs.rbi.org.in/rdocs/notification/PDFs/390MD10032026A83919BF58A2481BB8240A89F25F285E.PDF
2026-08-12 19:45:58,863 [INFO] scraper.rbi: DOWNLOADED md_13327 bytes=415353 -> /Users/karan/Downloads/carbon-tracker 3/Capstone_project/data/raw/master_directions/md_13327.pdf
2026-08-12 19:46:00,371 [INFO] scraper.rbi: GET attempt=1 url=https://rbidocs.rbi.org.in/rdocs/notification/PDFs/268MD4759833478EF4A88898144BF91E4EE1B.PDF
2026-08-12 19:46:01,510 [INFO] scraper.rbi: DOWNLOADED md_13038 bytes=1392133 -> /Users/karan/Downloads/carbon-tracker 3/Capstone_project/data/raw/master_directions/md_13038.pdf
2026-08-12 19:46:03,015 [INFO] scraper.rbi: GET attempt=1 url=https://rbidocs.rbi.org.in/rdocs/notification/PDFs/267MD96B7D24557AC47BFB051A5301120FFBB.PDF
2026-08-12 19:46:03,739 [INFO] scraper.rbi: DOWNLOADED md_13039 bytes=1059469 -> /Users/karan/Downloads/carbon-tracker 3/Capstone_project/data/raw/master_directions/md_13039.pdf
2026-08-12 19:46:05,239 [INFO] scraper.rbi: GET attempt=1 url=https://rbidocs.rbi.org.in/rdocs/notification/PDFs/266MDB4BD80DE4B394A50808E81ACC3A2358E.PDF
2026-08-12 19:46:05,986 [INFO] scraper.rbi: DOWNLOADED md_13040 bytes=709626 -> /Users/karan/Downloads/carbon-tracker 3/Capstone_project/data/raw/master_directions/md_13040.pdf
2026-08-12 19:46:07,491 [INFO] scraper.rbi: GET attempt=1 url=https://rbidocs.rbi.org.in/rdocs/notification/PDFs/265MD4C8ABA19A5194D39A7AD1071676C3060.PDF
2026-08-12 19:46:08,227 [INFO] scraper.rbi: DOWNLOADED md_13041 bytes=891092 -> /Users/karan/Downloads/carbon-tracker 3/Capstone_project/data/raw/master_directions/md_13041.pdf
2026-08-12 19:46:09,736 [INFO] scraper.rbi: GET attempt=1 url=https://rbidocs.rbi.org.in/rdocs/notification/PDFs/264MDC9E9F8DD7A7D4A0D8C7661B8589E8605.PDF
2026-08-12 19:46:10,267 [INFO] scraper.rbi: DOWNLOADED md_13042 bytes=480265 -> /Users/karan/Downloads/carbon-tracker 3/Capstone_project/data/raw/master_directions/md_13042.pdf
2026-08-12 19:46:11,775 [INFO] scraper.rbi: GET attempt=1 url=https://rbidocs.rbi.org.in/rdocs/notification/PDFs/263MD.PDF
2026-08-12 19:46:12,229 [INFO] scraper.rbi: DOWNLOADED md_13043 bytes=388225 -> /Users/karan/Downloads/carbon-tracker 3/Capstone_project/data/raw/master_directions/md_13043.pdf
2026-08-12 19:46:13,734 [INFO] scraper.rbi: GET attempt=1 url=https://rbidocs.rbi.org.in/rdocs/notification/PDFs/262MD.PDF
2026-08-12 19:46:14,091 [INFO] scraper.rbi: DOWNLOADED md_13044 bytes=358703 -> /Users/karan/Downloads/carbon-tracker 3/Capstone_project/data/raw/master_directions/md_13044.pdf
2026-08-12 19:46:15,591 [INFO] scraper.rbi: GET attempt=1 url=https://rbidocs.rbi.org.in/rdocs/notification/PDFs/261MD.PDF
2026-08-12 19:46:16,032 [INFO] scraper.rbi: DOWNLOADED md_13045 bytes=464068 -> /Users/karan/Downloads/carbon-tracker 3/Capstone_project/data/raw/master_directions/md_13045.pdf
2026-08-12 19:46:17,534 [INFO] scraper.rbi: GET attempt=1 url=https://rbidocs.rbi.org.in/rdocs/notification/PDFs/260MD.PDF
2026-08-12 19:46:17,994 [INFO] scraper.rbi: DOWNLOADED md_13046 bytes=460461 -> /Users/karan/Downloads/carbon-tracker 3/Capstone_project/data/raw/master_directions/md_13046.pdf
2026-08-12 19:46:19,502 [INFO] scraper.rbi: GET attempt=1 url=https://rbidocs.rbi.org.in/rdocs/notification/PDFs/259MD.PDF
2026-08-12 19:46:19,847 [INFO] scraper.rbi: DOWNLOADED md_13047 bytes=241093 -> /Users/karan/Downloads/carbon-tracker 3/Capstone_project/data/raw/master_directions/md_13047.pdf
2026-08-12 19:46:21,351 [INFO] scraper.rbi: GET attempt=1 url=https://rbidocs.rbi.org.in/rdocs/notification/PDFs/258MD.PDF
2026-08-12 19:46:21,813 [INFO] scraper.rbi: DOWNLOADED md_13048 bytes=392264 -> /Users/karan/Downloads/carbon-tracker 3/Capstone_project/data/raw/master_directions/md_13048.pdf
2026-08-12 19:46:23,321 [INFO] scraper.rbi: GET attempt=1 url=https://rbidocs.rbi.org.in/rdocs/notification/PDFs/257MD.PDF
2026-08-12 19:46:23,664 [INFO] scraper.rbi: DOWNLOADED md_13049 bytes=223228 -> /Users/karan/Downloads/carbon-tracker 3/Capstone_project/data/raw/master_directions/md_13049.pdf
2026-08-12 19:46:25,173 [INFO] scraper.rbi: GET attempt=1 url=https://rbidocs.rbi.org.in/rdocs/notification/PDFs/256MD.PDF
2026-08-12 19:46:25,633 [INFO] scraper.rbi: DOWNLOADED md_13050 bytes=407729 -> /Users/karan/Downloads/carbon-tracker 3/Capstone_project/data/raw/master_directions/md_13050.pdf
2026-08-12 19:46:27,135 [INFO] scraper.rbi: GET attempt=1 url=https://rbidocs.rbi.org.in/rdocs/notification/PDFs/255MD.PDF
2026-08-12 19:46:27,876 [INFO] scraper.rbi: DOWNLOADED md_13051 bytes=893594 -> /Users/karan/Downloads/carbon-tracker 3/Capstone_project/data/raw/master_directions/md_13051.pdf
2026-08-12 19:46:29,376 [INFO] scraper.rbi: GET attempt=1 url=https://rbidocs.rbi.org.in/rdocs/notification/PDFs/254MD.PDF
2026-08-12 19:46:29,769 [INFO] scraper.rbi: DOWNLOADED md_13052 bytes=439493 -> /Users/karan/Downloads/carbon-tracker 3/Capstone_project/data/raw/master_directions/md_13052.pdf
2026-08-12 19:46:31,277 [INFO] scraper.rbi: GET attempt=1 url=https://rbidocs.rbi.org.in/rdocs/notification/PDFs/253MD.PDF
2026-08-12 19:46:31,705 [INFO] scraper.rbi: DOWNLOADED md_13053 bytes=463325 -> /Users/karan/Downloads/carbon-tracker 3/Capstone_project/data/raw/master_directions/md_13053.pdf
2026-08-12 19:46:33,212 [INFO] scraper.rbi: GET attempt=1 url=https://rbidocs.rbi.org.in/rdocs/notification/PDFs/252MD.PDF
2026-08-12 19:46:33,559 [INFO] scraper.rbi: DOWNLOADED md_13054 bytes=357498 -> /Users/karan/Downloads/carbon-tracker 3/Capstone_project/data/raw/master_directions/md_13054.pdf
2026-08-12 19:46:35,061 [INFO] scraper.rbi: GET attempt=1 url=https://rbidocs.rbi.org.in/rdocs/notification/PDFs/251MD.PDF
2026-08-12 19:46:35,521 [INFO] scraper.rbi: DOWNLOADED md_13055 bytes=524491 -> /Users/karan/Downloads/carbon-tracker 3/Capstone_project/data/raw/master_directions/md_13055.pdf
2026-08-12 19:46:37,027 [INFO] scraper.rbi: GET attempt=1 url=https://rbidocs.rbi.org.in/rdocs/notification/PDFs/250MD.PDF
2026-08-12 19:46:37,548 [INFO] scraper.rbi: DOWNLOADED md_13056 bytes=583944 -> /Users/karan/Downloads/carbon-tracker 3/Capstone_project/data/raw/master_directions/md_13056.pdf
2026-08-12 19:46:39,054 [INFO] scraper.rbi: GET attempt=1 url=https://rbidocs.rbi.org.in/rdocs/notification/PDFs/249MD.PDF
2026-08-12 19:46:39,462 [INFO] scraper.rbi: DOWNLOADED md_13057 bytes=417842 -> /Users/karan/Downloads/carbon-tracker 3/Capstone_project/data/raw/master_directions/md_13057.pdf
2026-08-12 19:46:40,970 [INFO] scraper.rbi: GET attempt=1 url=https://rbidocs.rbi.org.in/rdocs/notification/PDFs/248MD.PDF
2026-08-12 19:46:41,438 [INFO] scraper.rbi: DOWNLOADED md_13058 bytes=363417 -> /Users/karan/Downloads/carbon-tracker 3/Capstone_project/data/raw/master_directions/md_13058.pdf
2026-08-12 19:46:42,941 [INFO] scraper.rbi: GET attempt=1 url=https://rbidocs.rbi.org.in/rdocs/notification/PDFs/384MD.PDF
2026-08-12 19:46:43,224 [INFO] scraper.rbi: DOWNLOADED md_13059 bytes=245122 -> /Users/karan/Downloads/carbon-tracker 3/Capstone_project/data/raw/master_directions/md_13059.pdf
2026-08-12 19:46:44,733 [INFO] scraper.rbi: GET attempt=1 url=https://rbidocs.rbi.org.in/rdocs/notification/PDFs/247MD.PDF
2026-08-12 19:46:45,359 [INFO] scraper.rbi: DOWNLOADED md_13060 bytes=595043 -> /Users/karan/Downloads/carbon-tracker 3/Capstone_project/data/raw/master_directions/md_13060.pdf
2026-08-12 19:46:46,859 [INFO] scraper.rbi: GET attempt=1 url=https://rbidocs.rbi.org.in/rdocs/notification/PDFs/269MDB68791ED3DA4407596FC88446FC24DF3.PDF
2026-08-12 19:46:47,140 [INFO] scraper.rbi: DOWNLOADED md_13203 bytes=233902 -> /Users/karan/Downloads/carbon-tracker 3/Capstone_project/data/raw/master_directions/md_13203.pdf
2026-08-12 19:46:48,650 [INFO] scraper.rbi: GET attempt=1 url=https://rbidocs.rbi.org.in/rdocs/notification/PDFs/271MD5F6E28F2C5AF4B92AE44048FD3C21405.PDF
2026-08-12 19:46:49,062 [INFO] scraper.rbi: DOWNLOADED md_13204 bytes=462245 -> /Users/karan/Downloads/carbon-tracker 3/Capstone_project/data/raw/master_directions/md_13204.pdf
2026-08-12 19:46:50,567 [INFO] scraper.rbi: GET attempt=1 url=https://rbidocs.rbi.org.in/rdocs/notification/PDFs/294MDA514F8EED7554D9F8B8DC461B55E4956.PDF
2026-08-12 19:46:51,542 [INFO] scraper.rbi: DOWNLOADED md_13011 bytes=1436487 -> /Users/karan/Downloads/carbon-tracker 3/Capstone_project/data/raw/master_directions/md_13011.pdf
2026-08-12 19:46:53,048 [INFO] scraper.rbi: GET attempt=1 url=https://rbidocs.rbi.org.in/rdocs/notification/PDFs/293MD6D08F6482DFE4A22AF441AD601136473.PDF
2026-08-12 19:46:53,584 [INFO] scraper.rbi: DOWNLOADED md_13012 bytes=357792 -> /Users/karan/Downloads/carbon-tracker 3/Capstone_project/data/raw/master_directions/md_13012.pdf
2026-08-12 19:46:55,091 [INFO] scraper.rbi: GET attempt=1 url=https://rbidocs.rbi.org.in/rdocs/notification/PDFs/292MD76099C95D4BD4139A4EBCDA2F50BEFA2.PDF
2026-08-12 19:46:55,802 [INFO] scraper.rbi: DOWNLOADED md_13013 bytes=1002728 -> /Users/karan/Downloads/carbon-tracker 3/Capstone_project/data/raw/master_directions/md_13013.pdf
2026-08-12 19:46:57,304 [INFO] scraper.rbi: GET attempt=1 url=https://rbidocs.rbi.org.in/rdocs/notification/PDFs/291MDE108E59AC43D4C13B2D06598B296C877.PDF
2026-08-12 19:46:57,893 [INFO] scraper.rbi: DOWNLOADED md_13014 bytes=742135 -> /Users/karan/Downloads/carbon-tracker 3/Capstone_project/data/raw/master_directions/md_13014.pdf
2026-08-12 19:46:59,393 [INFO] scraper.rbi: GET attempt=1 url=https://rbidocs.rbi.org.in/rdocs/notification/PDFs/290MD616350878BDB425AB674BD8F44CECA6F.PDF
2026-08-12 19:46:59,692 [INFO] scraper.rbi: DOWNLOADED md_13015 bytes=266993 -> /Users/karan/Downloads/carbon-tracker 3/Capstone_project/data/raw/master_directions/md_13015.pdf
2026-08-12 19:47:01,200 [INFO] scraper.rbi: GET attempt=1 url=https://rbidocs.rbi.org.in/rdocs/notification/PDFs/289MDA4C31A1342334925BEA8860F1C07A2E2.PDF
2026-08-12 19:47:01,827 [INFO] scraper.rbi: DOWNLOADED md_13016 bytes=759815 -> /Users/karan/Downloads/carbon-tracker 3/Capstone_project/data/raw/master_directions/md_13016.pdf
2026-08-12 19:47:03,334 [INFO] scraper.rbi: GET attempt=1 url=https://rbidocs.rbi.org.in/rdocs/notification/PDFs/288MDFF01AB60686C42C3A362F83E87392224.PDF
2026-08-12 19:47:03,705 [INFO] scraper.rbi: DOWNLOADED md_13017 bytes=344573 -> /Users/karan/Downloads/carbon-tracker 3/Capstone_project/data/raw/master_directions/md_13017.pdf
2026-08-12 19:47:05,208 [INFO] scraper.rbi: GET attempt=1 url=https://rbidocs.rbi.org.in/rdocs/notification/PDFs/287MDF9C64E970EA74C16A6FEAB59052A0F72.PDF
2026-08-12 19:47:05,671 [INFO] scraper.rbi: DOWNLOADED md_13018 bytes=497706 -> /Users/karan/Downloads/carbon-tracker 3/Capstone_project/data/raw/master_directions/md_13018.pdf
2026-08-12 19:47:07,176 [INFO] scraper.rbi: GET attempt=1 url=https://rbidocs.rbi.org.in/rdocs/notification/PDFs/286MD85DCC2671BCB41DC8B0714812DAB799A.PDF
2026-08-12 19:47:07,629 [INFO] scraper.rbi: DOWNLOADED md_13019 bytes=485006 -> /Users/karan/Downloads/carbon-tracker 3/Capstone_project/data/raw/master_directions/md_13019.pdf
2026-08-12 19:47:09,134 [INFO] scraper.rbi: GET attempt=1 url=https://rbidocs.rbi.org.in/rdocs/notification/PDFs/285MDF435283E73444E45A54EC8764ABCC848.PDF
2026-08-12 19:47:09,687 [INFO] scraper.rbi: DOWNLOADED md_13020 bytes=737645 -> /Users/karan/Downloads/carbon-tracker 3/Capstone_project/data/raw/master_directions/md_13020.pdf
2026-08-12 19:47:11,189 [INFO] scraper.rbi: GET attempt=1 url=https://rbidocs.rbi.org.in/rdocs/notification/PDFs/284MD47AE1D934ED549E2AEB98E30D3A85A57.PDF
2026-08-12 19:47:11,639 [INFO] scraper.rbi: DOWNLOADED md_13021 bytes=518613 -> /Users/karan/Downloads/carbon-tracker 3/Capstone_project/data/raw/master_directions/md_13021.pdf
2026-08-12 19:47:13,145 [INFO] scraper.rbi: GET attempt=1 url=https://rbidocs.rbi.org.in/rdocs/notification/PDFs/283MDC3CE849D1EE047478359BA164A180EB2.PDF
2026-08-12 19:47:13,441 [INFO] scraper.rbi: DOWNLOADED md_13022 bytes=247877 -> /Users/karan/Downloads/carbon-tracker 3/Capstone_project/data/raw/master_directions/md_13022.pdf
2026-08-12 19:47:14,941 [INFO] scraper.rbi: GET attempt=1 url=https://rbidocs.rbi.org.in/rdocs/notification/PDFs/282MD963601BD314543AD8105FDAFACD3AA91.PDF
2026-08-12 19:47:15,328 [INFO] scraper.rbi: DOWNLOADED md_13023 bytes=358070 -> /Users/karan/Downloads/carbon-tracker 3/Capstone_project/data/raw/master_directions/md_13023.pdf
2026-08-12 19:47:16,834 [INFO] scraper.rbi: GET attempt=1 url=https://rbidocs.rbi.org.in/rdocs/notification/PDFs/281MD5AD018D50ACD4B10AF51DD504AD3DDB3.PDF
2026-08-12 19:47:17,240 [INFO] scraper.rbi: DOWNLOADED md_13024 bytes=314325 -> /Users/karan/Downloads/carbon-tracker 3/Capstone_project/data/raw/master_directions/md_13024.pdf
2026-08-12 19:47:18,748 [INFO] scraper.rbi: GET attempt=1 url=https://rbidocs.rbi.org.in/rdocs/notification/PDFs/280MD71ABEC5E655C4CE7816646F849E5CB29.PDF
2026-08-12 19:47:19,171 [INFO] scraper.rbi: DOWNLOADED md_13025 bytes=447739 -> /Users/karan/Downloads/carbon-tracker 3/Capstone_project/data/raw/master_directions/md_13025.pdf
2026-08-12 19:47:20,674 [INFO] scraper.rbi: GET attempt=1 url=https://rbidocs.rbi.org.in/rdocs/notification/PDFs/279MD3334DC0D4F8F43068FA37F74DED62382.PDF
2026-08-12 19:47:21,435 [INFO] scraper.rbi: DOWNLOADED md_13026 bytes=902256 -> /Users/karan/Downloads/carbon-tracker 3/Capstone_project/data/raw/master_directions/md_13026.pdf
2026-08-12 19:47:22,941 [INFO] scraper.rbi: GET attempt=1 url=https://rbidocs.rbi.org.in/rdocs/notification/PDFs/278MD2C704B1C34BF4E1BB8F6B710190D4E6C.PDF
2026-08-12 19:47:23,549 [INFO] scraper.rbi: DOWNLOADED md_13027 bytes=336615 -> /Users/karan/Downloads/carbon-tracker 3/Capstone_project/data/raw/master_directions/md_13027.pdf
2026-08-12 19:47:25,049 [INFO] scraper.rbi: GET attempt=1 url=https://rbidocs.rbi.org.in/rdocs/notification/PDFs/277MDFF00147367D64F02899A3A756CDA9093.PDF
2026-08-12 19:47:25,665 [INFO] scraper.rbi: DOWNLOADED md_13028 bytes=815371 -> /Users/karan/Downloads/carbon-tracker 3/Capstone_project/data/raw/master_directions/md_13028.pdf
2026-08-12 19:47:27,167 [INFO] scraper.rbi: GET attempt=1 url=https://rbidocs.rbi.org.in/rdocs/notification/PDFs/276MD926CB0F1D85C4C7981A81F01AAEE0D13.PDF
2026-08-12 19:47:27,656 [INFO] scraper.rbi: DOWNLOADED md_13029 bytes=372698 -> /Users/karan/Downloads/carbon-tracker 3/Capstone_project/data/raw/master_directions/md_13029.pdf
2026-08-12 19:47:29,160 [INFO] scraper.rbi: GET attempt=1 url=https://rbidocs.rbi.org.in/rdocs/notification/PDFs/275MD3D20366A706C4C13B4FA21A3DC0451A1.PDF
2026-08-12 19:47:29,847 [INFO] scraper.rbi: DOWNLOADED md_13030 bytes=913212 -> /Users/karan/Downloads/carbon-tracker 3/Capstone_project/data/raw/master_directions/md_13030.pdf
2026-08-12 19:47:31,347 [INFO] scraper.rbi: GET attempt=1 url=https://rbidocs.rbi.org.in/rdocs/notification/PDFs/274MD3A0AEE03DF1B4F39BB0F0B91BFC73A05.PDF
2026-08-12 19:47:32,044 [INFO] scraper.rbi: DOWNLOADED md_13031 bytes=776477 -> /Users/karan/Downloads/carbon-tracker 3/Capstone_project/data/raw/master_directions/md_13031.pdf
2026-08-12 19:47:33,552 [INFO] scraper.rbi: GET attempt=1 url=https://rbidocs.rbi.org.in/rdocs/notification/PDFs/273MD1E2C8ADF7F3D4881933547E0AAABCFA4.PDF
2026-08-12 19:47:34,200 [INFO] scraper.rbi: DOWNLOADED md_13032 bytes=435289 -> /Users/karan/Downloads/carbon-tracker 3/Capstone_project/data/raw/master_directions/md_13032.pdf
2026-08-12 19:47:35,709 [INFO] scraper.rbi: GET attempt=1 url=https://rbidocs.rbi.org.in/rdocs/notification/PDFs/272MD6C9694D129BC4A769CBCD6B206A345B5.PDF
2026-08-12 19:47:36,210 [INFO] scraper.rbi: DOWNLOADED md_13033 bytes=419337 -> /Users/karan/Downloads/carbon-tracker 3/Capstone_project/data/raw/master_directions/md_13033.pdf
2026-08-12 19:47:37,718 [INFO] scraper.rbi: GET attempt=1 url=https://rbidocs.rbi.org.in/rdocs/notification/PDFs/385MDE9EEBCE5D5EA40C5AD9FD122507E94F8.PDF
2026-08-12 19:47:38,107 [INFO] scraper.rbi: DOWNLOADED md_13034 bytes=268968 -> /Users/karan/Downloads/carbon-tracker 3/Capstone_project/data/raw/master_directions/md_13034.pdf
2026-08-12 19:47:39,616 [INFO] scraper.rbi: GET attempt=1 url=https://rbidocs.rbi.org.in/rdocs/notification/PDFs/270MD0F410014D53F4900814935480D096DDA.PDF
2026-08-12 19:47:39,993 [INFO] scraper.rbi: DOWNLOADED md_13036 bytes=344616 -> /Users/karan/Downloads/carbon-tracker 3/Capstone_project/data/raw/master_directions/md_13036.pdf
2026-08-12 19:47:41,498 [INFO] scraper.rbi: GET attempt=1 url=https://rbidocs.rbi.org.in/rdocs/notification/PDFs/318MDE0794991DA36479EAF4267E99E78C5D4.PDF
2026-08-12 19:47:41,940 [INFO] scraper.rbi: DOWNLOADED md_12986 bytes=315912 -> /Users/karan/Downloads/carbon-tracker 3/Capstone_project/data/raw/master_directions/md_12986.pdf
2026-08-12 19:47:43,447 [INFO] scraper.rbi: GET attempt=1 url=https://rbidocs.rbi.org.in/rdocs/notification/PDFs/317MD887462600A924B8CB0DD389AC78041C5.PDF
2026-08-12 19:47:45,286 [INFO] scraper.rbi: DOWNLOADED md_12987 bytes=1606239 -> /Users/karan/Downloads/carbon-tracker 3/Capstone_project/data/raw/master_directions/md_12987.pdf
2026-08-12 19:47:46,791 [INFO] scraper.rbi: GET attempt=1 url=https://rbidocs.rbi.org.in/rdocs/notification/PDFs/316MDC827AC45BD1248DFB272637379D4128C.PDF
2026-08-12 19:47:50,158 [INFO] scraper.rbi: DOWNLOADED md_12988 bytes=732746 -> /Users/karan/Downloads/carbon-tracker 3/Capstone_project/data/raw/master_directions/md_12988.pdf
2026-08-12 19:47:51,661 [INFO] scraper.rbi: GET attempt=1 url=https://rbidocs.rbi.org.in/rdocs/notification/PDFs/315MDD4D6D28D4BD84F84A93DBB459D696D04.PDF
2026-08-12 19:47:52,056 [INFO] scraper.rbi: DOWNLOADED md_12989 bytes=269503 -> /Users/karan/Downloads/carbon-tracker 3/Capstone_project/data/raw/master_directions/md_12989.pdf
2026-08-12 19:47:53,564 [INFO] scraper.rbi: GET attempt=1 url=https://rbidocs.rbi.org.in/rdocs/notification/PDFs/314MD105FDB4D92954DC8A332FDDD468727E2.PDF
2026-08-12 19:47:54,355 [INFO] scraper.rbi: DOWNLOADED md_12990 bytes=698469 -> /Users/karan/Downloads/carbon-tracker 3/Capstone_project/data/raw/master_directions/md_12990.pdf
2026-08-12 19:47:55,859 [INFO] scraper.rbi: GET attempt=1 url=https://rbidocs.rbi.org.in/rdocs/notification/PDFs/313MD02F712F901B74064B5DFB5389AAF4635.PDF
2026-08-12 19:47:56,226 [INFO] scraper.rbi: DOWNLOADED md_12991 bytes=403794 -> /Users/karan/Downloads/carbon-tracker 3/Capstone_project/data/raw/master_directions/md_12991.pdf
2026-08-12 19:47:57,730 [INFO] scraper.rbi: GET attempt=1 url=https://rbidocs.rbi.org.in/rdocs/notification/PDFs/312MDED63664A2FAD47AAA2AF35B21B42D891.PDF
2026-08-12 19:47:58,415 [INFO] scraper.rbi: DOWNLOADED md_12992 bytes=517325 -> /Users/karan/Downloads/carbon-tracker 3/Capstone_project/data/raw/master_directions/md_12992.pdf
2026-08-12 19:47:59,917 [INFO] scraper.rbi: GET attempt=1 url=https://rbidocs.rbi.org.in/rdocs/notification/PDFs/311MD325E093FC9B14A5E8D968E2BFC9A7CE2.PDF
2026-08-12 19:48:00,419 [INFO] scraper.rbi: DOWNLOADED md_12993 bytes=398205 -> /Users/karan/Downloads/carbon-tracker 3/Capstone_project/data/raw/master_directions/md_12993.pdf
2026-08-12 19:48:01,928 [INFO] scraper.rbi: GET attempt=1 url=https://rbidocs.rbi.org.in/rdocs/notification/PDFs/310MDB3001389A9CC4E929E5C95170219D08C.PDF
2026-08-12 19:48:02,691 [INFO] scraper.rbi: DOWNLOADED md_12994 bytes=476376 -> /Users/karan/Downloads/carbon-tracker 3/Capstone_project/data/raw/master_directions/md_12994.pdf
2026-08-12 19:48:04,199 [INFO] scraper.rbi: GET attempt=1 url=https://rbidocs.rbi.org.in/rdocs/notification/PDFs/309MDA721C4C88C1C47618967DEE0A5DD8ECF.PDF
2026-08-12 19:48:04,610 [INFO] scraper.rbi: DOWNLOADED md_12995 bytes=436955 -> /Users/karan/Downloads/carbon-tracker 3/Capstone_project/data/raw/master_directions/md_12995.pdf
2026-08-12 19:48:06,119 [INFO] scraper.rbi: GET attempt=1 url=https://rbidocs.rbi.org.in/rdocs/notification/PDFs/308MD5EFEC2756D6C49D89939321BFA1112ED.PDF
2026-08-12 19:48:06,483 [INFO] scraper.rbi: DOWNLOADED md_12996 bytes=250792 -> /Users/karan/Downloads/carbon-tracker 3/Capstone_project/data/raw/master_directions/md_12996.pdf
2026-08-12 19:48:07,982 [INFO] scraper.rbi: GET attempt=1 url=https://rbidocs.rbi.org.in/rdocs/notification/PDFs/307MDA2E3C66F4060495EB4262788206D4624.PDF
2026-08-12 19:48:08,322 [INFO] scraper.rbi: DOWNLOADED md_12997 bytes=300093 -> /Users/karan/Downloads/carbon-tracker 3/Capstone_project/data/raw/master_directions/md_12997.pdf
2026-08-12 19:48:09,828 [INFO] scraper.rbi: GET attempt=1 url=https://rbidocs.rbi.org.in/rdocs/notification/PDFs/306MD1B2E712A2C85493B9597D742B7D0723D.PDF
2026-08-12 19:48:10,262 [INFO] scraper.rbi: DOWNLOADED md_12998 bytes=343779 -> /Users/karan/Downloads/carbon-tracker 3/Capstone_project/data/raw/master_directions/md_12998.pdf
2026-08-12 19:48:11,767 [INFO] scraper.rbi: GET attempt=1 url=https://rbidocs.rbi.org.in/rdocs/notification/PDFs/305MDBAA8E20812664CD58C98C7436D919C49.PDF
2026-08-12 19:48:12,258 [INFO] scraper.rbi: DOWNLOADED md_12999 bytes=364666 -> /Users/karan/Downloads/carbon-tracker 3/Capstone_project/data/raw/master_directions/md_12999.pdf
2026-08-12 19:48:13,756 [INFO] scraper.rbi: GET attempt=1 url=https://rbidocs.rbi.org.in/rdocs/notification/PDFs/304MDB8CFC8C99FB2410A82F9022648786BD0.PDF
2026-08-12 19:48:14,676 [INFO] scraper.rbi: DOWNLOADED md_13000 bytes=916726 -> /Users/karan/Downloads/carbon-tracker 3/Capstone_project/data/raw/master_directions/md_13000.pdf
2026-08-12 19:48:16,184 [INFO] scraper.rbi: GET attempt=1 url=https://rbidocs.rbi.org.in/rdocs/notification/PDFs/303MD6394576E32E84D3FA6634CBA70F0291A.PDF
2026-08-12 19:48:16,598 [INFO] scraper.rbi: DOWNLOADED md_13001 bytes=305548 -> /Users/karan/Downloads/carbon-tracker 3/Capstone_project/data/raw/master_directions/md_13001.pdf
2026-08-12 19:48:18,105 [INFO] scraper.rbi: GET attempt=1 url=https://rbidocs.rbi.org.in/rdocs/notification/PDFs/302MD9447AEE4C3A543AA970CAF17ECD0E440.PDF
2026-08-12 19:48:18,641 [INFO] scraper.rbi: DOWNLOADED md_13002 bytes=498879 -> /Users/karan/Downloads/carbon-tracker 3/Capstone_project/data/raw/master_directions/md_13002.pdf
2026-08-12 19:48:20,147 [INFO] scraper.rbi: GET attempt=1 url=https://rbidocs.rbi.org.in/rdocs/notification/PDFs/301MD61FDD3EB323E49EEA9A1DFCE704E5BF9.PDF
2026-08-12 19:48:20,617 [INFO] scraper.rbi: DOWNLOADED md_13003 bytes=389140 -> /Users/karan/Downloads/carbon-tracker 3/Capstone_project/data/raw/master_directions/md_13003.pdf
2026-08-12 19:48:22,124 [INFO] scraper.rbi: GET attempt=1 url=https://rbidocs.rbi.org.in/rdocs/notification/PDFs/300MDF58DB7A7A9564C0CA00ABE5D6A0A07F1.PDF
2026-08-12 19:48:22,711 [INFO] scraper.rbi: DOWNLOADED md_13004 bytes=559954 -> /Users/karan/Downloads/carbon-tracker 3/Capstone_project/data/raw/master_directions/md_13004.pdf
2026-08-12 19:48:24,216 [INFO] scraper.rbi: GET attempt=1 url=https://rbidocs.rbi.org.in/rdocs/notification/PDFs/299MDEC55794FB96E4E52A5B5D0893EBE36F6.PDF
2026-08-12 19:48:25,562 [INFO] scraper.rbi: DOWNLOADED md_13005 bytes=759650 -> /Users/karan/Downloads/carbon-tracker 3/Capstone_project/data/raw/master_directions/md_13005.pdf
2026-08-12 19:48:27,067 [INFO] scraper.rbi: GET attempt=1 url=https://rbidocs.rbi.org.in/rdocs/notification/PDFs/298MD47439C1E67454650A666D90BDDE73AC3.PDF
2026-08-12 19:48:27,452 [INFO] scraper.rbi: DOWNLOADED md_13006 bytes=372061 -> /Users/karan/Downloads/carbon-tracker 3/Capstone_project/data/raw/master_directions/md_13006.pdf
2026-08-12 19:48:28,955 [INFO] scraper.rbi: GET attempt=1 url=https://rbidocs.rbi.org.in/rdocs/notification/PDFs/297MD8B97C3B046D84D0BAA969029B3B4F39F.PDF
2026-08-12 19:48:29,305 [INFO] scraper.rbi: DOWNLOADED md_13007 bytes=368969 -> /Users/karan/Downloads/carbon-tracker 3/Capstone_project/data/raw/master_directions/md_13007.pdf
2026-08-12 19:48:30,814 [INFO] scraper.rbi: GET attempt=1 url=https://rbidocs.rbi.org.in/rdocs/notification/PDFs/386MD2EA5A2249DB94541B485F19F9D6CEC6C.PDF
2026-08-12 19:48:31,120 [INFO] scraper.rbi: DOWNLOADED md_13008 bytes=280361 -> /Users/karan/Downloads/carbon-tracker 3/Capstone_project/data/raw/master_directions/md_13008.pdf
2026-08-12 19:48:32,627 [INFO] scraper.rbi: GET attempt=1 url=https://rbidocs.rbi.org.in/rdocs/notification/PDFs/295MD1EAD13C6D93B44E98AB6A4353542054E.PDF
2026-08-12 19:48:33,167 [INFO] scraper.rbi: DOWNLOADED md_13010 bytes=327375 -> /Users/karan/Downloads/carbon-tracker 3/Capstone_project/data/raw/master_directions/md_13010.pdf
2026-08-12 19:48:34,670 [INFO] scraper.rbi: GET attempt=1 url=https://rbidocs.rbi.org.in/rdocs/notification/PDFs/296MD3B084D4247B940E782DCF35DE02806CB.PDF
2026-08-12 19:48:35,213 [INFO] scraper.rbi: DOWNLOADED md_13205 bytes=394417 -> /Users/karan/Downloads/carbon-tracker 3/Capstone_project/data/raw/master_directions/md_13205.pdf
2026-08-12 19:48:36,714 [INFO] scraper.rbi: GET attempt=1 url=https://rbidocs.rbi.org.in/rdocs/notification/PDFs/319MDD6043B8B7A0A49CFA8C29881AE174DD6.PDF
2026-08-12 19:48:41,003 [INFO] scraper.rbi: DOWNLOADED md_13202 bytes=405901 -> /Users/karan/Downloads/carbon-tracker 3/Capstone_project/data/raw/master_directions/md_13202.pdf
2026-08-12 19:48:42,508 [INFO] scraper.rbi: GET attempt=1 url=https://rbidocs.rbi.org.in/rdocs/notification/PDFs/338MD82DA791B78C840DA9CE556AD2F6A099E.PDF
2026-08-12 19:48:42,885 [INFO] scraper.rbi: DOWNLOADED md_12966 bytes=268542 -> /Users/karan/Downloads/carbon-tracker 3/Capstone_project/data/raw/master_directions/md_12966.pdf
2026-08-12 19:48:44,393 [INFO] scraper.rbi: GET attempt=1 url=https://rbidocs.rbi.org.in/rdocs/notification/PDFs/337MD82046EB95DF047E7B6D4977E1D1B344E.PDF
2026-08-12 19:48:44,886 [INFO] scraper.rbi: DOWNLOADED md_12967 bytes=350735 -> /Users/karan/Downloads/carbon-tracker 3/Capstone_project/data/raw/master_directions/md_12967.pdf
2026-08-12 19:48:46,395 [INFO] scraper.rbi: GET attempt=1 url=https://rbidocs.rbi.org.in/rdocs/notification/PDFs/336MDE82A669C159C41D09B212DDF2908364A.PDF
2026-08-12 19:48:46,764 [INFO] scraper.rbi: DOWNLOADED md_12968 bytes=324473 -> /Users/karan/Downloads/carbon-tracker 3/Capstone_project/data/raw/master_directions/md_12968.pdf
2026-08-12 19:48:48,267 [INFO] scraper.rbi: GET attempt=1 url=https://rbidocs.rbi.org.in/rdocs/notification/PDFs/335MDB36143CAC69041858F40094B961AD8D1.PDF
2026-08-12 19:48:48,912 [INFO] scraper.rbi: DOWNLOADED md_12969 bytes=692368 -> /Users/karan/Downloads/carbon-tracker 3/Capstone_project/data/raw/master_directions/md_12969.pdf
2026-08-12 19:48:50,417 [INFO] scraper.rbi: GET attempt=1 url=https://rbidocs.rbi.org.in/rdocs/notification/PDFs/334MDBA729BB698594DF88D0C0F8AD14D6051.PDF
2026-08-12 19:48:51,259 [INFO] scraper.rbi: DOWNLOADED md_12970 bytes=986174 -> /Users/karan/Downloads/carbon-tracker 3/Capstone_project/data/raw/master_directions/md_12970.pdf
2026-08-12 19:48:52,767 [INFO] scraper.rbi: GET attempt=1 url=https://rbidocs.rbi.org.in/rdocs/notification/PDFs/333MD5058C30FAE2B4BF7A6FA46FBF5BA1860.PDF
2026-08-12 19:48:54,171 [INFO] scraper.rbi: DOWNLOADED md_12971 bytes=465872 -> /Users/karan/Downloads/carbon-tracker 3/Capstone_project/data/raw/master_directions/md_12971.pdf
2026-08-12 19:48:55,672 [INFO] scraper.rbi: GET attempt=1 url=https://rbidocs.rbi.org.in/rdocs/notification/PDFs/332MD172466A0BC46438DB5E53C03F90E5D97.PDF
2026-08-12 19:49:01,872 [INFO] scraper.rbi: DOWNLOADED md_12972 bytes=559246 -> /Users/karan/Downloads/carbon-tracker 3/Capstone_project/data/raw/master_directions/md_12972.pdf
2026-08-12 19:49:03,373 [INFO] scraper.rbi: GET attempt=1 url=https://rbidocs.rbi.org.in/rdocs/notification/PDFs/331MD8F94924174D045A9A61DB7472C935BBB.PDF
2026-08-12 19:49:03,954 [INFO] scraper.rbi: DOWNLOADED md_12973 bytes=548273 -> /Users/karan/Downloads/carbon-tracker 3/Capstone_project/data/raw/master_directions/md_12973.pdf
2026-08-12 19:49:05,459 [INFO] scraper.rbi: GET attempt=1 url=https://rbidocs.rbi.org.in/rdocs/notification/PDFs/330MD8EE03EACE9C840B78782487A56262606.PDF
2026-08-12 19:49:10,817 [INFO] scraper.rbi: DOWNLOADED md_12974 bytes=577134 -> /Users/karan/Downloads/carbon-tracker 3/Capstone_project/data/raw/master_directions/md_12974.pdf
2026-08-12 19:49:12,317 [INFO] scraper.rbi: GET attempt=1 url=https://rbidocs.rbi.org.in/rdocs/notification/PDFs/329MDB471ED6596B74577A0D9BC3296ECC859.PDF
2026-08-12 19:49:12,788 [INFO] scraper.rbi: DOWNLOADED md_12975 bytes=444393 -> /Users/karan/Downloads/carbon-tracker 3/Capstone_project/data/raw/master_directions/md_12975.pdf
2026-08-12 19:49:14,297 [INFO] scraper.rbi: GET attempt=1 url=https://rbidocs.rbi.org.in/rdocs/notification/PDFs/328MDCA89E7AD35574A5E8A94F83F329293A2.PDF
2026-08-12 19:49:17,190 [INFO] scraper.rbi: DOWNLOADED md_12976 bytes=452842 -> /Users/karan/Downloads/carbon-tracker 3/Capstone_project/data/raw/master_directions/md_12976.pdf
2026-08-12 19:49:18,693 [INFO] scraper.rbi: GET attempt=1 url=https://rbidocs.rbi.org.in/rdocs/notification/PDFs/327MD7EA8E880A8D64D06B8AE74D8EDF60F17.PDF
2026-08-12 19:49:23,906 [INFO] scraper.rbi: DOWNLOADED md_12977 bytes=516807 -> /Users/karan/Downloads/carbon-tracker 3/Capstone_project/data/raw/master_directions/md_12977.pdf
2026-08-12 19:49:25,405 [INFO] scraper.rbi: GET attempt=1 url=https://rbidocs.rbi.org.in/rdocs/notification/PDFs/326MD7CB162D66FB043AFA384B6ED63EFA5D7.PDF
2026-08-12 19:49:26,249 [INFO] scraper.rbi: DOWNLOADED md_12978 bytes=577738 -> /Users/karan/Downloads/carbon-tracker 3/Capstone_project/data/raw/master_directions/md_12978.pdf
2026-08-12 19:49:27,749 [INFO] scraper.rbi: GET attempt=1 url=https://rbidocs.rbi.org.in/rdocs/notification/PDFs/325MD9D1E9340756A42F183443F73A0B46998.PDF
2026-08-12 19:49:28,360 [INFO] scraper.rbi: DOWNLOADED md_12979 bytes=357219 -> /Users/karan/Downloads/carbon-tracker 3/Capstone_project/data/raw/master_directions/md_12979.pdf
2026-08-12 19:49:29,867 [INFO] scraper.rbi: GET attempt=1 url=https://rbidocs.rbi.org.in/rdocs/notification/PDFs/324MD7A26BF797952433E8A8D59AA98A79999.PDF
2026-08-12 19:49:31,084 [INFO] scraper.rbi: DOWNLOADED md_12980 bytes=907241 -> /Users/karan/Downloads/carbon-tracker 3/Capstone_project/data/raw/master_directions/md_12980.pdf
2026-08-12 19:49:32,583 [INFO] scraper.rbi: GET attempt=1 url=https://rbidocs.rbi.org.in/rdocs/notification/PDFs/323MDC03F7527B77E43B586042F9F3104C2B7.PDF
2026-08-12 19:49:33,434 [INFO] scraper.rbi: DOWNLOADED md_12981 bytes=481741 -> /Users/karan/Downloads/carbon-tracker 3/Capstone_project/data/raw/master_directions/md_12981.pdf
2026-08-12 19:49:34,941 [INFO] scraper.rbi: GET attempt=1 url=https://rbidocs.rbi.org.in/rdocs/notification/PDFs/322MD52B038D169F34D5C9851D5F02E1C7044.PDF
2026-08-12 19:49:35,569 [INFO] scraper.rbi: DOWNLOADED md_12982 bytes=298032 -> /Users/karan/Downloads/carbon-tracker 3/Capstone_project/data/raw/master_directions/md_12982.pdf
2026-08-12 19:49:37,081 [INFO] scraper.rbi: GET attempt=1 url=https://rbidocs.rbi.org.in/rdocs/notification/PDFs/321MDD26060BC94C943C8B5907F5E328E0F1B.PDF
2026-08-12 19:50:18,710 [INFO] scraper.rbi: DOWNLOADED md_12983 bytes=2923059 -> /Users/karan/Downloads/carbon-tracker 3/Capstone_project/data/raw/master_directions/md_12983.pdf
2026-08-12 19:50:20,216 [INFO] scraper.rbi: GET attempt=1 url=https://rbidocs.rbi.org.in/rdocs/notification/PDFs/320MDC5714911D38A471980DD2D5D9DB3AECD.PDF
2026-08-12 19:50:20,912 [INFO] scraper.rbi: DOWNLOADED md_12984 bytes=369659 -> /Users/karan/Downloads/carbon-tracker 3/Capstone_project/data/raw/master_directions/md_12984.pdf
2026-08-12 19:50:22,413 [INFO] scraper.rbi: GET attempt=1 url=https://rbidocs.rbi.org.in/rdocs/notification/PDFs/373MD7F3656C99F764E2F9CE1BC4A1337861F.PDF
2026-08-12 19:50:22,952 [INFO] scraper.rbi: DOWNLOADED md_12931 bytes=300857 -> /Users/karan/Downloads/carbon-tracker 3/Capstone_project/data/raw/master_directions/md_12931.pdf
2026-08-12 19:50:24,461 [INFO] scraper.rbi: GET attempt=1 url=https://rbidocs.rbi.org.in/rdocs/notification/PDFs/372MD72894C1BCD6646C582BDF57824ED849B.PDF
2026-08-12 19:50:24,914 [INFO] scraper.rbi: DOWNLOADED md_12932 bytes=330756 -> /Users/karan/Downloads/carbon-tracker 3/Capstone_project/data/raw/master_directions/md_12932.pdf
2026-08-12 19:50:26,415 [INFO] scraper.rbi: GET attempt=1 url=https://rbidocs.rbi.org.in/rdocs/notification/PDFs/371MD93444E1CFB2749C6A9F8F0182794522B.PDF
2026-08-12 19:50:26,847 [INFO] scraper.rbi: DOWNLOADED md_12933 bytes=321056 -> /Users/karan/Downloads/carbon-tracker 3/Capstone_project/data/raw/master_directions/md_12933.pdf
2026-08-12 19:50:28,348 [INFO] scraper.rbi: GET attempt=1 url=https://rbidocs.rbi.org.in/rdocs/notification/PDFs/370MD60843CF99DE6468CA026BF367311796E.PDF
2026-08-12 19:50:33,310 [INFO] scraper.rbi: DOWNLOADED md_12934 bytes=749681 -> /Users/karan/Downloads/carbon-tracker 3/Capstone_project/data/raw/master_directions/md_12934.pdf
2026-08-12 19:50:34,810 [INFO] scraper.rbi: GET attempt=1 url=https://rbidocs.rbi.org.in/rdocs/notification/PDFs/369MD595FB8D5A60A4858AEADC3DA61569214.PDF
2026-08-12 19:50:35,200 [INFO] scraper.rbi: DOWNLOADED md_12935 bytes=438852 -> /Users/karan/Downloads/carbon-tracker 3/Capstone_project/data/raw/master_directions/md_12935.pdf
2026-08-12 19:50:36,708 [INFO] scraper.rbi: GET attempt=1 url=https://rbidocs.rbi.org.in/rdocs/notification/PDFs/368MDA3A72C813679452CB0A291E6B300DB59.PDF
2026-08-12 19:50:37,194 [INFO] scraper.rbi: DOWNLOADED md_12936 bytes=340801 -> /Users/karan/Downloads/carbon-tracker 3/Capstone_project/data/raw/master_directions/md_12936.pdf
2026-08-12 19:50:38,694 [INFO] scraper.rbi: GET attempt=1 url=https://rbidocs.rbi.org.in/rdocs/notification/PDFs/367MD6F29605A9F984829B1DDFA72799197BB.PDF
2026-08-12 19:50:39,296 [INFO] scraper.rbi: DOWNLOADED md_12937 bytes=485872 -> /Users/karan/Downloads/carbon-tracker 3/Capstone_project/data/raw/master_directions/md_12937.pdf
2026-08-12 19:50:40,796 [INFO] scraper.rbi: GET attempt=1 url=https://rbidocs.rbi.org.in/rdocs/notification/PDFs/366MDF8A3AEF00BF24FFC8FA8F1B096F8E054.PDF
2026-08-12 19:50:41,499 [INFO] scraper.rbi: DOWNLOADED md_12938 bytes=810920 -> /Users/karan/Downloads/carbon-tracker 3/Capstone_project/data/raw/master_directions/md_12938.pdf
2026-08-12 19:50:42,999 [INFO] scraper.rbi: GET attempt=1 url=https://rbidocs.rbi.org.in/rdocs/notification/PDFs/365MD8214102C853241B98E06B2123AB42657.PDF
2026-08-12 19:50:43,662 [INFO] scraper.rbi: DOWNLOADED md_12939 bytes=833695 -> /Users/karan/Downloads/carbon-tracker 3/Capstone_project/data/raw/master_directions/md_12939.pdf
2026-08-12 19:50:45,165 [INFO] scraper.rbi: GET attempt=1 url=https://rbidocs.rbi.org.in/rdocs/notification/PDFs/364MD89C593EA3A124B1491E797D1A752110F.PDF
2026-08-12 19:50:45,721 [INFO] scraper.rbi: DOWNLOADED md_12940 bytes=286153 -> /Users/karan/Downloads/carbon-tracker 3/Capstone_project/data/raw/master_directions/md_12940.pdf
2026-08-12 19:50:47,227 [INFO] scraper.rbi: GET attempt=1 url=https://rbidocs.rbi.org.in/rdocs/notification/PDFs/363MD40F22B0CDF734E3C884A9CBCE5DF9194.PDF
2026-08-12 19:50:47,817 [INFO] scraper.rbi: DOWNLOADED md_12941 bytes=517983 -> /Users/karan/Downloads/carbon-tracker 3/Capstone_project/data/raw/master_directions/md_12941.pdf
2026-08-12 19:50:49,319 [INFO] scraper.rbi: GET attempt=1 url=https://rbidocs.rbi.org.in/rdocs/notification/PDFs/362MD26CA543937BA439A97E1BCFC08CF5808.PDF
2026-08-12 19:50:49,966 [INFO] scraper.rbi: DOWNLOADED md_12942 bytes=506756 -> /Users/karan/Downloads/carbon-tracker 3/Capstone_project/data/raw/master_directions/md_12942.pdf
2026-08-12 19:50:51,475 [INFO] scraper.rbi: GET attempt=1 url=https://rbidocs.rbi.org.in/rdocs/notification/PDFs/361MD1E2F8EA063454AD5AFA1D02A1BA5ACA7.PDF
2026-08-12 19:50:56,317 [INFO] scraper.rbi: DOWNLOADED md_12943 bytes=603902 -> /Users/karan/Downloads/carbon-tracker 3/Capstone_project/data/raw/master_directions/md_12943.pdf
2026-08-12 19:50:57,817 [INFO] scraper.rbi: GET attempt=1 url=https://rbidocs.rbi.org.in/rdocs/notification/PDFs/360MD1E07039E1DCA455B8CCB9D0C4BFD4BBE.PDF
2026-08-12 19:50:58,361 [INFO] scraper.rbi: DOWNLOADED md_12944 bytes=366226 -> /Users/karan/Downloads/carbon-tracker 3/Capstone_project/data/raw/master_directions/md_12944.pdf
2026-08-12 19:50:59,867 [INFO] scraper.rbi: GET attempt=1 url=https://rbidocs.rbi.org.in/rdocs/notification/PDFs/359MD22B81FAE1AB9481BA79541602ADD032D.PDF
2026-08-12 19:51:00,726 [INFO] scraper.rbi: DOWNLOADED md_12945 bytes=761522 -> /Users/karan/Downloads/carbon-tracker 3/Capstone_project/data/raw/master_directions/md_12945.pdf
2026-08-12 19:51:02,227 [INFO] scraper.rbi: GET attempt=1 url=https://rbidocs.rbi.org.in/rdocs/notification/PDFs/358MDB0FF0CDD07C04BFAB5A97494E9BB7104.PDF
2026-08-12 19:51:02,866 [INFO] scraper.rbi: DOWNLOADED md_12946 bytes=499259 -> /Users/karan/Downloads/carbon-tracker 3/Capstone_project/data/raw/master_directions/md_12946.pdf
2026-08-12 19:51:04,372 [INFO] scraper.rbi: GET attempt=1 url=https://rbidocs.rbi.org.in/rdocs/notification/PDFs/357MD501BDDC9758E40B592D1AD2D919CC6AF.PDF
2026-08-12 19:51:04,915 [INFO] scraper.rbi: DOWNLOADED md_12947 bytes=681132 -> /Users/karan/Downloads/carbon-tracker 3/Capstone_project/data/raw/master_directions/md_12947.pdf
2026-08-12 19:51:06,424 [INFO] scraper.rbi: GET attempt=1 url=https://rbidocs.rbi.org.in/rdocs/notification/PDFs/356MD4F8109CA54BE44A9805C5300601F8A11.PDF
2026-08-12 19:51:06,872 [INFO] scraper.rbi: DOWNLOADED md_12948 bytes=360989 -> /Users/karan/Downloads/carbon-tracker 3/Capstone_project/data/raw/master_directions/md_12948.pdf
2026-08-12 19:51:08,377 [INFO] scraper.rbi: GET attempt=1 url=https://rbidocs.rbi.org.in/rdocs/notification/PDFs/355MDDFD8E87964DD4F529248131781B5812F.PDF
2026-08-12 19:51:09,100 [INFO] scraper.rbi: DOWNLOADED md_12949 bytes=655160 -> /Users/karan/Downloads/carbon-tracker 3/Capstone_project/data/raw/master_directions/md_12949.pdf
2026-08-12 19:51:10,605 [INFO] scraper.rbi: GET attempt=1 url=https://rbidocs.rbi.org.in/rdocs/notification/PDFs/354MD1F909E42C44E481085D47ECF16A9EE26.PDF
2026-08-12 19:51:11,043 [INFO] scraper.rbi: DOWNLOADED md_12950 bytes=341221 -> /Users/karan/Downloads/carbon-tracker 3/Capstone_project/data/raw/master_directions/md_12950.pdf
2026-08-12 19:51:12,546 [INFO] scraper.rbi: GET attempt=1 url=https://rbidocs.rbi.org.in/rdocs/notification/PDFs/353MD9A35481FC07E4D1199A62E5C2356B0C4.PDF
2026-08-12 19:51:13,119 [INFO] scraper.rbi: DOWNLOADED md_12951 bytes=492033 -> /Users/karan/Downloads/carbon-tracker 3/Capstone_project/data/raw/master_directions/md_12951.pdf
2026-08-12 19:51:14,619 [INFO] scraper.rbi: GET attempt=1 url=https://rbidocs.rbi.org.in/rdocs/notification/PDFs/352MDCF4E55B0ACD24FCC8AED1C715997F0F9.PDF
2026-08-12 19:51:15,089 [INFO] scraper.rbi: DOWNLOADED md_12952 bytes=403131 -> /Users/karan/Downloads/carbon-tracker 3/Capstone_project/data/raw/master_directions/md_12952.pdf
2026-08-12 19:51:16,598 [INFO] scraper.rbi: GET attempt=1 url=https://rbidocs.rbi.org.in/rdocs/notification/PDFs/351MD74108723E6DA484E954DB9D2C7ED184C.PDF
2026-08-12 19:51:16,981 [INFO] scraper.rbi: DOWNLOADED md_12953 bytes=414519 -> /Users/karan/Downloads/carbon-tracker 3/Capstone_project/data/raw/master_directions/md_12953.pdf
2026-08-12 19:51:18,484 [INFO] scraper.rbi: GET attempt=1 url=https://rbidocs.rbi.org.in/rdocs/notification/PDFs/350MDEF81E70DAB50429898EB2CF07BBCA09E.PDF
2026-08-12 19:51:18,958 [INFO] scraper.rbi: DOWNLOADED md_12954 bytes=379835 -> /Users/karan/Downloads/carbon-tracker 3/Capstone_project/data/raw/master_directions/md_12954.pdf
2026-08-12 19:51:20,464 [INFO] scraper.rbi: GET attempt=1 url=https://rbidocs.rbi.org.in/rdocs/notification/PDFs/349MD04B1F5EC16D84779BC61D9CC40552401.PDF
2026-08-12 19:51:21,366 [INFO] scraper.rbi: DOWNLOADED md_12955 bytes=891327 -> /Users/karan/Downloads/carbon-tracker 3/Capstone_project/data/raw/master_directions/md_12955.pdf
2026-08-12 19:51:22,869 [INFO] scraper.rbi: GET attempt=1 url=https://rbidocs.rbi.org.in/rdocs/notification/PDFs/348MD993245D8570047299D1814811F20AFEE.PDF
2026-08-12 19:51:23,412 [INFO] scraper.rbi: DOWNLOADED md_12956 bytes=460224 -> /Users/karan/Downloads/carbon-tracker 3/Capstone_project/data/raw/master_directions/md_12956.pdf
2026-08-12 19:51:24,912 [INFO] scraper.rbi: GET attempt=1 url=https://rbidocs.rbi.org.in/rdocs/notification/PDFs/347MD5CC21D3597C04354B67A42A1A4CB439C.PDF
2026-08-12 19:51:25,461 [INFO] scraper.rbi: DOWNLOADED md_12957 bytes=555191 -> /Users/karan/Downloads/carbon-tracker 3/Capstone_project/data/raw/master_directions/md_12957.pdf
2026-08-12 19:51:26,962 [INFO] scraper.rbi: GET attempt=1 url=https://rbidocs.rbi.org.in/rdocs/notification/PDFs/346MD6C1FC3FFE3E84415B12A1C05642FD3E3.PDF
2026-08-12 19:51:27,363 [INFO] scraper.rbi: DOWNLOADED md_12958 bytes=392986 -> /Users/karan/Downloads/carbon-tracker 3/Capstone_project/data/raw/master_directions/md_12958.pdf
2026-08-12 19:51:28,871 [INFO] scraper.rbi: GET attempt=1 url=https://rbidocs.rbi.org.in/rdocs/notification/PDFs/345MDAB71EF5B2D534D7B92C654742BDF9A77.PDF
2026-08-12 19:51:29,420 [INFO] scraper.rbi: DOWNLOADED md_12959 bytes=672123 -> /Users/karan/Downloads/carbon-tracker 3/Capstone_project/data/raw/master_directions/md_12959.pdf
2026-08-12 19:51:30,929 [INFO] scraper.rbi: GET attempt=1 url=https://rbidocs.rbi.org.in/rdocs/notification/PDFs/344MD22F0E87F6DD848919A6459236939D76F.PDF
2026-08-12 19:51:31,320 [INFO] scraper.rbi: DOWNLOADED md_12960 bytes=501716 -> /Users/karan/Downloads/carbon-tracker 3/Capstone_project/data/raw/master_directions/md_12960.pdf
2026-08-12 19:51:32,829 [INFO] scraper.rbi: GET attempt=1 url=https://rbidocs.rbi.org.in/rdocs/notification/PDFs/343MD54448C9FA65A429BB5AFADBB162904F1.PDF
2026-08-12 19:51:33,422 [INFO] scraper.rbi: DOWNLOADED md_12961 bytes=522731 -> /Users/karan/Downloads/carbon-tracker 3/Capstone_project/data/raw/master_directions/md_12961.pdf
2026-08-12 19:51:34,929 [INFO] scraper.rbi: GET attempt=1 url=https://rbidocs.rbi.org.in/rdocs/notification/PDFs/342MD6D0E541E684A451BB4BB80C4819B2BB1.PDF
2026-08-12 19:51:35,385 [INFO] scraper.rbi: DOWNLOADED md_12962 bytes=268408 -> /Users/karan/Downloads/carbon-tracker 3/Capstone_project/data/raw/master_directions/md_12962.pdf
2026-08-12 19:51:36,894 [INFO] scraper.rbi: GET attempt=1 url=https://rbidocs.rbi.org.in/rdocs/notification/PDFs/341MDDF7F3A9C8BF2439D828E773D444D7FD3.PDF
2026-08-12 19:51:37,309 [INFO] scraper.rbi: DOWNLOADED md_12963 bytes=277957 -> /Users/karan/Downloads/carbon-tracker 3/Capstone_project/data/raw/master_directions/md_12963.pdf
2026-08-12 19:51:38,814 [INFO] scraper.rbi: GET attempt=1 url=https://rbidocs.rbi.org.in/rdocs/notification/PDFs/340MD4B77ED4B942E4F9FBECA5673D0360BA3.PDF
2026-08-12 19:51:39,240 [INFO] scraper.rbi: DOWNLOADED md_12964 bytes=320412 -> /Users/karan/Downloads/carbon-tracker 3/Capstone_project/data/raw/master_directions/md_12964.pdf
2026-08-12 19:51:40,746 [INFO] scraper.rbi: GET attempt=1 url=https://rbidocs.rbi.org.in/rdocs/notification/PDFs/339MD7166A79E96D64572B378949D3972DBD1.PDF
2026-08-12 19:51:41,202 [INFO] scraper.rbi: DOWNLOADED md_12965 bytes=492747 -> /Users/karan/Downloads/carbon-tracker 3/Capstone_project/data/raw/master_directions/md_12965.pdf
2026-08-12 19:51:42,704 [INFO] scraper.rbi: GET attempt=1 url=https://rbidocs.rbi.org.in/rdocs/notification/PDFs/377MDC2C0B12BF5FA4716B1186CBAFBAEE6DC.PDF
2026-08-12 19:51:43,305 [INFO] scraper.rbi: DOWNLOADED md_12927 bytes=579524 -> /Users/karan/Downloads/carbon-tracker 3/Capstone_project/data/raw/master_directions/md_12927.pdf
2026-08-12 19:51:44,806 [INFO] scraper.rbi: GET attempt=1 url=https://rbidocs.rbi.org.in/rdocs/notification/PDFs/376MD90C9663D1BA3430989254B93FFC0C975.PDF
2026-08-12 19:54:35,123 [INFO] scraper.rbi: DOWNLOADED md_12928 bytes=407668 -> /Users/karan/Downloads/carbon-tracker 3/Capstone_project/data/raw/master_directions/md_12928.pdf
2026-08-12 19:54:36,624 [INFO] scraper.rbi: GET attempt=1 url=https://rbidocs.rbi.org.in/rdocs/notification/PDFs/375MD4501F9CAB74942A5862702FA20D4F275.PDF
2026-08-12 19:54:44,065 [INFO] scraper.rbi: DOWNLOADED md_12929 bytes=838708 -> /Users/karan/Downloads/carbon-tracker 3/Capstone_project/data/raw/master_directions/md_12929.pdf
2026-08-12 19:54:45,563 [INFO] scraper.rbi: GET attempt=1 url=https://rbidocs.rbi.org.in/rdocs/notification/PDFs/374MD5EB12B213C134165BBC19F6F9B01434A.PDF
2026-08-12 19:54:50,850 [INFO] scraper.rbi: DOWNLOADED md_12930 bytes=715449 -> /Users/karan/Downloads/carbon-tracker 3/Capstone_project/data/raw/master_directions/md_12930.pdf
2026-08-12 19:54:52,349 [INFO] scraper.rbi: GET attempt=1 url=https://rbidocs.rbi.org.in/rdocs/notification/PDFs/379MD4FB63C400E634A6EA5E9F800150E0643.PDF
2026-08-12 19:54:53,656 [INFO] scraper.rbi: DOWNLOADED md_12925 bytes=360772 -> /Users/karan/Downloads/carbon-tracker 3/Capstone_project/data/raw/master_directions/md_12925.pdf
2026-08-12 19:54:55,159 [INFO] scraper.rbi: GET attempt=1 url=https://rbidocs.rbi.org.in/rdocs/notification/PDFs/378MD65D46FCCF0C34491B34505C6E1DACFFE.PDF
2026-08-12 19:55:02,417 [INFO] scraper.rbi: DOWNLOADED md_12926 bytes=1085418 -> /Users/karan/Downloads/carbon-tracker 3/Capstone_project/data/raw/master_directions/md_12926.pdf
2026-08-12 19:55:03,917 [INFO] scraper.rbi: GET attempt=1 url=https://rbidocs.rbi.org.in/rdocs/notification/PDFs/416MD53D6A6765E6649B6AAABB58C0E4C7EFB.PDF
2026-08-12 19:55:04,556 [INFO] scraper.rbi: DOWNLOADED md_13637 bytes=485460 -> /Users/karan/Downloads/carbon-tracker 3/Capstone_project/data/raw/master_directions/md_13637.pdf
2026-08-12 19:55:06,055 [INFO] scraper.rbi: GET attempt=1 url=https://rbidocs.rbi.org.in/rdocs/notification/PDFs/415MD17AD8787C68848D58600F61E35468861.PDF
2026-08-12 19:55:06,878 [INFO] scraper.rbi: DOWNLOADED md_13638 bytes=994596 -> /Users/karan/Downloads/carbon-tracker 3/Capstone_project/data/raw/master_directions/md_13638.pdf
2026-08-12 19:55:08,376 [INFO] scraper.rbi: GET attempt=1 url=https://rbidocs.rbi.org.in/rdocs/notification/PDFs/414MDEB929BD427B7443C98B182F2A13E1396.PDF
2026-08-12 19:55:09,768 [INFO] scraper.rbi: DOWNLOADED md_13639 bytes=2349883 -> /Users/karan/Downloads/carbon-tracker 3/Capstone_project/data/raw/master_directions/md_13639.pdf
2026-08-12 19:55:11,266 [INFO] scraper.rbi: GET attempt=1 url=https://rbidocs.rbi.org.in/rdocs/notification/PDFs/413MD4F9FF319B5954ED1998D65025BDCBFDA.PDF
2026-08-12 19:55:11,890 [INFO] scraper.rbi: DOWNLOADED md_13640 bytes=761407 -> /Users/karan/Downloads/carbon-tracker 3/Capstone_project/data/raw/master_directions/md_13640.pdf
2026-08-12 19:55:13,390 [INFO] scraper.rbi: GET attempt=1 url=https://rbidocs.rbi.org.in/rdocs/notification/PDFs/412MD5B6CA712E156413BACDEA9DD5CF5D1EF.PDF
2026-08-12 19:55:14,093 [INFO] scraper.rbi: DOWNLOADED md_13641 bytes=1171895 -> /Users/karan/Downloads/carbon-tracker 3/Capstone_project/data/raw/master_directions/md_13641.pdf
2026-08-12 19:55:15,588 [INFO] scraper.rbi: GET attempt=1 url=https://rbidocs.rbi.org.in/rdocs/notification/PDFs/411MD1918998D1AD74F159D57664FB10E053F.PDF
2026-08-12 19:55:16,076 [INFO] scraper.rbi: DOWNLOADED md_13642 bytes=413422 -> /Users/karan/Downloads/carbon-tracker 3/Capstone_project/data/raw/master_directions/md_13642.pdf
2026-08-12 19:55:17,576 [INFO] scraper.rbi: GET attempt=1 url=https://rbidocs.rbi.org.in/rdocs/notification/PDFs/410MD1C1DD4C43C9C49ED9033D64902636D9C.PDF
2026-08-12 19:55:18,028 [INFO] scraper.rbi: DOWNLOADED md_13643 bytes=523257 -> /Users/karan/Downloads/carbon-tracker 3/Capstone_project/data/raw/master_directions/md_13643.pdf
2026-08-12 19:55:19,527 [INFO] scraper.rbi: GET attempt=1 url=https://rbidocs.rbi.org.in/rdocs/notification/PDFs/409MD13EB09368FC543A2BEDF3B9E8F2C9A6A.PDF
2026-08-12 19:55:23,887 [INFO] scraper.rbi: DOWNLOADED md_13644 bytes=563767 -> /Users/karan/Downloads/carbon-tracker 3/Capstone_project/data/raw/master_directions/md_13644.pdf
2026-08-12 19:55:25,391 [INFO] scraper.rbi: GET attempt=1 url=https://rbidocs.rbi.org.in/rdocs/notification/PDFs/408MD83CAFF1305FB4180A6C3B4E68C88ED09.PDF
2026-08-12 19:55:26,032 [INFO] scraper.rbi: DOWNLOADED md_13645 bytes=993461 -> /Users/karan/Downloads/carbon-tracker 3/Capstone_project/data/raw/master_directions/md_13645.pdf
2026-08-12 19:55:27,536 [INFO] scraper.rbi: GET attempt=1 url=https://rbidocs.rbi.org.in/rdocs/notification/PDFs/425MD0436481B095C48CD89101DA2ACCD152E.PDF
2026-08-12 19:55:28,117 [INFO] scraper.rbi: DOWNLOADED md_13628 bytes=444943 -> /Users/karan/Downloads/carbon-tracker 3/Capstone_project/data/raw/master_directions/md_13628.pdf
2026-08-12 19:55:29,618 [INFO] scraper.rbi: GET attempt=1 url=https://rbidocs.rbi.org.in/rdocs/notification/PDFs/424MD2CF5C97A54FA4C2883108496BBEF2D80.PDF
2026-08-12 19:55:30,229 [INFO] scraper.rbi: DOWNLOADED md_13629 bytes=856939 -> /Users/karan/Downloads/carbon-tracker 3/Capstone_project/data/raw/master_directions/md_13629.pdf
2026-08-12 19:55:31,733 [INFO] scraper.rbi: GET attempt=1 url=https://rbidocs.rbi.org.in/rdocs/notification/PDFs/423MD425FF643D83E4234949863E6681E0BC3.PDF
2026-08-12 19:55:33,146 [INFO] scraper.rbi: DOWNLOADED md_13630 bytes=2077471 -> /Users/karan/Downloads/carbon-tracker 3/Capstone_project/data/raw/master_directions/md_13630.pdf
2026-08-12 19:55:34,643 [INFO] scraper.rbi: GET attempt=1 url=https://rbidocs.rbi.org.in/rdocs/notification/PDFs/422MD40D63D4AC3564816952B97A16E1AFABD.PDF
2026-08-12 19:55:35,160 [INFO] scraper.rbi: DOWNLOADED md_13631 bytes=785833 -> /Users/karan/Downloads/carbon-tracker 3/Capstone_project/data/raw/master_directions/md_13631.pdf
2026-08-12 19:55:36,660 [INFO] scraper.rbi: GET attempt=1 url=https://rbidocs.rbi.org.in/rdocs/notification/PDFs/421MD045AAA3F34354D88B80AB52E2EFBBBA1.PDF
2026-08-12 19:55:37,319 [INFO] scraper.rbi: DOWNLOADED md_13632 bytes=1110281 -> /Users/karan/Downloads/carbon-tracker 3/Capstone_project/data/raw/master_directions/md_13632.pdf
2026-08-12 19:55:38,818 [INFO] scraper.rbi: GET attempt=1 url=https://rbidocs.rbi.org.in/rdocs/notification/PDFs/420MD29384D707EBB4C938067734D3B24D278.PDF
2026-08-12 19:55:39,224 [INFO] scraper.rbi: DOWNLOADED md_13633 bytes=387970 -> /Users/karan/Downloads/carbon-tracker 3/Capstone_project/data/raw/master_directions/md_13633.pdf
2026-08-12 19:55:40,728 [INFO] scraper.rbi: GET attempt=1 url=https://rbidocs.rbi.org.in/rdocs/notification/PDFs/419MD2FBDBDE1A8C948B79579A76A9BC83E21.PDF
2026-08-12 19:55:41,164 [INFO] scraper.rbi: DOWNLOADED md_13634 bytes=493084 -> /Users/karan/Downloads/carbon-tracker 3/Capstone_project/data/raw/master_directions/md_13634.pdf
2026-08-12 19:55:42,665 [INFO] scraper.rbi: GET attempt=1 url=https://rbidocs.rbi.org.in/rdocs/notification/PDFs/418MD59AF663B94CE4CA4AED6B0F320D63F27.PDF
2026-08-12 19:55:43,157 [INFO] scraper.rbi: DOWNLOADED md_13635 bytes=539476 -> /Users/karan/Downloads/carbon-tracker 3/Capstone_project/data/raw/master_directions/md_13635.pdf
2026-08-12 19:55:44,655 [INFO] scraper.rbi: GET attempt=1 url=https://rbidocs.rbi.org.in/rdocs/notification/PDFs/417MDBF2FB62647A34F518725C7419A522A1A.PDF
2026-08-12 19:55:45,241 [INFO] scraper.rbi: DOWNLOADED md_13636 bytes=992218 -> /Users/karan/Downloads/carbon-tracker 3/Capstone_project/data/raw/master_directions/md_13636.pdf
2026-08-12 19:55:46,744 [INFO] scraper.rbi: GET attempt=1 url=https://rbidocs.rbi.org.in/rdocs/notification/PDFs/434MDB0864F4A89F445818734DA5107794020.PDF
2026-08-12 19:55:47,124 [INFO] scraper.rbi: DOWNLOADED md_13619 bytes=408199 -> /Users/karan/Downloads/carbon-tracker 3/Capstone_project/data/raw/master_directions/md_13619.pdf
2026-08-12 19:55:48,627 [INFO] scraper.rbi: GET attempt=1 url=https://rbidocs.rbi.org.in/rdocs/notification/PDFs/433MD144CFE8D6C744FDABF82F09A06E54704.PDF
2026-08-12 19:55:54,760 [INFO] scraper.rbi: DOWNLOADED md_13620 bytes=691358 -> /Users/karan/Downloads/carbon-tracker 3/Capstone_project/data/raw/master_directions/md_13620.pdf
2026-08-12 19:55:56,262 [INFO] scraper.rbi: GET attempt=1 url=https://rbidocs.rbi.org.in/rdocs/notification/PDFs/432MD02061AE612F1453BAD8A821EBECC8F58.PDF
2026-08-12 19:55:57,259 [INFO] scraper.rbi: DOWNLOADED md_13621 bytes=1517466 -> /Users/karan/Downloads/carbon-tracker 3/Capstone_project/data/raw/master_directions/md_13621.pdf
2026-08-12 19:55:58,760 [INFO] scraper.rbi: GET attempt=1 url=https://rbidocs.rbi.org.in/rdocs/notification/PDFs/431MDACE5BE38F43D4579B03E9DF6F96DA7B7.PDF
2026-08-12 19:55:59,396 [INFO] scraper.rbi: DOWNLOADED md_13622 bytes=785776 -> /Users/karan/Downloads/carbon-tracker 3/Capstone_project/data/raw/master_directions/md_13622.pdf
2026-08-12 19:56:00,898 [INFO] scraper.rbi: GET attempt=1 url=https://rbidocs.rbi.org.in/rdocs/notification/PDFs/430MD8AFE9055BACE46968BC6E8CB3112471B.PDF
2026-08-12 19:56:06,288 [INFO] scraper.rbi: DOWNLOADED md_13623 bytes=1002313 -> /Users/karan/Downloads/carbon-tracker 3/Capstone_project/data/raw/master_directions/md_13623.pdf
2026-08-12 19:56:07,787 [INFO] scraper.rbi: GET attempt=1 url=https://rbidocs.rbi.org.in/rdocs/notification/PDFs/429MD335484C7D27C4AC58720D636CA735A25.PDF
2026-08-12 19:56:10,639 [INFO] scraper.rbi: DOWNLOADED md_13624 bytes=430746 -> /Users/karan/Downloads/carbon-tracker 3/Capstone_project/data/raw/master_directions/md_13624.pdf
2026-08-12 19:56:12,142 [INFO] scraper.rbi: GET attempt=1 url=https://rbidocs.rbi.org.in/rdocs/notification/PDFs/428MD47757204F5E54CE99FB1E19E8C458655.PDF
2026-08-12 19:56:12,580 [INFO] scraper.rbi: DOWNLOADED md_13625 bytes=493820 -> /Users/karan/Downloads/carbon-tracker 3/Capstone_project/data/raw/master_directions/md_13625.pdf
2026-08-12 19:56:14,083 [INFO] scraper.rbi: GET attempt=1 url=https://rbidocs.rbi.org.in/rdocs/notification/PDFs/427MD7FCE1B261A9043DC9F6B526DAC24BCF3.PDF
2026-08-12 19:56:14,689 [INFO] scraper.rbi: DOWNLOADED md_13626 bytes=515824 -> /Users/karan/Downloads/carbon-tracker 3/Capstone_project/data/raw/master_directions/md_13626.pdf
2026-08-12 19:56:16,194 [INFO] scraper.rbi: GET attempt=1 url=https://rbidocs.rbi.org.in/rdocs/notification/PDFs/426MDAC33102EE3FA40DA842AAF54921D76DD.PDF
2026-08-12 19:56:18,157 [INFO] scraper.rbi: DOWNLOADED md_13627 bytes=992121 -> /Users/karan/Downloads/carbon-tracker 3/Capstone_project/data/raw/master_directions/md_13627.pdf
2026-08-12 19:56:19,657 [INFO] scraper.rbi: GET attempt=1 url=https://rbidocs.rbi.org.in/rdocs/notification/PDFs/450MD9EEAB01F633148768CC03DEEA746654E.PDF
2026-08-12 19:56:20,152 [INFO] scraper.rbi: DOWNLOADED md_13603 bytes=457877 -> /Users/karan/Downloads/carbon-tracker 3/Capstone_project/data/raw/master_directions/md_13603.pdf
2026-08-12 19:56:21,653 [INFO] scraper.rbi: GET attempt=1 url=https://rbidocs.rbi.org.in/rdocs/notification/PDFs/449MD116AEA06D1C141EDA717FDD5B72BB988.PDF
2026-08-12 19:56:22,184 [INFO] scraper.rbi: DOWNLOADED md_13604 bytes=704598 -> /Users/karan/Downloads/carbon-tracker 3/Capstone_project/data/raw/master_directions/md_13604.pdf
2026-08-12 19:56:23,688 [INFO] scraper.rbi: GET attempt=1 url=https://rbidocs.rbi.org.in/rdocs/notification/PDFs/448MDEB239D081FB94715A7DA64D5F34CC51D.PDF
2026-08-12 19:56:24,780 [INFO] scraper.rbi: DOWNLOADED md_13605 bytes=2137229 -> /Users/karan/Downloads/carbon-tracker 3/Capstone_project/data/raw/master_directions/md_13605.pdf
2026-08-12 19:56:26,282 [INFO] scraper.rbi: GET attempt=1 url=https://rbidocs.rbi.org.in/rdocs/notification/PDFs/447MDBF165A2602F944F79E739038F8807402.PDF
2026-08-12 19:56:26,872 [INFO] scraper.rbi: DOWNLOADED md_13606 bytes=784693 -> /Users/karan/Downloads/carbon-tracker 3/Capstone_project/data/raw/master_directions/md_13606.pdf
2026-08-12 19:56:28,371 [INFO] scraper.rbi: GET attempt=1 url=https://rbidocs.rbi.org.in/rdocs/notification/PDFs/446MDF0DB1395806B4600842005FCA98583BE.PDF
2026-08-12 19:56:30,066 [INFO] scraper.rbi: DOWNLOADED md_13607 bytes=1110380 -> /Users/karan/Downloads/carbon-tracker 3/Capstone_project/data/raw/master_directions/md_13607.pdf
2026-08-12 19:56:31,565 [INFO] scraper.rbi: GET attempt=1 url=https://rbidocs.rbi.org.in/rdocs/notification/PDFs/445MD0C4C20C6998646ABAC1E8634D932999D.PDF
2026-08-12 19:56:31,971 [INFO] scraper.rbi: DOWNLOADED md_13608 bytes=539444 -> /Users/karan/Downloads/carbon-tracker 3/Capstone_project/data/raw/master_directions/md_13608.pdf
2026-08-12 19:56:33,474 [INFO] scraper.rbi: GET attempt=1 url=https://rbidocs.rbi.org.in/rdocs/notification/PDFs/444MDF1F447E6FD10463DAEDCAA55AEBC11ED.PDF
2026-08-12 19:56:34,172 [INFO] scraper.rbi: DOWNLOADED md_13609 bytes=992085 -> /Users/karan/Downloads/carbon-tracker 3/Capstone_project/data/raw/master_directions/md_13609.pdf
2026-08-12 19:56:35,671 [INFO] scraper.rbi: GET attempt=1 url=https://rbidocs.rbi.org.in/rdocs/notification/PDFs/455MDC05EBF7DB224411BA9BCFB752F1AA5C3.PDF
2026-08-12 19:56:36,023 [INFO] scraper.rbi: DOWNLOADED md_13598 bytes=445383 -> /Users/karan/Downloads/carbon-tracker 3/Capstone_project/data/raw/master_directions/md_13598.pdf
2026-08-12 19:56:37,523 [INFO] scraper.rbi: GET attempt=1 url=https://rbidocs.rbi.org.in/rdocs/notification/PDFs/454MD3627FA91C182430CB1E49367CA5A9896.PDF
2026-08-12 19:56:38,199 [INFO] scraper.rbi: DOWNLOADED md_13599 bytes=1026546 -> /Users/karan/Downloads/carbon-tracker 3/Capstone_project/data/raw/master_directions/md_13599.pdf
2026-08-12 19:56:39,702 [INFO] scraper.rbi: GET attempt=1 url=https://rbidocs.rbi.org.in/rdocs/notification/PDFs/443MD40CA627030B44C78A2B73D3CE3BE4E98.PDF
2026-08-12 19:56:40,131 [INFO] scraper.rbi: DOWNLOADED md_13610 bytes=451542 -> /Users/karan/Downloads/carbon-tracker 3/Capstone_project/data/raw/master_directions/md_13610.pdf
2026-08-12 19:56:41,634 [INFO] scraper.rbi: GET attempt=1 url=https://rbidocs.rbi.org.in/rdocs/notification/PDFs/442MD0BA25C6023EF4C10A10B90D638D6B00D.PDF
2026-08-12 19:56:42,668 [INFO] scraper.rbi: DOWNLOADED md_13611 bytes=878271 -> /Users/karan/Downloads/carbon-tracker 3/Capstone_project/data/raw/master_directions/md_13611.pdf
2026-08-12 19:56:44,170 [INFO] scraper.rbi: GET attempt=1 url=https://rbidocs.rbi.org.in/rdocs/notification/PDFs/441MD53753CC8209F499E84242D70BF5AAB9F.PDF
2026-08-12 19:56:44,762 [INFO] scraper.rbi: DOWNLOADED md_13612 bytes=915494 -> /Users/karan/Downloads/carbon-tracker 3/Capstone_project/data/raw/master_directions/md_13612.pdf
2026-08-12 19:56:46,264 [INFO] scraper.rbi: GET attempt=1 url=https://rbidocs.rbi.org.in/rdocs/notification/PDFs/440MDAD4DA76A732549728DFC3DC643051CA0.PDF
2026-08-12 19:56:49,598 [INFO] scraper.rbi: DOWNLOADED md_13613 bytes=886003 -> /Users/karan/Downloads/carbon-tracker 3/Capstone_project/data/raw/master_directions/md_13613.pdf
2026-08-12 19:56:51,099 [INFO] scraper.rbi: GET attempt=1 url=https://rbidocs.rbi.org.in/rdocs/notification/PDFs/439MD31E8DC47A27C4FE6B43005D22E4F6CB7.PDF
2026-08-12 19:56:51,786 [INFO] scraper.rbi: DOWNLOADED md_13614 bytes=967909 -> /Users/karan/Downloads/carbon-tracker 3/Capstone_project/data/raw/master_directions/md_13614.pdf
2026-08-12 19:56:53,285 [INFO] scraper.rbi: GET attempt=1 url=https://rbidocs.rbi.org.in/rdocs/notification/PDFs/438MDD999C3E155F8479AA7075B10FAF82870.PDF
2026-08-12 19:56:53,816 [INFO] scraper.rbi: DOWNLOADED md_13615 bytes=450551 -> /Users/karan/Downloads/carbon-tracker 3/Capstone_project/data/raw/master_directions/md_13615.pdf
2026-08-12 19:56:55,318 [INFO] scraper.rbi: GET attempt=1 url=https://rbidocs.rbi.org.in/rdocs/notification/PDFs/437MDA9AD9C6F79B74CC8ABD98AAB32B1CD7D.PDF
2026-08-12 19:56:55,841 [INFO] scraper.rbi: DOWNLOADED md_13616 bytes=533982 -> /Users/karan/Downloads/carbon-tracker 3/Capstone_project/data/raw/master_directions/md_13616.pdf
2026-08-12 19:56:57,342 [INFO] scraper.rbi: GET attempt=1 url=https://rbidocs.rbi.org.in/rdocs/notification/PDFs/436MD1749C7AECBD84DA589A814082520A61A.PDF
2026-08-12 19:56:57,920 [INFO] scraper.rbi: DOWNLOADED md_13617 bytes=790485 -> /Users/karan/Downloads/carbon-tracker 3/Capstone_project/data/raw/master_directions/md_13617.pdf
2026-08-12 19:56:59,422 [INFO] scraper.rbi: GET attempt=1 url=https://rbidocs.rbi.org.in/rdocs/notification/PDFs/435MD3E78BD10EF6B4B0D8E7A686F5515990E.PDF
2026-08-12 19:57:00,026 [INFO] scraper.rbi: DOWNLOADED md_13618 bytes=821849 -> /Users/karan/Downloads/carbon-tracker 3/Capstone_project/data/raw/master_directions/md_13618.pdf
2026-08-12 19:57:01,528 [INFO] scraper.rbi: GET attempt=1 url=https://rbidocs.rbi.org.in/rdocs/notification/PDFs/453MD62DE2F74F5754FF89FCE75096ADFA2AF.PDF
2026-08-12 19:57:01,930 [INFO] scraper.rbi: DOWNLOADED md_13600 bytes=429593 -> /Users/karan/Downloads/carbon-tracker 3/Capstone_project/data/raw/master_directions/md_13600.pdf
2026-08-12 19:57:03,433 [INFO] scraper.rbi: GET attempt=1 url=https://rbidocs.rbi.org.in/rdocs/notification/PDFs/452MD687C391BD41D4A4BA803192EC00E5334.PDF
2026-08-12 19:57:03,984 [INFO] scraper.rbi: DOWNLOADED md_13601 bytes=914539 -> /Users/karan/Downloads/carbon-tracker 3/Capstone_project/data/raw/master_directions/md_13601.pdf
2026-08-12 19:57:05,487 [INFO] scraper.rbi: GET attempt=1 url=https://rbidocs.rbi.org.in/rdocs/notification/PDFs/451MD722AF863DDEA43F29EA4828F2038670D.PDF
2026-08-12 19:57:06,074 [INFO] scraper.rbi: DOWNLOADED md_13602 bytes=969071 -> /Users/karan/Downloads/carbon-tracker 3/Capstone_project/data/raw/master_directions/md_13602.pdf
2026-08-12 19:57:07,577 [INFO] scraper.rbi: GET attempt=1 url=https://rbidocs.rbi.org.in/rdocs/notification/PDFs/459MD246DBC64D787490CA734181844D21432.PDF
2026-08-12 19:57:09,120 [INFO] scraper.rbi: DOWNLOADED md_13594 bytes=497442 -> /Users/karan/Downloads/carbon-tracker 3/Capstone_project/data/raw/master_directions/md_13594.pdf
2026-08-12 19:57:10,618 [INFO] scraper.rbi: GET attempt=1 url=https://rbidocs.rbi.org.in/rdocs/notification/PDFs/458MD364EFCA1964B4A9D88DBC6F0D774C920.PDF
2026-08-12 19:57:15,218 [INFO] scraper.rbi: DOWNLOADED md_13595 bytes=735509 -> /Users/karan/Downloads/carbon-tracker 3/Capstone_project/data/raw/master_directions/md_13595.pdf
2026-08-12 19:57:16,721 [INFO] scraper.rbi: GET attempt=1 url=https://rbidocs.rbi.org.in/rdocs/notification/PDFs/457MDAC203EBBDF604A81958E02BB2C4BB1B1.PDF
2026-08-12 19:57:17,521 [INFO] scraper.rbi: DOWNLOADED md_13596 bytes=1104021 -> /Users/karan/Downloads/carbon-tracker 3/Capstone_project/data/raw/master_directions/md_13596.pdf
2026-08-12 19:57:19,018 [INFO] scraper.rbi: GET attempt=1 url=https://rbidocs.rbi.org.in/rdocs/notification/PDFs/456MDC4C94C45185348009970C11F344F27C4.PDF
2026-08-12 19:57:19,470 [INFO] scraper.rbi: DOWNLOADED md_13597 bytes=528509 -> /Users/karan/Downloads/carbon-tracker 3/Capstone_project/data/raw/master_directions/md_13597.pdf
2026-08-12 19:57:20,972 [INFO] scraper.rbi: GET attempt=1 url=https://rbidocs.rbi.org.in/rdocs/notification/PDFs/468MDF194492AB28E4600BEA9DFBF8D32CC13.PDF
2026-08-12 19:57:21,414 [INFO] scraper.rbi: DOWNLOADED md_13585 bytes=616827 -> /Users/karan/Downloads/carbon-tracker 3/Capstone_project/data/raw/master_directions/md_13585.pdf
2026-08-12 19:57:22,918 [INFO] scraper.rbi: GET attempt=1 url=https://rbidocs.rbi.org.in/rdocs/notification/PDFs/467MD9CF8CD4ED6364DEEAB5E2638BC39ABA8.PDF
2026-08-12 19:57:23,318 [INFO] scraper.rbi: DOWNLOADED md_13586 bytes=342336 -> /Users/karan/Downloads/carbon-tracker 3/Capstone_project/data/raw/master_directions/md_13586.pdf
2026-08-12 19:57:24,819 [INFO] scraper.rbi: GET attempt=1 url=https://rbidocs.rbi.org.in/rdocs/notification/PDFs/466MD8895831DD9DF4F4ABD6342045EB4509C.PDF
2026-08-12 19:57:25,456 [INFO] scraper.rbi: DOWNLOADED md_13587 bytes=780852 -> /Users/karan/Downloads/carbon-tracker 3/Capstone_project/data/raw/master_directions/md_13587.pdf
2026-08-12 19:57:26,961 [INFO] scraper.rbi: GET attempt=1 url=https://rbidocs.rbi.org.in/rdocs/notification/PDFs/465MD03A0FCE0832642DDAAE82DB2FBC920C8.PDF
2026-08-12 19:57:27,509 [INFO] scraper.rbi: DOWNLOADED md_13588 bytes=971149 -> /Users/karan/Downloads/carbon-tracker 3/Capstone_project/data/raw/master_directions/md_13588.pdf
2026-08-12 19:57:29,013 [INFO] scraper.rbi: GET attempt=1 url=https://rbidocs.rbi.org.in/rdocs/notification/PDFs/464MD4F5E2EE83BB848DFB6B3475F8B91F45B.PDF
2026-08-12 19:57:29,524 [INFO] scraper.rbi: DOWNLOADED md_13589 bytes=777966 -> /Users/karan/Downloads/carbon-tracker 3/Capstone_project/data/raw/master_directions/md_13589.pdf
2026-08-12 19:57:31,024 [INFO] scraper.rbi: GET attempt=1 url=https://rbidocs.rbi.org.in/rdocs/notification/PDFs/463MDC5167A28A3B24A2B856804E201261635.PDF
2026-08-12 19:57:31,666 [INFO] scraper.rbi: DOWNLOADED md_13590 bytes=1103903 -> /Users/karan/Downloads/carbon-tracker 3/Capstone_project/data/raw/master_directions/md_13590.pdf
2026-08-12 19:57:33,164 [INFO] scraper.rbi: GET attempt=1 url=https://rbidocs.rbi.org.in/rdocs/notification/PDFs/462MD7323FF342D124FAF9BC3B3F7E4F837A5.PDF
2026-08-12 19:57:33,617 [INFO] scraper.rbi: DOWNLOADED md_13591 bytes=423239 -> /Users/karan/Downloads/carbon-tracker 3/Capstone_project/data/raw/master_directions/md_13591.pdf
2026-08-12 19:57:35,121 [INFO] scraper.rbi: GET attempt=1 url=https://rbidocs.rbi.org.in/rdocs/notification/PDFs/461MD9FAF2CD7550844EE9A70C884DBE4A8A6.PDF
2026-08-12 19:57:35,709 [INFO] scraper.rbi: DOWNLOADED md_13592 bytes=552900 -> /Users/karan/Downloads/carbon-tracker 3/Capstone_project/data/raw/master_directions/md_13592.pdf
2026-08-12 19:57:37,207 [INFO] scraper.rbi: GET attempt=1 url=https://rbidocs.rbi.org.in/rdocs/notification/PDFs/460MD930686EC27D04B4AA9DF4A3481CDD465.PDF
2026-08-12 19:57:37,849 [INFO] scraper.rbi: DOWNLOADED md_13593 bytes=767668 -> /Users/karan/Downloads/carbon-tracker 3/Capstone_project/data/raw/master_directions/md_13593.pdf
2026-08-12 19:57:39,353 [INFO] scraper.rbi: GET attempt=1 url=https://rbidocs.rbi.org.in/rdocs/notification/PDFs/469MDD14C26A537384DFA85C27DFF81A91765.PDF
2026-08-12 19:57:39,762 [INFO] scraper.rbi: DOWNLOADED md_13584 bytes=628938 -> /Users/karan/Downloads/carbon-tracker 3/Capstone_project/data/raw/master_directions/md_13584.pdf
2026-08-12 19:57:41,263 [INFO] scraper.rbi: GET attempt=1 url=https://rbidocs.rbi.org.in/rdocs/notification/PDFs/471MD76C394F39ABC4C0998D865E923481A06.PDF
2026-08-12 19:57:41,621 [INFO] scraper.rbi: DOWNLOADED md_13582 bytes=413886 -> /Users/karan/Downloads/carbon-tracker 3/Capstone_project/data/raw/master_directions/md_13582.pdf
2026-08-12 19:57:43,124 [INFO] scraper.rbi: GET attempt=1 url=https://rbidocs.rbi.org.in/rdocs/notification/PDFs/470MD9D03D4E25E864955B59B7A17DA164DB9.PDF
2026-08-12 19:57:43,793 [INFO] scraper.rbi: DOWNLOADED md_13583 bytes=511509 -> /Users/karan/Downloads/carbon-tracker 3/Capstone_project/data/raw/master_directions/md_13583.pdf
2026-08-12 19:57:45,294 [INFO] scraper.rbi: GET attempt=1 url=https://rbidocs.rbi.org.in/rdocs/notification/PDFs/402MD09973277BFE449CC8E21A0C9634191F2.PDF
2026-08-12 19:57:45,707 [INFO] scraper.rbi: DOWNLOADED md_13522 bytes=407781 -> /Users/karan/Downloads/carbon-tracker 3/Capstone_project/data/raw/master_directions/md_13522.pdf
2026-08-12 19:57:47,209 [INFO] scraper.rbi: GET attempt=1 url=https://rbidocs.rbi.org.in/rdocs/notification/PDFs/403MDB87EB105BA0A40E18A89C5231E301639.PDF
2026-08-12 19:57:47,618 [INFO] scraper.rbi: DOWNLOADED md_13523 bytes=391088 -> /Users/karan/Downloads/carbon-tracker 3/Capstone_project/data/raw/master_directions/md_13523.pdf
2026-08-12 19:57:49,127 [INFO] scraper.rbi: GET attempt=1 url=https://rbidocs.rbi.org.in/rdocs/notification/PDFs/404MDE8BE807BACAC4DA09EA3561C820C7A13.PDF
2026-08-12 19:57:49,771 [INFO] scraper.rbi: DOWNLOADED md_13524 bytes=397195 -> /Users/karan/Downloads/carbon-tracker 3/Capstone_project/data/raw/master_directions/md_13524.pdf
2026-08-12 19:57:51,278 [INFO] scraper.rbi: GET attempt=1 url=https://rbidocs.rbi.org.in/rdocs/notification/PDFs/405MDD58E90A39C3D479CB0CF706F173BF58F.PDF
2026-08-12 19:57:51,749 [INFO] scraper.rbi: DOWNLOADED md_13525 bytes=399387 -> /Users/karan/Downloads/carbon-tracker 3/Capstone_project/data/raw/master_directions/md_13525.pdf
2026-08-12 19:57:53,255 [INFO] scraper.rbi: GET attempt=1 url=https://rbidocs.rbi.org.in/rdocs/notification/PDFs/128MD66C4DDCB167C4DC9A5BD913570CB3D47.PDF
2026-08-12 19:57:53,879 [INFO] scraper.rbi: DOWNLOADED md_12799 bytes=835149 -> /Users/karan/Downloads/carbon-tracker 3/Capstone_project/data/raw/master_directions/md_12799.pdf
2026-08-12 19:57:55,387 [INFO] scraper.rbi: GET attempt=1 url=https://rbidocs.rbi.org.in/rdocs/notification/PDFs/MDPSL803EE903174E4C85AFA14C335A5B0909.PDF
2026-08-12 19:57:56,398 [INFO] scraper.rbi: DOWNLOADED md_11959 bytes=1596789 -> /Users/karan/Downloads/carbon-tracker 3/Capstone_project/data/raw/master_directions/md_11959.pdf
2026-08-12 19:57:57,900 [INFO] scraper.rbi: GET attempt=1 url=https://rbidocs.rbi.org.in/rdocs/notification/PDFs/56MD24072017E50D0ED63F9B4414AA756FF0FC72FB66.PDF
2026-08-12 19:57:58,290 [INFO] scraper.rbi: DOWNLOADED md_11060 bytes=439977 -> /Users/karan/Downloads/carbon-tracker 3/Capstone_project/data/raw/master_directions/md_11060.pdf
2026-08-12 19:57:59,792 [INFO] scraper.rbi: GET attempt=1 url=https://rbidocs.rbi.org.in/rdocs/notification/PDFs/55MD0A0C769D62074BCEAEC6F40FD8356870.PDF
2026-08-12 19:58:00,032 [INFO] scraper.rbi: DOWNLOADED md_11037 bytes=139666 -> /Users/karan/Downloads/carbon-tracker 3/Capstone_project/data/raw/master_directions/md_11037.pdf
2026-08-12 19:58:01,535 [INFO] scraper.rbi: GET attempt=1 url=https://rbidocs.rbi.org.in/rdocs/notification/PDFs/407MD23637C77AC6742318BC8906ED8B98BEC.PDF
2026-08-12 19:58:01,861 [INFO] scraper.rbi: DOWNLOADED md_13552 bytes=307278 -> /Users/karan/Downloads/carbon-tracker 3/Capstone_project/data/raw/master_directions/md_13552.pdf
2026-08-12 19:58:03,367 [INFO] scraper.rbi: GET attempt=1 url=https://rbidocs.rbi.org.in/rdocs/notification/PDFs/392MD270320266188FCF9FF0D4C51913E2DD577796EA4.PDF
2026-08-12 19:58:03,684 [INFO] scraper.rbi: DOWNLOADED md_13343 bytes=285833 -> /Users/karan/Downloads/carbon-tracker 3/Capstone_project/data/raw/master_directions/md_13343.pdf
2026-08-12 19:58:05,189 [INFO] scraper.rbi: GET attempt=1 url=https://rbidocs.rbi.org.in/rdocs/notification/PDFs/281MD4079EF84173847849A50F7A00FB229F5.PDF
2026-08-12 19:58:05,674 [INFO] scraper.rbi: DOWNLOADED md_13214 bytes=361107 -> /Users/karan/Downloads/carbon-tracker 3/Capstone_project/data/raw/master_directions/md_13214.pdf
2026-08-12 19:58:07,183 [INFO] scraper.rbi: GET attempt=1 url=https://rbidocs.rbi.org.in/rdocs/notification/PDFs/142MD1111202598527CBD7B6D4BFC9792D568AD07F27D.PDF
2026-08-12 19:58:07,458 [INFO] scraper.rbi: DOWNLOADED md_12920 bytes=193429 -> /Users/karan/Downloads/carbon-tracker 3/Capstone_project/data/raw/master_directions/md_12920.pdf
2026-08-12 19:58:08,968 [INFO] scraper.rbi: GET attempt=1 url=https://rbidocs.rbi.org.in/rdocs/notification/PDFs/137MDEF04E0A142F948C58A9503C136E565AF.PDF
2026-08-12 19:58:09,577 [INFO] scraper.rbi: DOWNLOADED md_12870 bytes=432305 -> /Users/karan/Downloads/carbon-tracker 3/Capstone_project/data/raw/master_directions/md_12870.pdf
2026-08-12 19:58:11,085 [INFO] scraper.rbi: GET attempt=1 url=https://rbidocs.rbi.org.in/rdocs/notification/PDFs/NT117115BA3350C4D4AEABEF8DE4C2BCDE7BB.PDF
2026-08-12 19:58:11,534 [INFO] scraper.rbi: DOWNLOADED md_12784 bytes=371426 -> /Users/karan/Downloads/carbon-tracker 3/Capstone_project/data/raw/master_directions/md_12784.pdf
2026-08-12 19:58:13,043 [INFO] scraper.rbi: GET attempt=1 url=https://rbidocs.rbi.org.in/rdocs/notification/PDFs/MD12777A587A04E134163B2F6F574B44F9F1C.PDF
2026-08-12 19:58:13,357 [INFO] scraper.rbi: DOWNLOADED md_13376 bytes=257422 -> /Users/karan/Downloads/carbon-tracker 3/Capstone_project/data/raw/master_directions/md_13376.pdf
2026-08-12 19:58:14,866 [INFO] scraper.rbi: GET attempt=1 url=https://rbidocs.rbi.org.in/rdocs/notification/PDFs/MD126B9CF2E0CABD14471955E50A54D8291F2.PDF
2026-08-12 19:58:15,329 [INFO] scraper.rbi: DOWNLOADED md_12765 bytes=554759 -> /Users/karan/Downloads/carbon-tracker 3/Capstone_project/data/raw/master_directions/md_12765.pdf
2026-08-12 19:58:16,830 [INFO] scraper.rbi: GET attempt=1 url=https://rbidocs.rbi.org.in/rdocs/notification/PDFs/117MDRBIOTCDERIVATIVES20245DEA695183554A20B155CE65F58944DD.PDF
2026-08-12 19:58:17,361 [INFO] scraper.rbi: DOWNLOADED md_12682 bytes=587907 -> /Users/karan/Downloads/carbon-tracker 3/Capstone_project/data/raw/master_directions/md_12682.pdf
2026-08-12 19:58:18,867 [INFO] scraper.rbi: GET attempt=1 url=https://rbidocs.rbi.org.in/rdocs/notification/PDFs/109MDCPNCD797F42D139D741169EB58E637B243FF6.PDF
2026-08-12 19:58:19,340 [INFO] scraper.rbi: DOWNLOADED md_12592 bytes=371016 -> /Users/karan/Downloads/carbon-tracker 3/Capstone_project/data/raw/master_directions/md_12592.pdf
2026-08-12 19:58:20,846 [INFO] scraper.rbi: GET attempt=1 url=https://rbidocs.rbi.org.in/rdocs/notification/PDFs/NOTI98FBA281220235418D645715946F7A2C8905B39411F40.PDF
2026-08-12 19:58:21,417 [INFO] scraper.rbi: DOWNLOADED md_12581 bytes=702123 -> /Users/karan/Downloads/carbon-tracker 3/Capstone_project/data/raw/master_directions/md_12581.pdf
2026-08-12 19:58:22,926 [INFO] scraper.rbi: GET attempt=1 url=https://rbidocs.rbi.org.in/rdocs/notification/PDFs/GSLDIRECTIONS0AF9CACC130344C0A261EAD47F277AF0.PDF
2026-08-12 19:58:23,382 [INFO] scraper.rbi: DOWNLOADED md_12580 bytes=369705 -> /Users/karan/Downloads/carbon-tracker 3/Capstone_project/data/raw/master_directions/md_12580.pdf
2026-08-12 19:58:24,891 [INFO] scraper.rbi: GET attempt=1 url=https://rbidocs.rbi.org.in/rdocs/notification/PDFs/94MDHEDGIN0DE447B3472143D6B3237D5F605E2ADB.PDF
2026-08-12 19:58:25,408 [INFO] scraper.rbi: DOWNLOADED md_12427 bytes=361533 -> /Users/karan/Downloads/carbon-tracker 3/Capstone_project/data/raw/master_directions/md_12427.pdf
2026-08-12 19:58:26,906 [INFO] scraper.rbi: GET attempt=1 url=https://rbidocs.rbi.org.in/rdocs/notification/PDFs/84MD8DAD7C4F379B4875AC9C2D398646B42D.PDF
2026-08-12 19:58:27,306 [INFO] scraper.rbi: DOWNLOADED md_12163 bytes=265300 -> /Users/karan/Downloads/carbon-tracker 3/Capstone_project/data/raw/master_directions/md_12163.pdf
2026-08-12 19:58:28,811 [INFO] scraper.rbi: GET attempt=1 url=https://rbidocs.rbi.org.in/rdocs/notification/PDFs/NT5080C62E3929DE4D70AABB8136B7B5F647.PDF
2026-08-12 19:58:29,206 [INFO] scraper.rbi: DOWNLOADED md_12108 bytes=274652 -> /Users/karan/Downloads/carbon-tracker 3/Capstone_project/data/raw/master_directions/md_12108.pdf
2026-08-12 19:58:30,708 [INFO] scraper.rbi: GET attempt=1 url=https://rbidocs.rbi.org.in/rdocs/notification/PDFs/78CALL95561D4E6ED4441EAE8AB0763E9B5DAE.PDF
2026-08-12 19:58:31,090 [INFO] scraper.rbi: DOWNLOADED md_12061 bytes=256550 -> /Users/karan/Downloads/carbon-tracker 3/Capstone_project/data/raw/master_directions/md_12061.pdf
2026-08-12 19:58:32,599 [INFO] scraper.rbi: GET attempt=1 url=https://rbidocs.rbi.org.in/rdocs/notification/PDFs/NT141DCB01288F6D24552A898041355981711.PDF
2026-08-12 19:58:32,811 [INFO] scraper.rbi: DOWNLOADED md_11500 bytes=170981 -> /Users/karan/Downloads/carbon-tracker 3/Capstone_project/data/raw/master_directions/md_11500.pdf
2026-08-12 19:58:34,313 [INFO] scraper.rbi: GET attempt=1 url=https://rbidocs.rbi.org.in/rdocs/notification/PDFs/32MD3991CCC227A24E61B8EFF6F7DBA065E2.PDF
2026-08-12 19:58:35,105 [INFO] scraper.rbi: DOWNLOADED md_10495 bytes=1091739 -> /Users/karan/Downloads/carbon-tracker 3/Capstone_project/data/raw/master_directions/md_10495.pdf
2026-08-12 19:58:36,606 [INFO] scraper.rbi: GET attempt=1 url=https://rbidocs.rbi.org.in/rdocs/notification/PDFs/MD3191FD1C01B7704FB9B24E7073F651AB51.PDF
2026-08-12 19:58:37,253 [INFO] scraper.rbi: DOWNLOADED md_10485 bytes=571577 -> /Users/karan/Downloads/carbon-tracker 3/Capstone_project/data/raw/master_directions/md_10485.pdf
2026-08-12 19:58:38,758 [INFO] scraper.rbi: GET attempt=1 url=https://rbidocs.rbi.org.in/rdocs/notification/PDFs/135MD89B55F672F36443FA02C0C53DC207FFF.PDF
2026-08-12 19:58:39,121 [INFO] scraper.rbi: DOWNLOADED md_12839 bytes=307849 -> /Users/karan/Downloads/carbon-tracker 3/Capstone_project/data/raw/master_directions/md_12839.pdf
2026-08-12 19:58:40,624 [INFO] scraper.rbi: GET attempt=1 url=https://rbidocs.rbi.org.in/rdocs/notification/PDFs/121MDOI2507202427D16C96B42C4E0B849FFD9732752B68.PDF
2026-08-12 19:58:41,025 [INFO] scraper.rbi: DOWNLOADED md_12710 bytes=366708 -> /Users/karan/Downloads/carbon-tracker 3/Capstone_project/data/raw/master_directions/md_12710.pdf
2026-08-12 19:58:42,528 [INFO] scraper.rbi: GET attempt=1 url=https://rbidocs.rbi.org.in/rdocs/notification/PDFs/5MD2603201979CA1390E9E546869B2A9A92614DEDBF.PDF
2026-08-12 19:58:43,093 [INFO] scraper.rbi: DOWNLOADED md_11510 bytes=463318 -> /Users/karan/Downloads/carbon-tracker 3/Capstone_project/data/raw/master_directions/md_11510.pdf
2026-08-12 19:58:44,601 [INFO] scraper.rbi: GET attempt=1 url=https://rbidocs.rbi.org.in/rdocs/notification/PDFs/MD11_04012018B4D0DB4E6DA04CC4B7AF62AA03D902BE.PDF
2026-08-12 19:58:45,075 [INFO] scraper.rbi: DOWNLOADED md_11200 bytes=493318 -> /Users/karan/Downloads/carbon-tracker 3/Capstone_project/data/raw/master_directions/md_11200.pdf
2026-08-12 19:58:46,584 [INFO] scraper.rbi: GET attempt=1 url=https://rbidocs.rbi.org.in/rdocs/notification/PDFs/MD01220220176458378BB80A417592B7CE4DB57B123A.PDF
2026-08-12 19:58:46,884 [INFO] scraper.rbi: DOWNLOADED md_10868 bytes=218698 -> /Users/karan/Downloads/carbon-tracker 3/Capstone_project/data/raw/master_directions/md_10868.pdf
2026-08-12 19:58:48,384 [INFO] scraper.rbi: GET attempt=1 url=https://rbidocs.rbi.org.in/rdocs/notification/PDFs/05MD56DF4232873F466191DC23F39F1012DD.PDF
2026-08-12 19:58:48,642 [INFO] scraper.rbi: DOWNLOADED md_10738 bytes=150409 -> /Users/karan/Downloads/carbon-tracker 3/Capstone_project/data/raw/master_directions/md_10738.pdf
2026-08-12 19:58:50,152 [INFO] scraper.rbi: GET attempt=1 url=https://rbidocs.rbi.org.in/rdocs/notification/PDFs/06MDE170516F633150EBCFE438084174F7DECCDC20C.PDF
2026-08-12 19:58:50,590 [INFO] scraper.rbi: DOWNLOADED md_10404 bytes=324753 -> /Users/karan/Downloads/carbon-tracker 3/Capstone_project/data/raw/master_directions/md_10404.pdf
2026-08-12 19:58:52,100 [INFO] scraper.rbi: GET attempt=1 url=https://rbidocs.rbi.org.in/rdocs/notification/PDFs/10MD06102016E550559916C346E0BC93720658286729.PDF
2026-08-12 19:58:52,990 [INFO] scraper.rbi: DOWNLOADED md_10637 bytes=1304624 -> /Users/karan/Downloads/carbon-tracker 3/Capstone_project/data/raw/master_directions/md_10637.pdf
2026-08-12 19:58:54,496 [INFO] scraper.rbi: GET attempt=1 url=https://rbidocs.rbi.org.in/rdocs/notification/PDFs/02MD787706E669D641C090B415DBE22DEE29.PDF
2026-08-12 19:58:55,076 [INFO] scraper.rbi: DOWNLOADED md_10191 bytes=330621 -> /Users/karan/Downloads/carbon-tracker 3/Capstone_project/data/raw/master_directions/md_10191.pdf
2026-08-12 19:58:56,581 [INFO] scraper.rbi: GET attempt=1 url=https://rbidocs.rbi.org.in/rdocs/notification/PDFs/03MD945692290C104C5595AEDAC89AE78788.PDF
2026-08-12 19:58:57,272 [INFO] scraper.rbi: DOWNLOADED md_10192 bytes=433170 -> /Users/karan/Downloads/carbon-tracker 3/Capstone_project/data/raw/master_directions/md_10192.pdf
2026-08-12 19:58:58,771 [INFO] scraper.rbi: GET attempt=1 url=https://rbidocs.rbi.org.in/rdocs/notification/PDFs/04MD5127742FD0914D54B5EC4ECA8076F325.PDF
2026-08-12 19:58:59,273 [INFO] scraper.rbi: DOWNLOADED md_10193 bytes=512282 -> /Users/karan/Downloads/carbon-tracker 3/Capstone_project/data/raw/master_directions/md_10193.pdf
2026-08-12 19:59:00,782 [INFO] scraper.rbi: GET attempt=1 url=https://rbidocs.rbi.org.in/rdocs/notification/PDFs/07MIP0101168C51C4CB845342D09E8A4A613B1F1C6D.PDF
2026-08-12 19:59:01,172 [INFO] scraper.rbi: DOWNLOADED md_10196 bytes=276116 -> /Users/karan/Downloads/carbon-tracker 3/Capstone_project/data/raw/master_directions/md_10196.pdf
2026-08-12 19:59:02,681 [INFO] scraper.rbi: GET attempt=1 url=https://rbidocs.rbi.org.in/rdocs/notification/PDFs/08MDROA112016989330DF1FF9494784DAC32B488E6AE4.PDF
2026-08-12 19:59:03,090 [INFO] scraper.rbi: DOWNLOADED md_10197 bytes=202192 -> /Users/karan/Downloads/carbon-tracker 3/Capstone_project/data/raw/master_directions/md_10197.pdf
2026-08-12 19:59:04,599 [INFO] scraper.rbi: GET attempt=1 url=https://rbidocs.rbi.org.in/rdocs/notification/PDFs/09MDD593B2F2D48648C8AB3D37625C9F245D.PDF
2026-08-12 19:59:06,161 [INFO] scraper.rbi: DOWNLOADED md_10198 bytes=541003 -> /Users/karan/Downloads/carbon-tracker 3/Capstone_project/data/raw/master_directions/md_10198.pdf
2026-08-12 19:59:07,661 [INFO] scraper.rbi: GET attempt=1 url=https://rbidocs.rbi.org.in/rdocs/notification/PDFs/12MDFB8AD1B34BCB4D0A8F6869DA4A53082E.PDF
2026-08-12 19:59:08,129 [INFO] scraper.rbi: DOWNLOADED md_10201 bytes=498359 -> /Users/karan/Downloads/carbon-tracker 3/Capstone_project/data/raw/master_directions/md_10201.pdf
2026-08-12 19:59:09,631 [INFO] scraper.rbi: GET attempt=1 url=https://rbidocs.rbi.org.in/rdocs/notification/PDFs/13MDRD77DCF42C4E64B6C9A83C24EF5D4E188.PDF
2026-08-12 19:59:10,686 [INFO] scraper.rbi: DOWNLOADED md_10202 bytes=1475472 -> /Users/karan/Downloads/carbon-tracker 3/Capstone_project/data/raw/master_directions/md_10202.pdf
2026-08-12 19:59:12,187 [INFO] scraper.rbi: GET attempt=1 url=https://rbidocs.rbi.org.in/rdocs/notification/PDFs/14MDM1120153F2FD5CC455640E78D139304BC7C080F.PDF
2026-08-12 19:59:12,758 [INFO] scraper.rbi: DOWNLOADED md_10203 bytes=242849 -> /Users/karan/Downloads/carbon-tracker 3/Capstone_project/data/raw/master_directions/md_10203.pdf
2026-08-12 19:59:14,260 [INFO] scraper.rbi: GET attempt=1 url=https://rbidocs.rbi.org.in/rdocs/notification/PDFs/16MCDF82CC17C279247FCB66E2A39BDAD38F6.PDF
2026-08-12 19:59:14,761 [INFO] scraper.rbi: DOWNLOADED md_10205 bytes=226939 -> /Users/karan/Downloads/carbon-tracker 3/Capstone_project/data/raw/master_directions/md_10205.pdf
2026-08-12 19:59:16,263 [INFO] scraper.rbi: GET attempt=1 url=https://rbidocs.rbi.org.in/rdocs/notification/PDFs/11MDEGS1205163428383952204B77831A3A086E82FDDF.PDF
2026-08-12 19:59:16,820 [INFO] scraper.rbi: DOWNLOADED md_10395 bytes=531565 -> /Users/karan/Downloads/carbon-tracker 3/Capstone_project/data/raw/master_directions/md_10395.pdf
2026-08-12 19:59:18,320 [INFO] scraper.rbi: GET attempt=1 url=https://rbidocs.rbi.org.in/rdocs/notification/PDFs/MD03_29031928C70FB929814CFCA72C7D3ED5A0EDE4.PDF
2026-08-12 19:59:18,829 [INFO] scraper.rbi: DOWNLOADED md_11518 bytes=342032 -> /Users/karan/Downloads/carbon-tracker 3/Capstone_project/data/raw/master_directions/md_11518.pdf
2026-08-12 19:59:20,329 [INFO] scraper.rbi: GET attempt=1 url=https://rbidocs.rbi.org.in/rdocs/notification/PDFs/395MDDCEE303B29F7409B867FAAEC10242C4A.PDF
2026-08-12 19:59:20,815 [INFO] scraper.rbi: DOWNLOADED md_13362 bytes=514463 -> /Users/karan/Downloads/carbon-tracker 3/Capstone_project/data/raw/master_directions/md_13362.pdf
2026-08-12 19:59:22,324 [INFO] scraper.rbi: GET attempt=1 url=https://rbidocs.rbi.org.in/rdocs/notification/PDFs/MD39472AB49ECE87F40868FBB8F0714E1627F.PDF
2026-08-12 19:59:22,822 [INFO] scraper.rbi: DOWNLOADED md_13361 bytes=641280 -> /Users/karan/Downloads/carbon-tracker 3/Capstone_project/data/raw/master_directions/md_13361.pdf
2026-08-12 19:59:24,329 [INFO] scraper.rbi: GET attempt=1 url=https://rbidocs.rbi.org.in/rdocs/notification/PDFs/393MD748717FE591F47CA86031C181677D39B.PDF
2026-08-12 19:59:24,791 [INFO] scraper.rbi: DOWNLOADED md_13360 bytes=457964 -> /Users/karan/Downloads/carbon-tracker 3/Capstone_project/data/raw/master_directions/md_13360.pdf
2026-08-12 19:59:26,295 [INFO] scraper.rbi: GET attempt=1 url=https://rbidocs.rbi.org.in/rdocs/notification/PDFs/406MD184DBA53FAE148368AD6D3ACF0DB824E.PDF
2026-08-12 19:59:26,762 [INFO] scraper.rbi: DOWNLOADED md_13526 bytes=255667 -> /Users/karan/Downloads/carbon-tracker 3/Capstone_project/data/raw/master_directions/md_13526.pdf
2026-08-12 19:59:28,271 [INFO] scraper.rbi: GET attempt=1 url=https://rbidocs.rbi.org.in/rdocs/notification/PDFs/401MDDAB7489361B4431DB9A075997E990529.PDF
2026-08-12 19:59:28,626 [INFO] scraper.rbi: DOWNLOADED md_13502 bytes=337612 -> /Users/karan/Downloads/carbon-tracker 3/Capstone_project/data/raw/master_directions/md_13502.pdf
2026-08-12 19:59:30,133 [INFO] scraper.rbi: GET attempt=1 url=https://rbidocs.rbi.org.in/rdocs/notification/PDFs/396MDD002E435ECA145509929FC3ACBCFD0E9.PDF
2026-08-12 19:59:30,425 [INFO] scraper.rbi: DOWNLOADED md_13374 bytes=248167 -> /Users/karan/Downloads/carbon-tracker 3/Capstone_project/data/raw/master_directions/md_13374.pdf
2026-08-12 19:59:31,924 [INFO] scraper.rbi: GET attempt=1 url=https://rbidocs.rbi.org.in/rdocs/notification/PDFs/NT79258FF36ECA8F4886B3B01F55D166C2B2.PDF
2026-08-12 19:59:32,235 [INFO] scraper.rbi: DOWNLOADED md_12898 bytes=274853 -> /Users/karan/Downloads/carbon-tracker 3/Capstone_project/data/raw/master_directions/md_12898.pdf
2026-08-12 19:59:33,734 [INFO] scraper.rbi: GET attempt=1 url=https://rbidocs.rbi.org.in/rdocs/notification/PDFs/141MD7D7F25DEBF1F48449E20D685E4B014E5.PDF
2026-08-12 19:59:34,276 [INFO] scraper.rbi: DOWNLOADED md_12896 bytes=439103 -> /Users/karan/Downloads/carbon-tracker 3/Capstone_project/data/raw/master_directions/md_12896.pdf
2026-08-12 19:59:35,786 [INFO] scraper.rbi: GET attempt=1 url=https://rbidocs.rbi.org.in/rdocs/notification/PDFs/MD123C0C6F7FF70E34F3DA5623B9E72AB3181.PDF
2026-08-12 19:59:36,775 [INFO] scraper.rbi: DOWNLOADED md_12715 bytes=1057805 -> /Users/karan/Downloads/carbon-tracker 3/Capstone_project/data/raw/master_directions/md_12715.pdf
2026-08-12 19:59:38,283 [INFO] scraper.rbi: GET attempt=1 url=https://rbidocs.rbi.org.in/rdocs/notification/PDFs/111MDONBBPS87BA4103916D4B21AE117F1443020ADB.PDF
2026-08-12 19:59:38,704 [INFO] scraper.rbi: DOWNLOADED md_12616 bytes=370667 -> /Users/karan/Downloads/carbon-tracker 3/Capstone_project/data/raw/master_directions/md_12616.pdf
2026-08-12 19:59:40,214 [INFO] scraper.rbi: GET attempt=1 url=https://rbidocs.rbi.org.in/rdocs/notification/PDFs/82MDPPIS2708202181CF0A6FCD1B47B88CAE8E92A228B160.PDF
2026-08-12 19:59:40,833 [INFO] scraper.rbi: DOWNLOADED md_12156 bytes=724805 -> /Users/karan/Downloads/carbon-tracker 3/Capstone_project/data/raw/master_directions/md_12156.pdf
2026-08-12 19:59:42,340 [INFO] scraper.rbi: GET attempt=1 url=https://rbidocs.rbi.org.in/rdocs/notification/PDFs/MD51170116C65788DE8A564165B74D5FECE0626A73.PDF
2026-08-12 19:59:43,537 [INFO] scraper.rbi: DOWNLOADED md_10833 bytes=1392341 -> /Users/karan/Downloads/carbon-tracker 3/Capstone_project/data/raw/master_directions/md_10833.pdf
2026-08-12 20:00:47,738 [INFO] scraper.rbi: GET attempt=1 url=https://www.rbi.org.in/Scripts/BS_ViewMasDirections.aspx
2026-08-12 20:00:48,463 [INFO] scraper.rbi: Cached listing page -> /Users/karan/Downloads/carbon-tracker 3/Capstone_project/data/raw/master_directions/_listing_BS_ViewMasDirections.html
2026-08-12 20:00:48,891 [INFO] scraper.rbi: Discovered 381 Master Direction entries from listing
2026-08-12 20:00:48,900 [INFO] scraper.rbi: CACHE HIT md_11322 -> /Users/karan/Downloads/carbon-tracker 3/Capstone_project/data/raw/master_directions/md_11322.pdf
2026-08-12 20:00:48,905 [INFO] scraper.rbi: CACHE HIT md_10476 -> /Users/karan/Downloads/carbon-tracker 3/Capstone_project/data/raw/master_directions/md_10476.pdf
2026-08-12 20:00:48,912 [INFO] scraper.rbi: CACHE HIT md_13443 -> /Users/karan/Downloads/carbon-tracker 3/Capstone_project/data/raw/master_directions/md_13443.pdf
2026-08-12 20:00:48,915 [INFO] scraper.rbi: CACHE HIT md_13442 -> /Users/karan/Downloads/carbon-tracker 3/Capstone_project/data/raw/master_directions/md_13442.pdf
2026-08-12 20:00:48,917 [INFO] scraper.rbi: CACHE HIT md_13271 -> /Users/karan/Downloads/carbon-tracker 3/Capstone_project/data/raw/master_directions/md_13271.pdf
2026-08-12 20:00:48,919 [INFO] scraper.rbi: CACHE HIT md_13272 -> /Users/karan/Downloads/carbon-tracker 3/Capstone_project/data/raw/master_directions/md_13272.pdf
2026-08-12 20:00:48,923 [INFO] scraper.rbi: CACHE HIT md_13273 -> /Users/karan/Downloads/carbon-tracker 3/Capstone_project/data/raw/master_directions/md_13273.pdf
2026-08-12 20:00:48,925 [INFO] scraper.rbi: CACHE HIT md_13274 -> /Users/karan/Downloads/carbon-tracker 3/Capstone_project/data/raw/master_directions/md_13274.pdf
2026-08-12 20:00:48,927 [INFO] scraper.rbi: CACHE HIT md_13275 -> /Users/karan/Downloads/carbon-tracker 3/Capstone_project/data/raw/master_directions/md_13275.pdf
2026-08-12 20:00:48,931 [INFO] scraper.rbi: CACHE HIT md_13276 -> /Users/karan/Downloads/carbon-tracker 3/Capstone_project/data/raw/master_directions/md_13276.pdf
2026-08-12 20:00:48,936 [INFO] scraper.rbi: CACHE HIT md_12586 -> /Users/karan/Downloads/carbon-tracker 3/Capstone_project/data/raw/master_directions/md_12586.pdf
2026-08-12 20:00:48,938 [INFO] scraper.rbi: CACHE HIT md_13399 -> /Users/karan/Downloads/carbon-tracker 3/Capstone_project/data/raw/master_directions/md_13399.pdf
2026-08-12 20:00:48,944 [INFO] scraper.rbi: CACHE HIT md_13400 -> /Users/karan/Downloads/carbon-tracker 3/Capstone_project/data/raw/master_directions/md_13400.pdf
2026-08-12 20:00:48,947 [INFO] scraper.rbi: CACHE HIT md_13319 -> /Users/karan/Downloads/carbon-tracker 3/Capstone_project/data/raw/master_directions/md_13319.pdf
2026-08-12 20:00:48,950 [INFO] scraper.rbi: CACHE HIT md_13136 -> /Users/karan/Downloads/carbon-tracker 3/Capstone_project/data/raw/master_directions/md_13136.pdf
2026-08-12 20:00:48,956 [INFO] scraper.rbi: CACHE HIT md_13137 -> /Users/karan/Downloads/carbon-tracker 3/Capstone_project/data/raw/master_directions/md_13137.pdf
2026-08-12 20:00:48,958 [INFO] scraper.rbi: CACHE HIT md_13138 -> /Users/karan/Downloads/carbon-tracker 3/Capstone_project/data/raw/master_directions/md_13138.pdf
2026-08-12 20:00:48,961 [INFO] scraper.rbi: CACHE HIT md_13139 -> /Users/karan/Downloads/carbon-tracker 3/Capstone_project/data/raw/master_directions/md_13139.pdf
2026-08-12 20:00:48,971 [INFO] scraper.rbi: CACHE HIT md_13140 -> /Users/karan/Downloads/carbon-tracker 3/Capstone_project/data/raw/master_directions/md_13140.pdf
2026-08-12 20:00:48,978 [INFO] scraper.rbi: CACHE HIT md_13141 -> /Users/karan/Downloads/carbon-tracker 3/Capstone_project/data/raw/master_directions/md_13141.pdf
2026-08-12 20:00:48,983 [INFO] scraper.rbi: CACHE HIT md_13143 -> /Users/karan/Downloads/carbon-tracker 3/Capstone_project/data/raw/master_directions/md_13143.pdf
2026-08-12 20:00:48,988 [INFO] scraper.rbi: CACHE HIT md_13144 -> /Users/karan/Downloads/carbon-tracker 3/Capstone_project/data/raw/master_directions/md_13144.pdf
2026-08-12 20:00:48,989 [INFO] scraper.rbi: CACHE HIT md_13145 -> /Users/karan/Downloads/carbon-tracker 3/Capstone_project/data/raw/master_directions/md_13145.pdf
2026-08-12 20:00:48,991 [INFO] scraper.rbi: CACHE HIT md_13146 -> /Users/karan/Downloads/carbon-tracker 3/Capstone_project/data/raw/master_directions/md_13146.pdf
2026-08-12 20:00:48,994 [INFO] scraper.rbi: CACHE HIT md_13147 -> /Users/karan/Downloads/carbon-tracker 3/Capstone_project/data/raw/master_directions/md_13147.pdf
2026-08-12 20:00:49,002 [INFO] scraper.rbi: CACHE HIT md_13148 -> /Users/karan/Downloads/carbon-tracker 3/Capstone_project/data/raw/master_directions/md_13148.pdf
2026-08-12 20:00:49,008 [INFO] scraper.rbi: CACHE HIT md_13149 -> /Users/karan/Downloads/carbon-tracker 3/Capstone_project/data/raw/master_directions/md_13149.pdf
2026-08-12 20:00:49,009 [INFO] scraper.rbi: CACHE HIT md_13150 -> /Users/karan/Downloads/carbon-tracker 3/Capstone_project/data/raw/master_directions/md_13150.pdf
2026-08-12 20:00:49,010 [INFO] scraper.rbi: CACHE HIT md_13151 -> /Users/karan/Downloads/carbon-tracker 3/Capstone_project/data/raw/master_directions/md_13151.pdf
2026-08-12 20:00:49,014 [INFO] scraper.rbi: CACHE HIT md_13152 -> /Users/karan/Downloads/carbon-tracker 3/Capstone_project/data/raw/master_directions/md_13152.pdf
2026-08-12 20:00:49,023 [INFO] scraper.rbi: CACHE HIT md_13153 -> /Users/karan/Downloads/carbon-tracker 3/Capstone_project/data/raw/master_directions/md_13153.pdf
2026-08-12 20:00:49,031 [INFO] scraper.rbi: CACHE HIT md_13154 -> /Users/karan/Downloads/carbon-tracker 3/Capstone_project/data/raw/master_directions/md_13154.pdf
2026-08-12 20:00:49,034 [INFO] scraper.rbi: CACHE HIT md_13155 -> /Users/karan/Downloads/carbon-tracker 3/Capstone_project/data/raw/master_directions/md_13155.pdf
2026-08-12 20:00:49,039 [INFO] scraper.rbi: CACHE HIT md_13156 -> /Users/karan/Downloads/carbon-tracker 3/Capstone_project/data/raw/master_directions/md_13156.pdf
2026-08-12 20:00:49,041 [INFO] scraper.rbi: CACHE HIT md_13157 -> /Users/karan/Downloads/carbon-tracker 3/Capstone_project/data/raw/master_directions/md_13157.pdf
2026-08-12 20:00:49,049 [INFO] scraper.rbi: CACHE HIT md_13158 -> /Users/karan/Downloads/carbon-tracker 3/Capstone_project/data/raw/master_directions/md_13158.pdf
2026-08-12 20:00:49,059 [INFO] scraper.rbi: CACHE HIT md_13159 -> /Users/karan/Downloads/carbon-tracker 3/Capstone_project/data/raw/master_directions/md_13159.pdf
2026-08-12 20:00:49,061 [INFO] scraper.rbi: CACHE HIT md_13160 -> /Users/karan/Downloads/carbon-tracker 3/Capstone_project/data/raw/master_directions/md_13160.pdf
2026-08-12 20:00:49,071 [INFO] scraper.rbi: CACHE HIT md_13161 -> /Users/karan/Downloads/carbon-tracker 3/Capstone_project/data/raw/master_directions/md_13161.pdf
2026-08-12 20:00:49,074 [INFO] scraper.rbi: CACHE HIT md_13162 -> /Users/karan/Downloads/carbon-tracker 3/Capstone_project/data/raw/master_directions/md_13162.pdf
2026-08-12 20:00:49,092 [INFO] scraper.rbi: CACHE HIT md_13163 -> /Users/karan/Downloads/carbon-tracker 3/Capstone_project/data/raw/master_directions/md_13163.pdf
2026-08-12 20:00:49,098 [INFO] scraper.rbi: CACHE HIT md_13164 -> /Users/karan/Downloads/carbon-tracker 3/Capstone_project/data/raw/master_directions/md_13164.pdf
2026-08-12 20:00:49,099 [INFO] scraper.rbi: CACHE HIT md_13165 -> /Users/karan/Downloads/carbon-tracker 3/Capstone_project/data/raw/master_directions/md_13165.pdf
2026-08-12 20:00:49,104 [INFO] scraper.rbi: CACHE HIT md_13166 -> /Users/karan/Downloads/carbon-tracker 3/Capstone_project/data/raw/master_directions/md_13166.pdf
2026-08-12 20:00:49,107 [INFO] scraper.rbi: CACHE HIT md_13167 -> /Users/karan/Downloads/carbon-tracker 3/Capstone_project/data/raw/master_directions/md_13167.pdf
2026-08-12 20:00:49,108 [INFO] scraper.rbi: CACHE HIT md_13168 -> /Users/karan/Downloads/carbon-tracker 3/Capstone_project/data/raw/master_directions/md_13168.pdf
2026-08-12 20:00:49,124 [INFO] scraper.rbi: CACHE HIT md_13328 -> /Users/karan/Downloads/carbon-tracker 3/Capstone_project/data/raw/master_directions/md_13328.pdf
2026-08-12 20:00:49,130 [INFO] scraper.rbi: CACHE HIT md_13105 -> /Users/karan/Downloads/carbon-tracker 3/Capstone_project/data/raw/master_directions/md_13105.pdf
2026-08-12 20:00:49,132 [INFO] scraper.rbi: CACHE HIT md_13106 -> /Users/karan/Downloads/carbon-tracker 3/Capstone_project/data/raw/master_directions/md_13106.pdf
2026-08-12 20:00:49,139 [INFO] scraper.rbi: CACHE HIT md_13107 -> /Users/karan/Downloads/carbon-tracker 3/Capstone_project/data/raw/master_directions/md_13107.pdf
2026-08-12 20:00:49,144 [INFO] scraper.rbi: CACHE HIT md_13108 -> /Users/karan/Downloads/carbon-tracker 3/Capstone_project/data/raw/master_directions/md_13108.pdf
2026-08-12 20:00:49,161 [INFO] scraper.rbi: CACHE HIT md_13109 -> /Users/karan/Downloads/carbon-tracker 3/Capstone_project/data/raw/master_directions/md_13109.pdf
2026-08-12 20:00:49,166 [INFO] scraper.rbi: CACHE HIT md_13111 -> /Users/karan/Downloads/carbon-tracker 3/Capstone_project/data/raw/master_directions/md_13111.pdf
2026-08-12 20:00:49,167 [INFO] scraper.rbi: CACHE HIT md_13112 -> /Users/karan/Downloads/carbon-tracker 3/Capstone_project/data/raw/master_directions/md_13112.pdf
2026-08-12 20:00:49,171 [INFO] scraper.rbi: CACHE HIT md_13113 -> /Users/karan/Downloads/carbon-tracker 3/Capstone_project/data/raw/master_directions/md_13113.pdf
2026-08-12 20:00:49,172 [INFO] scraper.rbi: CACHE HIT md_13114 -> /Users/karan/Downloads/carbon-tracker 3/Capstone_project/data/raw/master_directions/md_13114.pdf
2026-08-12 20:00:49,182 [INFO] scraper.rbi: CACHE HIT md_13115 -> /Users/karan/Downloads/carbon-tracker 3/Capstone_project/data/raw/master_directions/md_13115.pdf
2026-08-12 20:00:49,188 [INFO] scraper.rbi: CACHE HIT md_13116 -> /Users/karan/Downloads/carbon-tracker 3/Capstone_project/data/raw/master_directions/md_13116.pdf
2026-08-12 20:00:49,190 [INFO] scraper.rbi: CACHE HIT md_13117 -> /Users/karan/Downloads/carbon-tracker 3/Capstone_project/data/raw/master_directions/md_13117.pdf
2026-08-12 20:00:49,192 [INFO] scraper.rbi: CACHE HIT md_13118 -> /Users/karan/Downloads/carbon-tracker 3/Capstone_project/data/raw/master_directions/md_13118.pdf
2026-08-12 20:00:49,194 [INFO] scraper.rbi: CACHE HIT md_13119 -> /Users/karan/Downloads/carbon-tracker 3/Capstone_project/data/raw/master_directions/md_13119.pdf
2026-08-12 20:00:49,199 [INFO] scraper.rbi: CACHE HIT md_13120 -> /Users/karan/Downloads/carbon-tracker 3/Capstone_project/data/raw/master_directions/md_13120.pdf
2026-08-12 20:00:49,201 [INFO] scraper.rbi: CACHE HIT md_13121 -> /Users/karan/Downloads/carbon-tracker 3/Capstone_project/data/raw/master_directions/md_13121.pdf
2026-08-12 20:00:49,205 [INFO] scraper.rbi: CACHE HIT md_13122 -> /Users/karan/Downloads/carbon-tracker 3/Capstone_project/data/raw/master_directions/md_13122.pdf
2026-08-12 20:00:49,222 [INFO] scraper.rbi: CACHE HIT md_13123 -> /Users/karan/Downloads/carbon-tracker 3/Capstone_project/data/raw/master_directions/md_13123.pdf
2026-08-12 20:00:49,226 [INFO] scraper.rbi: CACHE HIT md_13124 -> /Users/karan/Downloads/carbon-tracker 3/Capstone_project/data/raw/master_directions/md_13124.pdf
2026-08-12 20:00:49,228 [INFO] scraper.rbi: CACHE HIT md_13125 -> /Users/karan/Downloads/carbon-tracker 3/Capstone_project/data/raw/master_directions/md_13125.pdf
2026-08-12 20:00:49,231 [INFO] scraper.rbi: CACHE HIT md_13126 -> /Users/karan/Downloads/carbon-tracker 3/Capstone_project/data/raw/master_directions/md_13126.pdf
2026-08-12 20:00:49,238 [INFO] scraper.rbi: CACHE HIT md_13127 -> /Users/karan/Downloads/carbon-tracker 3/Capstone_project/data/raw/master_directions/md_13127.pdf
2026-08-12 20:00:49,240 [INFO] scraper.rbi: CACHE HIT md_13128 -> /Users/karan/Downloads/carbon-tracker 3/Capstone_project/data/raw/master_directions/md_13128.pdf
2026-08-12 20:00:49,242 [INFO] scraper.rbi: CACHE HIT md_13129 -> /Users/karan/Downloads/carbon-tracker 3/Capstone_project/data/raw/master_directions/md_13129.pdf
2026-08-12 20:00:49,243 [INFO] scraper.rbi: CACHE HIT md_13130 -> /Users/karan/Downloads/carbon-tracker 3/Capstone_project/data/raw/master_directions/md_13130.pdf
2026-08-12 20:00:49,249 [INFO] scraper.rbi: CACHE HIT md_13131 -> /Users/karan/Downloads/carbon-tracker 3/Capstone_project/data/raw/master_directions/md_13131.pdf
2026-08-12 20:00:49,253 [INFO] scraper.rbi: CACHE HIT md_13132 -> /Users/karan/Downloads/carbon-tracker 3/Capstone_project/data/raw/master_directions/md_13132.pdf
2026-08-12 20:00:49,260 [INFO] scraper.rbi: CACHE HIT md_13133 -> /Users/karan/Downloads/carbon-tracker 3/Capstone_project/data/raw/master_directions/md_13133.pdf
2026-08-12 20:00:49,265 [INFO] scraper.rbi: CACHE HIT md_13134 -> /Users/karan/Downloads/carbon-tracker 3/Capstone_project/data/raw/master_directions/md_13134.pdf
2026-08-12 20:00:49,267 [INFO] scraper.rbi: CACHE HIT md_13135 -> /Users/karan/Downloads/carbon-tracker 3/Capstone_project/data/raw/master_directions/md_13135.pdf
2026-08-12 20:00:49,271 [INFO] scraper.rbi: CACHE HIT md_13321 -> /Users/karan/Downloads/carbon-tracker 3/Capstone_project/data/raw/master_directions/md_13321.pdf
2026-08-12 20:00:49,275 [INFO] scraper.rbi: CACHE HIT md_13087 -> /Users/karan/Downloads/carbon-tracker 3/Capstone_project/data/raw/master_directions/md_13087.pdf
2026-08-12 20:00:49,276 [INFO] scraper.rbi: CACHE HIT md_13088 -> /Users/karan/Downloads/carbon-tracker 3/Capstone_project/data/raw/master_directions/md_13088.pdf
2026-08-12 20:00:49,282 [INFO] scraper.rbi: CACHE HIT md_13089 -> /Users/karan/Downloads/carbon-tracker 3/Capstone_project/data/raw/master_directions/md_13089.pdf
2026-08-12 20:00:49,288 [INFO] scraper.rbi: CACHE HIT md_13090 -> /Users/karan/Downloads/carbon-tracker 3/Capstone_project/data/raw/master_directions/md_13090.pdf
2026-08-12 20:00:49,299 [INFO] scraper.rbi: CACHE HIT md_13092 -> /Users/karan/Downloads/carbon-tracker 3/Capstone_project/data/raw/master_directions/md_13092.pdf
2026-08-12 20:00:49,305 [INFO] scraper.rbi: CACHE HIT md_13093 -> /Users/karan/Downloads/carbon-tracker 3/Capstone_project/data/raw/master_directions/md_13093.pdf
2026-08-12 20:00:49,307 [INFO] scraper.rbi: CACHE HIT md_13094 -> /Users/karan/Downloads/carbon-tracker 3/Capstone_project/data/raw/master_directions/md_13094.pdf
2026-08-12 20:00:49,309 [INFO] scraper.rbi: CACHE HIT md_13095 -> /Users/karan/Downloads/carbon-tracker 3/Capstone_project/data/raw/master_directions/md_13095.pdf
2026-08-12 20:00:49,310 [INFO] scraper.rbi: CACHE HIT md_13096 -> /Users/karan/Downloads/carbon-tracker 3/Capstone_project/data/raw/master_directions/md_13096.pdf
2026-08-12 20:00:49,314 [INFO] scraper.rbi: CACHE HIT md_13097 -> /Users/karan/Downloads/carbon-tracker 3/Capstone_project/data/raw/master_directions/md_13097.pdf
2026-08-12 20:00:49,316 [INFO] scraper.rbi: CACHE HIT md_13098 -> /Users/karan/Downloads/carbon-tracker 3/Capstone_project/data/raw/master_directions/md_13098.pdf
2026-08-12 20:00:49,331 [INFO] scraper.rbi: CACHE HIT md_13099 -> /Users/karan/Downloads/carbon-tracker 3/Capstone_project/data/raw/master_directions/md_13099.pdf
2026-08-12 20:00:49,334 [INFO] scraper.rbi: CACHE HIT md_13100 -> /Users/karan/Downloads/carbon-tracker 3/Capstone_project/data/raw/master_directions/md_13100.pdf
2026-08-12 20:00:49,337 [INFO] scraper.rbi: CACHE HIT md_13101 -> /Users/karan/Downloads/carbon-tracker 3/Capstone_project/data/raw/master_directions/md_13101.pdf
2026-08-12 20:00:49,339 [INFO] scraper.rbi: CACHE HIT md_13102 -> /Users/karan/Downloads/carbon-tracker 3/Capstone_project/data/raw/master_directions/md_13102.pdf
2026-08-12 20:00:49,340 [INFO] scraper.rbi: CACHE HIT md_13103 -> /Users/karan/Downloads/carbon-tracker 3/Capstone_project/data/raw/master_directions/md_13103.pdf
2026-08-12 20:00:49,341 [INFO] scraper.rbi: CACHE HIT md_13104 -> /Users/karan/Downloads/carbon-tracker 3/Capstone_project/data/raw/master_directions/md_13104.pdf
2026-08-12 20:00:49,343 [INFO] scraper.rbi: CACHE HIT md_13324 -> /Users/karan/Downloads/carbon-tracker 3/Capstone_project/data/raw/master_directions/md_13324.pdf
2026-08-12 20:00:49,356 [INFO] scraper.rbi: CACHE HIT md_13061 -> /Users/karan/Downloads/carbon-tracker 3/Capstone_project/data/raw/master_directions/md_13061.pdf
2026-08-12 20:00:49,359 [INFO] scraper.rbi: CACHE HIT md_13062 -> /Users/karan/Downloads/carbon-tracker 3/Capstone_project/data/raw/master_directions/md_13062.pdf
2026-08-12 20:00:49,361 [INFO] scraper.rbi: CACHE HIT md_13063 -> /Users/karan/Downloads/carbon-tracker 3/Capstone_project/data/raw/master_directions/md_13063.pdf
2026-08-12 20:00:49,367 [INFO] scraper.rbi: CACHE HIT md_13064 -> /Users/karan/Downloads/carbon-tracker 3/Capstone_project/data/raw/master_directions/md_13064.pdf
2026-08-12 20:00:49,369 [INFO] scraper.rbi: CACHE HIT md_13066 -> /Users/karan/Downloads/carbon-tracker 3/Capstone_project/data/raw/master_directions/md_13066.pdf
2026-08-12 20:00:49,371 [INFO] scraper.rbi: CACHE HIT md_13067 -> /Users/karan/Downloads/carbon-tracker 3/Capstone_project/data/raw/master_directions/md_13067.pdf
2026-08-12 20:00:49,373 [INFO] scraper.rbi: CACHE HIT md_13068 -> /Users/karan/Downloads/carbon-tracker 3/Capstone_project/data/raw/master_directions/md_13068.pdf
2026-08-12 20:00:49,375 [INFO] scraper.rbi: CACHE HIT md_13069 -> /Users/karan/Downloads/carbon-tracker 3/Capstone_project/data/raw/master_directions/md_13069.pdf
2026-08-12 20:00:49,377 [INFO] scraper.rbi: CACHE HIT md_13070 -> /Users/karan/Downloads/carbon-tracker 3/Capstone_project/data/raw/master_directions/md_13070.pdf
2026-08-12 20:00:49,385 [INFO] scraper.rbi: CACHE HIT md_13071 -> /Users/karan/Downloads/carbon-tracker 3/Capstone_project/data/raw/master_directions/md_13071.pdf
2026-08-12 20:00:49,391 [INFO] scraper.rbi: CACHE HIT md_13072 -> /Users/karan/Downloads/carbon-tracker 3/Capstone_project/data/raw/master_directions/md_13072.pdf
2026-08-12 20:00:49,399 [INFO] scraper.rbi: CACHE HIT md_13073 -> /Users/karan/Downloads/carbon-tracker 3/Capstone_project/data/raw/master_directions/md_13073.pdf
2026-08-12 20:00:49,401 [INFO] scraper.rbi: CACHE HIT md_13074 -> /Users/karan/Downloads/carbon-tracker 3/Capstone_project/data/raw/master_directions/md_13074.pdf
2026-08-12 20:00:49,404 [INFO] scraper.rbi: CACHE HIT md_13075 -> /Users/karan/Downloads/carbon-tracker 3/Capstone_project/data/raw/master_directions/md_13075.pdf
2026-08-12 20:00:49,408 [INFO] scraper.rbi: CACHE HIT md_13076 -> /Users/karan/Downloads/carbon-tracker 3/Capstone_project/data/raw/master_directions/md_13076.pdf
2026-08-12 20:00:49,409 [INFO] scraper.rbi: CACHE HIT md_13077 -> /Users/karan/Downloads/carbon-tracker 3/Capstone_project/data/raw/master_directions/md_13077.pdf
2026-08-12 20:00:49,414 [INFO] scraper.rbi: CACHE HIT md_13078 -> /Users/karan/Downloads/carbon-tracker 3/Capstone_project/data/raw/master_directions/md_13078.pdf
2026-08-12 20:00:49,426 [INFO] scraper.rbi: CACHE HIT md_13079 -> /Users/karan/Downloads/carbon-tracker 3/Capstone_project/data/raw/master_directions/md_13079.pdf
2026-08-12 20:00:49,443 [INFO] scraper.rbi: CACHE HIT md_13080 -> /Users/karan/Downloads/carbon-tracker 3/Capstone_project/data/raw/master_directions/md_13080.pdf
2026-08-12 20:00:49,450 [INFO] scraper.rbi: CACHE HIT md_13081 -> /Users/karan/Downloads/carbon-tracker 3/Capstone_project/data/raw/master_directions/md_13081.pdf
2026-08-12 20:00:49,455 [INFO] scraper.rbi: CACHE HIT md_13082 -> /Users/karan/Downloads/carbon-tracker 3/Capstone_project/data/raw/master_directions/md_13082.pdf
2026-08-12 20:00:49,457 [INFO] scraper.rbi: CACHE HIT md_13083 -> /Users/karan/Downloads/carbon-tracker 3/Capstone_project/data/raw/master_directions/md_13083.pdf
2026-08-12 20:00:49,464 [INFO] scraper.rbi: CACHE HIT md_13084 -> /Users/karan/Downloads/carbon-tracker 3/Capstone_project/data/raw/master_directions/md_13084.pdf
2026-08-12 20:00:49,467 [INFO] scraper.rbi: CACHE HIT md_13085 -> /Users/karan/Downloads/carbon-tracker 3/Capstone_project/data/raw/master_directions/md_13085.pdf
2026-08-12 20:00:49,469 [INFO] scraper.rbi: CACHE HIT md_13086 -> /Users/karan/Downloads/carbon-tracker 3/Capstone_project/data/raw/master_directions/md_13086.pdf
2026-08-12 20:00:49,471 [INFO] scraper.rbi: CACHE HIT md_13327 -> /Users/karan/Downloads/carbon-tracker 3/Capstone_project/data/raw/master_directions/md_13327.pdf
2026-08-12 20:00:49,474 [INFO] scraper.rbi: CACHE HIT md_13038 -> /Users/karan/Downloads/carbon-tracker 3/Capstone_project/data/raw/master_directions/md_13038.pdf
2026-08-12 20:00:49,483 [INFO] scraper.rbi: CACHE HIT md_13039 -> /Users/karan/Downloads/carbon-tracker 3/Capstone_project/data/raw/master_directions/md_13039.pdf
2026-08-12 20:00:49,492 [INFO] scraper.rbi: CACHE HIT md_13040 -> /Users/karan/Downloads/carbon-tracker 3/Capstone_project/data/raw/master_directions/md_13040.pdf
2026-08-12 20:00:49,494 [INFO] scraper.rbi: CACHE HIT md_13041 -> /Users/karan/Downloads/carbon-tracker 3/Capstone_project/data/raw/master_directions/md_13041.pdf
2026-08-12 20:00:49,499 [INFO] scraper.rbi: CACHE HIT md_13042 -> /Users/karan/Downloads/carbon-tracker 3/Capstone_project/data/raw/master_directions/md_13042.pdf
2026-08-12 20:00:49,500 [INFO] scraper.rbi: CACHE HIT md_13043 -> /Users/karan/Downloads/carbon-tracker 3/Capstone_project/data/raw/master_directions/md_13043.pdf
2026-08-12 20:00:49,502 [INFO] scraper.rbi: CACHE HIT md_13044 -> /Users/karan/Downloads/carbon-tracker 3/Capstone_project/data/raw/master_directions/md_13044.pdf
2026-08-12 20:00:49,504 [INFO] scraper.rbi: CACHE HIT md_13045 -> /Users/karan/Downloads/carbon-tracker 3/Capstone_project/data/raw/master_directions/md_13045.pdf
2026-08-12 20:00:49,506 [INFO] scraper.rbi: CACHE HIT md_13046 -> /Users/karan/Downloads/carbon-tracker 3/Capstone_project/data/raw/master_directions/md_13046.pdf
2026-08-12 20:00:49,507 [INFO] scraper.rbi: CACHE HIT md_13047 -> /Users/karan/Downloads/carbon-tracker 3/Capstone_project/data/raw/master_directions/md_13047.pdf
2026-08-12 20:00:49,508 [INFO] scraper.rbi: CACHE HIT md_13048 -> /Users/karan/Downloads/carbon-tracker 3/Capstone_project/data/raw/master_directions/md_13048.pdf
2026-08-12 20:00:49,510 [INFO] scraper.rbi: CACHE HIT md_13049 -> /Users/karan/Downloads/carbon-tracker 3/Capstone_project/data/raw/master_directions/md_13049.pdf
2026-08-12 20:00:49,511 [INFO] scraper.rbi: CACHE HIT md_13050 -> /Users/karan/Downloads/carbon-tracker 3/Capstone_project/data/raw/master_directions/md_13050.pdf
2026-08-12 20:00:49,515 [INFO] scraper.rbi: CACHE HIT md_13051 -> /Users/karan/Downloads/carbon-tracker 3/Capstone_project/data/raw/master_directions/md_13051.pdf
2026-08-12 20:00:49,518 [INFO] scraper.rbi: CACHE HIT md_13052 -> /Users/karan/Downloads/carbon-tracker 3/Capstone_project/data/raw/master_directions/md_13052.pdf
2026-08-12 20:00:49,521 [INFO] scraper.rbi: CACHE HIT md_13053 -> /Users/karan/Downloads/carbon-tracker 3/Capstone_project/data/raw/master_directions/md_13053.pdf
2026-08-12 20:00:49,522 [INFO] scraper.rbi: CACHE HIT md_13054 -> /Users/karan/Downloads/carbon-tracker 3/Capstone_project/data/raw/master_directions/md_13054.pdf
2026-08-12 20:00:49,526 [INFO] scraper.rbi: CACHE HIT md_13055 -> /Users/karan/Downloads/carbon-tracker 3/Capstone_project/data/raw/master_directions/md_13055.pdf
2026-08-12 20:00:49,527 [INFO] scraper.rbi: CACHE HIT md_13056 -> /Users/karan/Downloads/carbon-tracker 3/Capstone_project/data/raw/master_directions/md_13056.pdf
2026-08-12 20:00:49,530 [INFO] scraper.rbi: CACHE HIT md_13057 -> /Users/karan/Downloads/carbon-tracker 3/Capstone_project/data/raw/master_directions/md_13057.pdf
2026-08-12 20:00:49,531 [INFO] scraper.rbi: CACHE HIT md_13058 -> /Users/karan/Downloads/carbon-tracker 3/Capstone_project/data/raw/master_directions/md_13058.pdf
2026-08-12 20:00:49,532 [INFO] scraper.rbi: CACHE HIT md_13059 -> /Users/karan/Downloads/carbon-tracker 3/Capstone_project/data/raw/master_directions/md_13059.pdf
2026-08-12 20:00:49,533 [INFO] scraper.rbi: CACHE HIT md_13060 -> /Users/karan/Downloads/carbon-tracker 3/Capstone_project/data/raw/master_directions/md_13060.pdf
2026-08-12 20:00:49,534 [INFO] scraper.rbi: CACHE HIT md_13203 -> /Users/karan/Downloads/carbon-tracker 3/Capstone_project/data/raw/master_directions/md_13203.pdf
2026-08-12 20:00:49,537 [INFO] scraper.rbi: CACHE HIT md_13204 -> /Users/karan/Downloads/carbon-tracker 3/Capstone_project/data/raw/master_directions/md_13204.pdf
2026-08-12 20:00:49,542 [INFO] scraper.rbi: CACHE HIT md_13011 -> /Users/karan/Downloads/carbon-tracker 3/Capstone_project/data/raw/master_directions/md_13011.pdf
2026-08-12 20:00:49,543 [INFO] scraper.rbi: CACHE HIT md_13012 -> /Users/karan/Downloads/carbon-tracker 3/Capstone_project/data/raw/master_directions/md_13012.pdf
2026-08-12 20:00:49,544 [INFO] scraper.rbi: CACHE HIT md_13013 -> /Users/karan/Downloads/carbon-tracker 3/Capstone_project/data/raw/master_directions/md_13013.pdf
2026-08-12 20:00:49,547 [INFO] scraper.rbi: CACHE HIT md_13014 -> /Users/karan/Downloads/carbon-tracker 3/Capstone_project/data/raw/master_directions/md_13014.pdf
2026-08-12 20:00:49,549 [INFO] scraper.rbi: CACHE HIT md_13015 -> /Users/karan/Downloads/carbon-tracker 3/Capstone_project/data/raw/master_directions/md_13015.pdf
2026-08-12 20:00:49,555 [INFO] scraper.rbi: CACHE HIT md_13016 -> /Users/karan/Downloads/carbon-tracker 3/Capstone_project/data/raw/master_directions/md_13016.pdf
2026-08-12 20:00:49,556 [INFO] scraper.rbi: CACHE HIT md_13017 -> /Users/karan/Downloads/carbon-tracker 3/Capstone_project/data/raw/master_directions/md_13017.pdf
2026-08-12 20:00:49,558 [INFO] scraper.rbi: CACHE HIT md_13018 -> /Users/karan/Downloads/carbon-tracker 3/Capstone_project/data/raw/master_directions/md_13018.pdf
2026-08-12 20:00:49,559 [INFO] scraper.rbi: CACHE HIT md_13019 -> /Users/karan/Downloads/carbon-tracker 3/Capstone_project/data/raw/master_directions/md_13019.pdf
2026-08-12 20:00:49,560 [INFO] scraper.rbi: CACHE HIT md_13020 -> /Users/karan/Downloads/carbon-tracker 3/Capstone_project/data/raw/master_directions/md_13020.pdf
2026-08-12 20:00:49,565 [INFO] scraper.rbi: CACHE HIT md_13021 -> /Users/karan/Downloads/carbon-tracker 3/Capstone_project/data/raw/master_directions/md_13021.pdf
2026-08-12 20:00:49,567 [INFO] scraper.rbi: CACHE HIT md_13022 -> /Users/karan/Downloads/carbon-tracker 3/Capstone_project/data/raw/master_directions/md_13022.pdf
2026-08-12 20:00:49,567 [INFO] scraper.rbi: CACHE HIT md_13023 -> /Users/karan/Downloads/carbon-tracker 3/Capstone_project/data/raw/master_directions/md_13023.pdf
2026-08-12 20:00:49,568 [INFO] scraper.rbi: CACHE HIT md_13024 -> /Users/karan/Downloads/carbon-tracker 3/Capstone_project/data/raw/master_directions/md_13024.pdf
2026-08-12 20:00:49,571 [INFO] scraper.rbi: CACHE HIT md_13025 -> /Users/karan/Downloads/carbon-tracker 3/Capstone_project/data/raw/master_directions/md_13025.pdf
2026-08-12 20:00:49,573 [INFO] scraper.rbi: CACHE HIT md_13026 -> /Users/karan/Downloads/carbon-tracker 3/Capstone_project/data/raw/master_directions/md_13026.pdf
2026-08-12 20:00:49,578 [INFO] scraper.rbi: CACHE HIT md_13027 -> /Users/karan/Downloads/carbon-tracker 3/Capstone_project/data/raw/master_directions/md_13027.pdf
2026-08-12 20:00:49,584 [INFO] scraper.rbi: CACHE HIT md_13028 -> /Users/karan/Downloads/carbon-tracker 3/Capstone_project/data/raw/master_directions/md_13028.pdf
2026-08-12 20:00:49,587 [INFO] scraper.rbi: CACHE HIT md_13029 -> /Users/karan/Downloads/carbon-tracker 3/Capstone_project/data/raw/master_directions/md_13029.pdf
2026-08-12 20:00:49,589 [INFO] scraper.rbi: CACHE HIT md_13030 -> /Users/karan/Downloads/carbon-tracker 3/Capstone_project/data/raw/master_directions/md_13030.pdf
2026-08-12 20:00:49,591 [INFO] scraper.rbi: CACHE HIT md_13031 -> /Users/karan/Downloads/carbon-tracker 3/Capstone_project/data/raw/master_directions/md_13031.pdf
2026-08-12 20:00:49,592 [INFO] scraper.rbi: CACHE HIT md_13032 -> /Users/karan/Downloads/carbon-tracker 3/Capstone_project/data/raw/master_directions/md_13032.pdf
2026-08-12 20:00:49,592 [INFO] scraper.rbi: CACHE HIT md_13033 -> /Users/karan/Downloads/carbon-tracker 3/Capstone_project/data/raw/master_directions/md_13033.pdf
2026-08-12 20:00:49,593 [INFO] scraper.rbi: CACHE HIT md_13034 -> /Users/karan/Downloads/carbon-tracker 3/Capstone_project/data/raw/master_directions/md_13034.pdf
2026-08-12 20:00:49,594 [INFO] scraper.rbi: CACHE HIT md_13036 -> /Users/karan/Downloads/carbon-tracker 3/Capstone_project/data/raw/master_directions/md_13036.pdf
2026-08-12 20:00:49,599 [INFO] scraper.rbi: CACHE HIT md_12986 -> /Users/karan/Downloads/carbon-tracker 3/Capstone_project/data/raw/master_directions/md_12986.pdf
2026-08-12 20:00:49,606 [INFO] scraper.rbi: CACHE HIT md_12987 -> /Users/karan/Downloads/carbon-tracker 3/Capstone_project/data/raw/master_directions/md_12987.pdf
2026-08-12 20:00:49,608 [INFO] scraper.rbi: CACHE HIT md_12988 -> /Users/karan/Downloads/carbon-tracker 3/Capstone_project/data/raw/master_directions/md_12988.pdf
2026-08-12 20:00:49,609 [INFO] scraper.rbi: CACHE HIT md_12989 -> /Users/karan/Downloads/carbon-tracker 3/Capstone_project/data/raw/master_directions/md_12989.pdf
2026-08-12 20:00:49,617 [INFO] scraper.rbi: CACHE HIT md_12990 -> /Users/karan/Downloads/carbon-tracker 3/Capstone_project/data/raw/master_directions/md_12990.pdf
2026-08-12 20:00:49,631 [INFO] scraper.rbi: CACHE HIT md_12991 -> /Users/karan/Downloads/carbon-tracker 3/Capstone_project/data/raw/master_directions/md_12991.pdf
2026-08-12 20:00:49,638 [INFO] scraper.rbi: CACHE HIT md_12992 -> /Users/karan/Downloads/carbon-tracker 3/Capstone_project/data/raw/master_directions/md_12992.pdf
2026-08-12 20:00:49,641 [INFO] scraper.rbi: CACHE HIT md_12993 -> /Users/karan/Downloads/carbon-tracker 3/Capstone_project/data/raw/master_directions/md_12993.pdf
2026-08-12 20:00:49,642 [INFO] scraper.rbi: CACHE HIT md_12994 -> /Users/karan/Downloads/carbon-tracker 3/Capstone_project/data/raw/master_directions/md_12994.pdf
2026-08-12 20:00:49,643 [INFO] scraper.rbi: CACHE HIT md_12995 -> /Users/karan/Downloads/carbon-tracker 3/Capstone_project/data/raw/master_directions/md_12995.pdf
2026-08-12 20:00:49,644 [INFO] scraper.rbi: CACHE HIT md_12996 -> /Users/karan/Downloads/carbon-tracker 3/Capstone_project/data/raw/master_directions/md_12996.pdf
2026-08-12 20:00:49,647 [INFO] scraper.rbi: CACHE HIT md_12997 -> /Users/karan/Downloads/carbon-tracker 3/Capstone_project/data/raw/master_directions/md_12997.pdf
2026-08-12 20:00:49,650 [INFO] scraper.rbi: CACHE HIT md_12998 -> /Users/karan/Downloads/carbon-tracker 3/Capstone_project/data/raw/master_directions/md_12998.pdf
2026-08-12 20:00:49,651 [INFO] scraper.rbi: CACHE HIT md_12999 -> /Users/karan/Downloads/carbon-tracker 3/Capstone_project/data/raw/master_directions/md_12999.pdf
2026-08-12 20:00:49,655 [INFO] scraper.rbi: CACHE HIT md_13000 -> /Users/karan/Downloads/carbon-tracker 3/Capstone_project/data/raw/master_directions/md_13000.pdf
2026-08-12 20:00:49,656 [INFO] scraper.rbi: CACHE HIT md_13001 -> /Users/karan/Downloads/carbon-tracker 3/Capstone_project/data/raw/master_directions/md_13001.pdf
2026-08-12 20:00:49,660 [INFO] scraper.rbi: CACHE HIT md_13002 -> /Users/karan/Downloads/carbon-tracker 3/Capstone_project/data/raw/master_directions/md_13002.pdf
2026-08-12 20:00:49,665 [INFO] scraper.rbi: CACHE HIT md_13003 -> /Users/karan/Downloads/carbon-tracker 3/Capstone_project/data/raw/master_directions/md_13003.pdf
2026-08-12 20:00:49,668 [INFO] scraper.rbi: CACHE HIT md_13004 -> /Users/karan/Downloads/carbon-tracker 3/Capstone_project/data/raw/master_directions/md_13004.pdf
2026-08-12 20:00:49,674 [INFO] scraper.rbi: CACHE HIT md_13005 -> /Users/karan/Downloads/carbon-tracker 3/Capstone_project/data/raw/master_directions/md_13005.pdf
2026-08-12 20:00:49,676 [INFO] scraper.rbi: CACHE HIT md_13006 -> /Users/karan/Downloads/carbon-tracker 3/Capstone_project/data/raw/master_directions/md_13006.pdf
2026-08-12 20:00:49,680 [INFO] scraper.rbi: CACHE HIT md_13007 -> /Users/karan/Downloads/carbon-tracker 3/Capstone_project/data/raw/master_directions/md_13007.pdf
2026-08-12 20:00:49,688 [INFO] scraper.rbi: CACHE HIT md_13008 -> /Users/karan/Downloads/carbon-tracker 3/Capstone_project/data/raw/master_directions/md_13008.pdf
2026-08-12 20:00:49,690 [INFO] scraper.rbi: CACHE HIT md_13010 -> /Users/karan/Downloads/carbon-tracker 3/Capstone_project/data/raw/master_directions/md_13010.pdf
2026-08-12 20:00:49,692 [INFO] scraper.rbi: CACHE HIT md_13205 -> /Users/karan/Downloads/carbon-tracker 3/Capstone_project/data/raw/master_directions/md_13205.pdf
2026-08-12 20:00:49,699 [INFO] scraper.rbi: CACHE HIT md_13202 -> /Users/karan/Downloads/carbon-tracker 3/Capstone_project/data/raw/master_directions/md_13202.pdf
2026-08-12 20:00:49,700 [INFO] scraper.rbi: CACHE HIT md_12966 -> /Users/karan/Downloads/carbon-tracker 3/Capstone_project/data/raw/master_directions/md_12966.pdf
2026-08-12 20:00:49,705 [INFO] scraper.rbi: CACHE HIT md_12967 -> /Users/karan/Downloads/carbon-tracker 3/Capstone_project/data/raw/master_directions/md_12967.pdf
2026-08-12 20:00:49,708 [INFO] scraper.rbi: CACHE HIT md_12968 -> /Users/karan/Downloads/carbon-tracker 3/Capstone_project/data/raw/master_directions/md_12968.pdf
2026-08-12 20:00:49,711 [INFO] scraper.rbi: CACHE HIT md_12969 -> /Users/karan/Downloads/carbon-tracker 3/Capstone_project/data/raw/master_directions/md_12969.pdf
2026-08-12 20:00:49,717 [INFO] scraper.rbi: CACHE HIT md_12970 -> /Users/karan/Downloads/carbon-tracker 3/Capstone_project/data/raw/master_directions/md_12970.pdf
2026-08-12 20:00:49,721 [INFO] scraper.rbi: CACHE HIT md_12971 -> /Users/karan/Downloads/carbon-tracker 3/Capstone_project/data/raw/master_directions/md_12971.pdf
2026-08-12 20:00:49,724 [INFO] scraper.rbi: CACHE HIT md_12972 -> /Users/karan/Downloads/carbon-tracker 3/Capstone_project/data/raw/master_directions/md_12972.pdf
2026-08-12 20:00:49,725 [INFO] scraper.rbi: CACHE HIT md_12973 -> /Users/karan/Downloads/carbon-tracker 3/Capstone_project/data/raw/master_directions/md_12973.pdf
2026-08-12 20:00:49,732 [INFO] scraper.rbi: CACHE HIT md_12974 -> /Users/karan/Downloads/carbon-tracker 3/Capstone_project/data/raw/master_directions/md_12974.pdf
2026-08-12 20:00:49,734 [INFO] scraper.rbi: CACHE HIT md_12975 -> /Users/karan/Downloads/carbon-tracker 3/Capstone_project/data/raw/master_directions/md_12975.pdf
2026-08-12 20:00:49,736 [INFO] scraper.rbi: CACHE HIT md_12976 -> /Users/karan/Downloads/carbon-tracker 3/Capstone_project/data/raw/master_directions/md_12976.pdf
2026-08-12 20:00:49,739 [INFO] scraper.rbi: CACHE HIT md_12977 -> /Users/karan/Downloads/carbon-tracker 3/Capstone_project/data/raw/master_directions/md_12977.pdf
2026-08-12 20:00:49,741 [INFO] scraper.rbi: CACHE HIT md_12978 -> /Users/karan/Downloads/carbon-tracker 3/Capstone_project/data/raw/master_directions/md_12978.pdf
2026-08-12 20:00:49,745 [INFO] scraper.rbi: CACHE HIT md_12979 -> /Users/karan/Downloads/carbon-tracker 3/Capstone_project/data/raw/master_directions/md_12979.pdf
2026-08-12 20:00:49,748 [INFO] scraper.rbi: CACHE HIT md_12980 -> /Users/karan/Downloads/carbon-tracker 3/Capstone_project/data/raw/master_directions/md_12980.pdf
2026-08-12 20:00:49,750 [INFO] scraper.rbi: CACHE HIT md_12981 -> /Users/karan/Downloads/carbon-tracker 3/Capstone_project/data/raw/master_directions/md_12981.pdf
2026-08-12 20:00:49,758 [INFO] scraper.rbi: CACHE HIT md_12982 -> /Users/karan/Downloads/carbon-tracker 3/Capstone_project/data/raw/master_directions/md_12982.pdf
2026-08-12 20:00:49,768 [INFO] scraper.rbi: CACHE HIT md_12983 -> /Users/karan/Downloads/carbon-tracker 3/Capstone_project/data/raw/master_directions/md_12983.pdf
2026-08-12 20:00:49,771 [INFO] scraper.rbi: CACHE HIT md_12984 -> /Users/karan/Downloads/carbon-tracker 3/Capstone_project/data/raw/master_directions/md_12984.pdf
2026-08-12 20:00:49,775 [INFO] scraper.rbi: CACHE HIT md_12931 -> /Users/karan/Downloads/carbon-tracker 3/Capstone_project/data/raw/master_directions/md_12931.pdf
2026-08-12 20:00:49,778 [INFO] scraper.rbi: CACHE HIT md_12932 -> /Users/karan/Downloads/carbon-tracker 3/Capstone_project/data/raw/master_directions/md_12932.pdf
2026-08-12 20:00:49,781 [INFO] scraper.rbi: CACHE HIT md_12933 -> /Users/karan/Downloads/carbon-tracker 3/Capstone_project/data/raw/master_directions/md_12933.pdf
2026-08-12 20:00:49,784 [INFO] scraper.rbi: CACHE HIT md_12934 -> /Users/karan/Downloads/carbon-tracker 3/Capstone_project/data/raw/master_directions/md_12934.pdf
2026-08-12 20:00:49,786 [INFO] scraper.rbi: CACHE HIT md_12935 -> /Users/karan/Downloads/carbon-tracker 3/Capstone_project/data/raw/master_directions/md_12935.pdf
2026-08-12 20:00:49,791 [INFO] scraper.rbi: CACHE HIT md_12936 -> /Users/karan/Downloads/carbon-tracker 3/Capstone_project/data/raw/master_directions/md_12936.pdf
2026-08-12 20:00:49,794 [INFO] scraper.rbi: CACHE HIT md_12937 -> /Users/karan/Downloads/carbon-tracker 3/Capstone_project/data/raw/master_directions/md_12937.pdf
2026-08-12 20:00:49,816 [INFO] scraper.rbi: CACHE HIT md_12938 -> /Users/karan/Downloads/carbon-tracker 3/Capstone_project/data/raw/master_directions/md_12938.pdf
2026-08-12 20:00:49,826 [INFO] scraper.rbi: CACHE HIT md_12939 -> /Users/karan/Downloads/carbon-tracker 3/Capstone_project/data/raw/master_directions/md_12939.pdf
2026-08-12 20:00:49,827 [INFO] scraper.rbi: CACHE HIT md_12940 -> /Users/karan/Downloads/carbon-tracker 3/Capstone_project/data/raw/master_directions/md_12940.pdf
2026-08-12 20:00:49,831 [INFO] scraper.rbi: CACHE HIT md_12941 -> /Users/karan/Downloads/carbon-tracker 3/Capstone_project/data/raw/master_directions/md_12941.pdf
2026-08-12 20:00:49,834 [INFO] scraper.rbi: CACHE HIT md_12942 -> /Users/karan/Downloads/carbon-tracker 3/Capstone_project/data/raw/master_directions/md_12942.pdf
2026-08-12 20:00:49,838 [INFO] scraper.rbi: CACHE HIT md_12943 -> /Users/karan/Downloads/carbon-tracker 3/Capstone_project/data/raw/master_directions/md_12943.pdf
2026-08-12 20:00:49,842 [INFO] scraper.rbi: CACHE HIT md_12944 -> /Users/karan/Downloads/carbon-tracker 3/Capstone_project/data/raw/master_directions/md_12944.pdf
2026-08-12 20:00:49,848 [INFO] scraper.rbi: CACHE HIT md_12945 -> /Users/karan/Downloads/carbon-tracker 3/Capstone_project/data/raw/master_directions/md_12945.pdf
2026-08-12 20:00:49,858 [INFO] scraper.rbi: CACHE HIT md_12946 -> /Users/karan/Downloads/carbon-tracker 3/Capstone_project/data/raw/master_directions/md_12946.pdf
2026-08-12 20:00:49,862 [INFO] scraper.rbi: CACHE HIT md_12947 -> /Users/karan/Downloads/carbon-tracker 3/Capstone_project/data/raw/master_directions/md_12947.pdf
2026-08-12 20:00:49,864 [INFO] scraper.rbi: CACHE HIT md_12948 -> /Users/karan/Downloads/carbon-tracker 3/Capstone_project/data/raw/master_directions/md_12948.pdf
2026-08-12 20:00:49,866 [INFO] scraper.rbi: CACHE HIT md_12949 -> /Users/karan/Downloads/carbon-tracker 3/Capstone_project/data/raw/master_directions/md_12949.pdf
2026-08-12 20:00:49,871 [INFO] scraper.rbi: CACHE HIT md_12950 -> /Users/karan/Downloads/carbon-tracker 3/Capstone_project/data/raw/master_directions/md_12950.pdf
2026-08-12 20:00:49,875 [INFO] scraper.rbi: CACHE HIT md_12951 -> /Users/karan/Downloads/carbon-tracker 3/Capstone_project/data/raw/master_directions/md_12951.pdf
2026-08-12 20:00:49,876 [INFO] scraper.rbi: CACHE HIT md_12952 -> /Users/karan/Downloads/carbon-tracker 3/Capstone_project/data/raw/master_directions/md_12952.pdf
2026-08-12 20:00:49,878 [INFO] scraper.rbi: CACHE HIT md_12953 -> /Users/karan/Downloads/carbon-tracker 3/Capstone_project/data/raw/master_directions/md_12953.pdf
2026-08-12 20:00:49,885 [INFO] scraper.rbi: CACHE HIT md_12954 -> /Users/karan/Downloads/carbon-tracker 3/Capstone_project/data/raw/master_directions/md_12954.pdf
2026-08-12 20:00:49,893 [INFO] scraper.rbi: CACHE HIT md_12955 -> /Users/karan/Downloads/carbon-tracker 3/Capstone_project/data/raw/master_directions/md_12955.pdf
2026-08-12 20:00:49,897 [INFO] scraper.rbi: CACHE HIT md_12956 -> /Users/karan/Downloads/carbon-tracker 3/Capstone_project/data/raw/master_directions/md_12956.pdf
2026-08-12 20:00:49,899 [INFO] scraper.rbi: CACHE HIT md_12957 -> /Users/karan/Downloads/carbon-tracker 3/Capstone_project/data/raw/master_directions/md_12957.pdf
2026-08-12 20:00:49,900 [INFO] scraper.rbi: CACHE HIT md_12958 -> /Users/karan/Downloads/carbon-tracker 3/Capstone_project/data/raw/master_directions/md_12958.pdf
2026-08-12 20:00:49,906 [INFO] scraper.rbi: CACHE HIT md_12959 -> /Users/karan/Downloads/carbon-tracker 3/Capstone_project/data/raw/master_directions/md_12959.pdf
2026-08-12 20:00:49,907 [INFO] scraper.rbi: CACHE HIT md_12960 -> /Users/karan/Downloads/carbon-tracker 3/Capstone_project/data/raw/master_directions/md_12960.pdf
2026-08-12 20:00:49,909 [INFO] scraper.rbi: CACHE HIT md_12961 -> /Users/karan/Downloads/carbon-tracker 3/Capstone_project/data/raw/master_directions/md_12961.pdf
2026-08-12 20:00:49,915 [INFO] scraper.rbi: CACHE HIT md_12962 -> /Users/karan/Downloads/carbon-tracker 3/Capstone_project/data/raw/master_directions/md_12962.pdf
2026-08-12 20:00:49,916 [INFO] scraper.rbi: CACHE HIT md_12963 -> /Users/karan/Downloads/carbon-tracker 3/Capstone_project/data/raw/master_directions/md_12963.pdf
2026-08-12 20:00:49,917 [INFO] scraper.rbi: CACHE HIT md_12964 -> /Users/karan/Downloads/carbon-tracker 3/Capstone_project/data/raw/master_directions/md_12964.pdf
2026-08-12 20:00:49,919 [INFO] scraper.rbi: CACHE HIT md_12965 -> /Users/karan/Downloads/carbon-tracker 3/Capstone_project/data/raw/master_directions/md_12965.pdf
2026-08-12 20:00:49,921 [INFO] scraper.rbi: CACHE HIT md_12927 -> /Users/karan/Downloads/carbon-tracker 3/Capstone_project/data/raw/master_directions/md_12927.pdf
2026-08-12 20:00:49,925 [INFO] scraper.rbi: CACHE HIT md_12928 -> /Users/karan/Downloads/carbon-tracker 3/Capstone_project/data/raw/master_directions/md_12928.pdf
2026-08-12 20:00:49,927 [INFO] scraper.rbi: CACHE HIT md_12929 -> /Users/karan/Downloads/carbon-tracker 3/Capstone_project/data/raw/master_directions/md_12929.pdf
2026-08-12 20:00:49,932 [INFO] scraper.rbi: CACHE HIT md_12930 -> /Users/karan/Downloads/carbon-tracker 3/Capstone_project/data/raw/master_directions/md_12930.pdf
2026-08-12 20:00:49,933 [INFO] scraper.rbi: CACHE HIT md_12925 -> /Users/karan/Downloads/carbon-tracker 3/Capstone_project/data/raw/master_directions/md_12925.pdf
2026-08-12 20:00:49,936 [INFO] scraper.rbi: CACHE HIT md_12926 -> /Users/karan/Downloads/carbon-tracker 3/Capstone_project/data/raw/master_directions/md_12926.pdf
2026-08-12 20:00:49,941 [INFO] scraper.rbi: CACHE HIT md_13637 -> /Users/karan/Downloads/carbon-tracker 3/Capstone_project/data/raw/master_directions/md_13637.pdf
2026-08-12 20:00:49,943 [INFO] scraper.rbi: CACHE HIT md_13638 -> /Users/karan/Downloads/carbon-tracker 3/Capstone_project/data/raw/master_directions/md_13638.pdf
2026-08-12 20:00:49,973 [INFO] scraper.rbi: CACHE HIT md_13639 -> /Users/karan/Downloads/carbon-tracker 3/Capstone_project/data/raw/master_directions/md_13639.pdf
2026-08-12 20:00:49,988 [INFO] scraper.rbi: CACHE HIT md_13640 -> /Users/karan/Downloads/carbon-tracker 3/Capstone_project/data/raw/master_directions/md_13640.pdf
2026-08-12 20:00:49,993 [INFO] scraper.rbi: CACHE HIT md_13641 -> /Users/karan/Downloads/carbon-tracker 3/Capstone_project/data/raw/master_directions/md_13641.pdf
2026-08-12 20:00:49,994 [INFO] scraper.rbi: CACHE HIT md_13642 -> /Users/karan/Downloads/carbon-tracker 3/Capstone_project/data/raw/master_directions/md_13642.pdf
2026-08-12 20:00:50,001 [INFO] scraper.rbi: CACHE HIT md_13643 -> /Users/karan/Downloads/carbon-tracker 3/Capstone_project/data/raw/master_directions/md_13643.pdf
2026-08-12 20:00:50,007 [INFO] scraper.rbi: CACHE HIT md_13644 -> /Users/karan/Downloads/carbon-tracker 3/Capstone_project/data/raw/master_directions/md_13644.pdf
2026-08-12 20:00:50,010 [INFO] scraper.rbi: CACHE HIT md_13645 -> /Users/karan/Downloads/carbon-tracker 3/Capstone_project/data/raw/master_directions/md_13645.pdf
2026-08-12 20:00:50,015 [INFO] scraper.rbi: CACHE HIT md_13628 -> /Users/karan/Downloads/carbon-tracker 3/Capstone_project/data/raw/master_directions/md_13628.pdf
2026-08-12 20:00:50,028 [INFO] scraper.rbi: CACHE HIT md_13629 -> /Users/karan/Downloads/carbon-tracker 3/Capstone_project/data/raw/master_directions/md_13629.pdf
2026-08-12 20:00:50,039 [INFO] scraper.rbi: CACHE HIT md_13630 -> /Users/karan/Downloads/carbon-tracker 3/Capstone_project/data/raw/master_directions/md_13630.pdf
2026-08-12 20:00:50,040 [INFO] scraper.rbi: CACHE HIT md_13631 -> /Users/karan/Downloads/carbon-tracker 3/Capstone_project/data/raw/master_directions/md_13631.pdf
2026-08-12 20:00:50,049 [INFO] scraper.rbi: CACHE HIT md_13632 -> /Users/karan/Downloads/carbon-tracker 3/Capstone_project/data/raw/master_directions/md_13632.pdf
2026-08-12 20:00:50,054 [INFO] scraper.rbi: CACHE HIT md_13633 -> /Users/karan/Downloads/carbon-tracker 3/Capstone_project/data/raw/master_directions/md_13633.pdf
2026-08-12 20:00:50,057 [INFO] scraper.rbi: CACHE HIT md_13634 -> /Users/karan/Downloads/carbon-tracker 3/Capstone_project/data/raw/master_directions/md_13634.pdf
2026-08-12 20:00:50,059 [INFO] scraper.rbi: CACHE HIT md_13635 -> /Users/karan/Downloads/carbon-tracker 3/Capstone_project/data/raw/master_directions/md_13635.pdf
2026-08-12 20:00:50,074 [INFO] scraper.rbi: CACHE HIT md_13636 -> /Users/karan/Downloads/carbon-tracker 3/Capstone_project/data/raw/master_directions/md_13636.pdf
2026-08-12 20:00:50,100 [INFO] scraper.rbi: CACHE HIT md_13619 -> /Users/karan/Downloads/carbon-tracker 3/Capstone_project/data/raw/master_directions/md_13619.pdf
2026-08-12 20:00:50,105 [INFO] scraper.rbi: CACHE HIT md_13620 -> /Users/karan/Downloads/carbon-tracker 3/Capstone_project/data/raw/master_directions/md_13620.pdf
2026-08-12 20:00:50,109 [INFO] scraper.rbi: CACHE HIT md_13621 -> /Users/karan/Downloads/carbon-tracker 3/Capstone_project/data/raw/master_directions/md_13621.pdf
2026-08-12 20:00:50,123 [INFO] scraper.rbi: CACHE HIT md_13622 -> /Users/karan/Downloads/carbon-tracker 3/Capstone_project/data/raw/master_directions/md_13622.pdf
2026-08-12 20:00:50,126 [INFO] scraper.rbi: CACHE HIT md_13623 -> /Users/karan/Downloads/carbon-tracker 3/Capstone_project/data/raw/master_directions/md_13623.pdf
2026-08-12 20:00:50,127 [INFO] scraper.rbi: CACHE HIT md_13624 -> /Users/karan/Downloads/carbon-tracker 3/Capstone_project/data/raw/master_directions/md_13624.pdf
2026-08-12 20:00:50,138 [INFO] scraper.rbi: CACHE HIT md_13625 -> /Users/karan/Downloads/carbon-tracker 3/Capstone_project/data/raw/master_directions/md_13625.pdf
2026-08-12 20:00:50,141 [INFO] scraper.rbi: CACHE HIT md_13626 -> /Users/karan/Downloads/carbon-tracker 3/Capstone_project/data/raw/master_directions/md_13626.pdf
2026-08-12 20:00:50,157 [INFO] scraper.rbi: CACHE HIT md_13627 -> /Users/karan/Downloads/carbon-tracker 3/Capstone_project/data/raw/master_directions/md_13627.pdf
2026-08-12 20:00:50,176 [INFO] scraper.rbi: CACHE HIT md_13603 -> /Users/karan/Downloads/carbon-tracker 3/Capstone_project/data/raw/master_directions/md_13603.pdf
2026-08-12 20:00:50,183 [INFO] scraper.rbi: CACHE HIT md_13604 -> /Users/karan/Downloads/carbon-tracker 3/Capstone_project/data/raw/master_directions/md_13604.pdf
2026-08-12 20:00:50,189 [INFO] scraper.rbi: CACHE HIT md_13605 -> /Users/karan/Downloads/carbon-tracker 3/Capstone_project/data/raw/master_directions/md_13605.pdf
2026-08-12 20:00:50,201 [INFO] scraper.rbi: CACHE HIT md_13606 -> /Users/karan/Downloads/carbon-tracker 3/Capstone_project/data/raw/master_directions/md_13606.pdf
2026-08-12 20:00:50,206 [INFO] scraper.rbi: CACHE HIT md_13607 -> /Users/karan/Downloads/carbon-tracker 3/Capstone_project/data/raw/master_directions/md_13607.pdf
2026-08-12 20:00:50,208 [INFO] scraper.rbi: CACHE HIT md_13608 -> /Users/karan/Downloads/carbon-tracker 3/Capstone_project/data/raw/master_directions/md_13608.pdf
2026-08-12 20:00:50,214 [INFO] scraper.rbi: CACHE HIT md_13609 -> /Users/karan/Downloads/carbon-tracker 3/Capstone_project/data/raw/master_directions/md_13609.pdf
2026-08-12 20:00:50,216 [INFO] scraper.rbi: CACHE HIT md_13598 -> /Users/karan/Downloads/carbon-tracker 3/Capstone_project/data/raw/master_directions/md_13598.pdf
2026-08-12 20:00:50,219 [INFO] scraper.rbi: CACHE HIT md_13599 -> /Users/karan/Downloads/carbon-tracker 3/Capstone_project/data/raw/master_directions/md_13599.pdf
2026-08-12 20:00:50,224 [INFO] scraper.rbi: CACHE HIT md_13610 -> /Users/karan/Downloads/carbon-tracker 3/Capstone_project/data/raw/master_directions/md_13610.pdf
2026-08-12 20:00:50,227 [INFO] scraper.rbi: CACHE HIT md_13611 -> /Users/karan/Downloads/carbon-tracker 3/Capstone_project/data/raw/master_directions/md_13611.pdf
2026-08-12 20:00:50,248 [INFO] scraper.rbi: CACHE HIT md_13612 -> /Users/karan/Downloads/carbon-tracker 3/Capstone_project/data/raw/master_directions/md_13612.pdf
2026-08-12 20:00:50,256 [INFO] scraper.rbi: CACHE HIT md_13613 -> /Users/karan/Downloads/carbon-tracker 3/Capstone_project/data/raw/master_directions/md_13613.pdf
2026-08-12 20:00:50,258 [INFO] scraper.rbi: CACHE HIT md_13614 -> /Users/karan/Downloads/carbon-tracker 3/Capstone_project/data/raw/master_directions/md_13614.pdf
2026-08-12 20:00:50,264 [INFO] scraper.rbi: CACHE HIT md_13615 -> /Users/karan/Downloads/carbon-tracker 3/Capstone_project/data/raw/master_directions/md_13615.pdf
2026-08-12 20:00:50,266 [INFO] scraper.rbi: CACHE HIT md_13616 -> /Users/karan/Downloads/carbon-tracker 3/Capstone_project/data/raw/master_directions/md_13616.pdf
2026-08-12 20:00:50,272 [INFO] scraper.rbi: CACHE HIT md_13617 -> /Users/karan/Downloads/carbon-tracker 3/Capstone_project/data/raw/master_directions/md_13617.pdf
2026-08-12 20:00:50,288 [INFO] scraper.rbi: CACHE HIT md_13618 -> /Users/karan/Downloads/carbon-tracker 3/Capstone_project/data/raw/master_directions/md_13618.pdf
2026-08-12 20:00:50,306 [INFO] scraper.rbi: CACHE HIT md_13600 -> /Users/karan/Downloads/carbon-tracker 3/Capstone_project/data/raw/master_directions/md_13600.pdf
2026-08-12 20:00:50,313 [INFO] scraper.rbi: CACHE HIT md_13601 -> /Users/karan/Downloads/carbon-tracker 3/Capstone_project/data/raw/master_directions/md_13601.pdf
2026-08-12 20:00:50,322 [INFO] scraper.rbi: CACHE HIT md_13602 -> /Users/karan/Downloads/carbon-tracker 3/Capstone_project/data/raw/master_directions/md_13602.pdf
2026-08-12 20:00:50,325 [INFO] scraper.rbi: CACHE HIT md_13594 -> /Users/karan/Downloads/carbon-tracker 3/Capstone_project/data/raw/master_directions/md_13594.pdf
2026-08-12 20:00:50,332 [INFO] scraper.rbi: CACHE HIT md_13595 -> /Users/karan/Downloads/carbon-tracker 3/Capstone_project/data/raw/master_directions/md_13595.pdf
2026-08-12 20:00:50,338 [INFO] scraper.rbi: CACHE HIT md_13596 -> /Users/karan/Downloads/carbon-tracker 3/Capstone_project/data/raw/master_directions/md_13596.pdf
2026-08-12 20:00:50,341 [INFO] scraper.rbi: CACHE HIT md_13597 -> /Users/karan/Downloads/carbon-tracker 3/Capstone_project/data/raw/master_directions/md_13597.pdf
2026-08-12 20:00:50,345 [INFO] scraper.rbi: CACHE HIT md_13585 -> /Users/karan/Downloads/carbon-tracker 3/Capstone_project/data/raw/master_directions/md_13585.pdf
2026-08-12 20:00:50,356 [INFO] scraper.rbi: CACHE HIT md_13586 -> /Users/karan/Downloads/carbon-tracker 3/Capstone_project/data/raw/master_directions/md_13586.pdf
2026-08-12 20:00:50,380 [INFO] scraper.rbi: CACHE HIT md_13587 -> /Users/karan/Downloads/carbon-tracker 3/Capstone_project/data/raw/master_directions/md_13587.pdf
2026-08-12 20:00:50,388 [INFO] scraper.rbi: CACHE HIT md_13588 -> /Users/karan/Downloads/carbon-tracker 3/Capstone_project/data/raw/master_directions/md_13588.pdf
2026-08-12 20:00:50,392 [INFO] scraper.rbi: CACHE HIT md_13589 -> /Users/karan/Downloads/carbon-tracker 3/Capstone_project/data/raw/master_directions/md_13589.pdf
2026-08-12 20:00:50,409 [INFO] scraper.rbi: CACHE HIT md_13590 -> /Users/karan/Downloads/carbon-tracker 3/Capstone_project/data/raw/master_directions/md_13590.pdf
2026-08-12 20:00:50,427 [INFO] scraper.rbi: CACHE HIT md_13591 -> /Users/karan/Downloads/carbon-tracker 3/Capstone_project/data/raw/master_directions/md_13591.pdf
2026-08-12 20:00:50,432 [INFO] scraper.rbi: CACHE HIT md_13592 -> /Users/karan/Downloads/carbon-tracker 3/Capstone_project/data/raw/master_directions/md_13592.pdf
2026-08-12 20:00:50,461 [INFO] scraper.rbi: CACHE HIT md_13593 -> /Users/karan/Downloads/carbon-tracker 3/Capstone_project/data/raw/master_directions/md_13593.pdf
2026-08-12 20:00:50,474 [INFO] scraper.rbi: CACHE HIT md_13584 -> /Users/karan/Downloads/carbon-tracker 3/Capstone_project/data/raw/master_directions/md_13584.pdf
2026-08-12 20:00:50,498 [INFO] scraper.rbi: CACHE HIT md_13582 -> /Users/karan/Downloads/carbon-tracker 3/Capstone_project/data/raw/master_directions/md_13582.pdf
2026-08-12 20:00:50,506 [INFO] scraper.rbi: CACHE HIT md_13583 -> /Users/karan/Downloads/carbon-tracker 3/Capstone_project/data/raw/master_directions/md_13583.pdf
2026-08-12 20:00:50,510 [INFO] scraper.rbi: CACHE HIT md_13522 -> /Users/karan/Downloads/carbon-tracker 3/Capstone_project/data/raw/master_directions/md_13522.pdf
2026-08-12 20:00:50,511 [INFO] scraper.rbi: CACHE HIT md_13523 -> /Users/karan/Downloads/carbon-tracker 3/Capstone_project/data/raw/master_directions/md_13523.pdf
2026-08-12 20:00:50,514 [INFO] scraper.rbi: CACHE HIT md_13524 -> /Users/karan/Downloads/carbon-tracker 3/Capstone_project/data/raw/master_directions/md_13524.pdf
2026-08-12 20:00:50,515 [INFO] scraper.rbi: CACHE HIT md_13525 -> /Users/karan/Downloads/carbon-tracker 3/Capstone_project/data/raw/master_directions/md_13525.pdf
2026-08-12 20:00:50,518 [INFO] scraper.rbi: CACHE HIT md_12799 -> /Users/karan/Downloads/carbon-tracker 3/Capstone_project/data/raw/master_directions/md_12799.pdf
2026-08-12 20:00:50,522 [INFO] scraper.rbi: CACHE HIT md_11959 -> /Users/karan/Downloads/carbon-tracker 3/Capstone_project/data/raw/master_directions/md_11959.pdf
2026-08-12 20:00:50,524 [INFO] scraper.rbi: CACHE HIT md_11060 -> /Users/karan/Downloads/carbon-tracker 3/Capstone_project/data/raw/master_directions/md_11060.pdf
2026-08-12 20:00:50,525 [INFO] scraper.rbi: CACHE HIT md_11037 -> /Users/karan/Downloads/carbon-tracker 3/Capstone_project/data/raw/master_directions/md_11037.pdf
2026-08-12 20:00:50,526 [INFO] scraper.rbi: CACHE HIT md_13552 -> /Users/karan/Downloads/carbon-tracker 3/Capstone_project/data/raw/master_directions/md_13552.pdf
2026-08-12 20:00:50,528 [INFO] scraper.rbi: CACHE HIT md_13343 -> /Users/karan/Downloads/carbon-tracker 3/Capstone_project/data/raw/master_directions/md_13343.pdf
2026-08-12 20:00:50,530 [INFO] scraper.rbi: CACHE HIT md_13214 -> /Users/karan/Downloads/carbon-tracker 3/Capstone_project/data/raw/master_directions/md_13214.pdf
2026-08-12 20:00:50,530 [INFO] scraper.rbi: CACHE HIT md_12920 -> /Users/karan/Downloads/carbon-tracker 3/Capstone_project/data/raw/master_directions/md_12920.pdf
2026-08-12 20:00:50,532 [INFO] scraper.rbi: CACHE HIT md_12870 -> /Users/karan/Downloads/carbon-tracker 3/Capstone_project/data/raw/master_directions/md_12870.pdf
2026-08-12 20:00:50,533 [INFO] scraper.rbi: CACHE HIT md_12784 -> /Users/karan/Downloads/carbon-tracker 3/Capstone_project/data/raw/master_directions/md_12784.pdf
2026-08-12 20:00:50,534 [INFO] scraper.rbi: CACHE HIT md_13376 -> /Users/karan/Downloads/carbon-tracker 3/Capstone_project/data/raw/master_directions/md_13376.pdf
2026-08-12 20:00:50,537 [INFO] scraper.rbi: CACHE HIT md_12765 -> /Users/karan/Downloads/carbon-tracker 3/Capstone_project/data/raw/master_directions/md_12765.pdf
2026-08-12 20:00:50,539 [INFO] scraper.rbi: CACHE HIT md_12682 -> /Users/karan/Downloads/carbon-tracker 3/Capstone_project/data/raw/master_directions/md_12682.pdf
2026-08-12 20:00:50,540 [INFO] scraper.rbi: CACHE HIT md_12592 -> /Users/karan/Downloads/carbon-tracker 3/Capstone_project/data/raw/master_directions/md_12592.pdf
2026-08-12 20:00:50,542 [INFO] scraper.rbi: CACHE HIT md_12581 -> /Users/karan/Downloads/carbon-tracker 3/Capstone_project/data/raw/master_directions/md_12581.pdf
2026-08-12 20:00:50,543 [INFO] scraper.rbi: CACHE HIT md_12580 -> /Users/karan/Downloads/carbon-tracker 3/Capstone_project/data/raw/master_directions/md_12580.pdf
2026-08-12 20:00:50,544 [INFO] scraper.rbi: CACHE HIT md_12427 -> /Users/karan/Downloads/carbon-tracker 3/Capstone_project/data/raw/master_directions/md_12427.pdf
2026-08-12 20:00:50,546 [INFO] scraper.rbi: CACHE HIT md_12163 -> /Users/karan/Downloads/carbon-tracker 3/Capstone_project/data/raw/master_directions/md_12163.pdf
2026-08-12 20:00:50,548 [INFO] scraper.rbi: CACHE HIT md_12108 -> /Users/karan/Downloads/carbon-tracker 3/Capstone_project/data/raw/master_directions/md_12108.pdf
2026-08-12 20:00:50,550 [INFO] scraper.rbi: CACHE HIT md_12061 -> /Users/karan/Downloads/carbon-tracker 3/Capstone_project/data/raw/master_directions/md_12061.pdf
2026-08-12 20:00:50,551 [INFO] scraper.rbi: CACHE HIT md_11500 -> /Users/karan/Downloads/carbon-tracker 3/Capstone_project/data/raw/master_directions/md_11500.pdf
2026-08-12 20:00:50,553 [INFO] scraper.rbi: CACHE HIT md_10495 -> /Users/karan/Downloads/carbon-tracker 3/Capstone_project/data/raw/master_directions/md_10495.pdf
2026-08-12 20:00:50,555 [INFO] scraper.rbi: CACHE HIT md_10485 -> /Users/karan/Downloads/carbon-tracker 3/Capstone_project/data/raw/master_directions/md_10485.pdf
2026-08-12 20:00:50,556 [INFO] scraper.rbi: CACHE HIT md_12839 -> /Users/karan/Downloads/carbon-tracker 3/Capstone_project/data/raw/master_directions/md_12839.pdf
2026-08-12 20:00:50,557 [INFO] scraper.rbi: CACHE HIT md_12710 -> /Users/karan/Downloads/carbon-tracker 3/Capstone_project/data/raw/master_directions/md_12710.pdf
2026-08-12 20:00:50,559 [INFO] scraper.rbi: CACHE HIT md_11510 -> /Users/karan/Downloads/carbon-tracker 3/Capstone_project/data/raw/master_directions/md_11510.pdf
2026-08-12 20:00:50,560 [INFO] scraper.rbi: CACHE HIT md_11200 -> /Users/karan/Downloads/carbon-tracker 3/Capstone_project/data/raw/master_directions/md_11200.pdf
2026-08-12 20:00:50,562 [INFO] scraper.rbi: CACHE HIT md_10868 -> /Users/karan/Downloads/carbon-tracker 3/Capstone_project/data/raw/master_directions/md_10868.pdf
2026-08-12 20:00:50,565 [INFO] scraper.rbi: CACHE HIT md_10738 -> /Users/karan/Downloads/carbon-tracker 3/Capstone_project/data/raw/master_directions/md_10738.pdf
2026-08-12 20:00:50,568 [INFO] scraper.rbi: CACHE HIT md_10404 -> /Users/karan/Downloads/carbon-tracker 3/Capstone_project/data/raw/master_directions/md_10404.pdf
2026-08-12 20:00:50,571 [INFO] scraper.rbi: CACHE HIT md_10637 -> /Users/karan/Downloads/carbon-tracker 3/Capstone_project/data/raw/master_directions/md_10637.pdf
2026-08-12 20:00:50,572 [INFO] scraper.rbi: CACHE HIT md_10191 -> /Users/karan/Downloads/carbon-tracker 3/Capstone_project/data/raw/master_directions/md_10191.pdf
2026-08-12 20:00:50,573 [INFO] scraper.rbi: CACHE HIT md_10192 -> /Users/karan/Downloads/carbon-tracker 3/Capstone_project/data/raw/master_directions/md_10192.pdf
2026-08-12 20:00:50,574 [INFO] scraper.rbi: CACHE HIT md_10193 -> /Users/karan/Downloads/carbon-tracker 3/Capstone_project/data/raw/master_directions/md_10193.pdf
2026-08-12 20:00:50,575 [INFO] scraper.rbi: CACHE HIT md_10196 -> /Users/karan/Downloads/carbon-tracker 3/Capstone_project/data/raw/master_directions/md_10196.pdf
2026-08-12 20:00:50,576 [INFO] scraper.rbi: CACHE HIT md_10197 -> /Users/karan/Downloads/carbon-tracker 3/Capstone_project/data/raw/master_directions/md_10197.pdf
2026-08-12 20:00:50,577 [INFO] scraper.rbi: CACHE HIT md_10198 -> /Users/karan/Downloads/carbon-tracker 3/Capstone_project/data/raw/master_directions/md_10198.pdf
2026-08-12 20:00:50,578 [INFO] scraper.rbi: CACHE HIT md_10201 -> /Users/karan/Downloads/carbon-tracker 3/Capstone_project/data/raw/master_directions/md_10201.pdf
2026-08-12 20:00:50,582 [INFO] scraper.rbi: CACHE HIT md_10202 -> /Users/karan/Downloads/carbon-tracker 3/Capstone_project/data/raw/master_directions/md_10202.pdf
2026-08-12 20:00:50,584 [INFO] scraper.rbi: CACHE HIT md_10203 -> /Users/karan/Downloads/carbon-tracker 3/Capstone_project/data/raw/master_directions/md_10203.pdf
2026-08-12 20:00:50,585 [INFO] scraper.rbi: CACHE HIT md_10205 -> /Users/karan/Downloads/carbon-tracker 3/Capstone_project/data/raw/master_directions/md_10205.pdf
2026-08-12 20:00:50,586 [INFO] scraper.rbi: CACHE HIT md_10395 -> /Users/karan/Downloads/carbon-tracker 3/Capstone_project/data/raw/master_directions/md_10395.pdf
2026-08-12 20:00:50,587 [INFO] scraper.rbi: CACHE HIT md_11518 -> /Users/karan/Downloads/carbon-tracker 3/Capstone_project/data/raw/master_directions/md_11518.pdf
2026-08-12 20:00:50,589 [INFO] scraper.rbi: CACHE HIT md_13362 -> /Users/karan/Downloads/carbon-tracker 3/Capstone_project/data/raw/master_directions/md_13362.pdf
2026-08-12 20:00:50,590 [INFO] scraper.rbi: CACHE HIT md_13361 -> /Users/karan/Downloads/carbon-tracker 3/Capstone_project/data/raw/master_directions/md_13361.pdf
2026-08-12 20:00:50,591 [INFO] scraper.rbi: CACHE HIT md_13360 -> /Users/karan/Downloads/carbon-tracker 3/Capstone_project/data/raw/master_directions/md_13360.pdf
2026-08-12 20:00:50,592 [INFO] scraper.rbi: CACHE HIT md_13526 -> /Users/karan/Downloads/carbon-tracker 3/Capstone_project/data/raw/master_directions/md_13526.pdf
2026-08-12 20:00:50,593 [INFO] scraper.rbi: CACHE HIT md_13502 -> /Users/karan/Downloads/carbon-tracker 3/Capstone_project/data/raw/master_directions/md_13502.pdf
2026-08-12 20:00:50,595 [INFO] scraper.rbi: CACHE HIT md_13374 -> /Users/karan/Downloads/carbon-tracker 3/Capstone_project/data/raw/master_directions/md_13374.pdf
2026-08-12 20:00:50,597 [INFO] scraper.rbi: CACHE HIT md_12898 -> /Users/karan/Downloads/carbon-tracker 3/Capstone_project/data/raw/master_directions/md_12898.pdf
2026-08-12 20:00:50,599 [INFO] scraper.rbi: CACHE HIT md_12896 -> /Users/karan/Downloads/carbon-tracker 3/Capstone_project/data/raw/master_directions/md_12896.pdf
2026-08-12 20:00:50,604 [INFO] scraper.rbi: CACHE HIT md_12715 -> /Users/karan/Downloads/carbon-tracker 3/Capstone_project/data/raw/master_directions/md_12715.pdf
2026-08-12 20:00:50,605 [INFO] scraper.rbi: CACHE HIT md_12616 -> /Users/karan/Downloads/carbon-tracker 3/Capstone_project/data/raw/master_directions/md_12616.pdf
2026-08-12 20:00:50,606 [INFO] scraper.rbi: CACHE HIT md_12156 -> /Users/karan/Downloads/carbon-tracker 3/Capstone_project/data/raw/master_directions/md_12156.pdf
2026-08-12 20:00:50,608 [INFO] scraper.rbi: CACHE HIT md_10833 -> /Users/karan/Downloads/carbon-tracker 3/Capstone_project/data/raw/master_directions/md_10833.pdf
2026-08-12 20:00:59,052 [INFO] scraper.rbi: GET attempt=1 url=https://www.rbi.org.in/Scripts/BS_ViewMasDirections.aspx
2026-08-12 20:00:59,469 [INFO] scraper.rbi: Cached listing page -> /Users/karan/Downloads/carbon-tracker 3/Capstone_project/data/raw/master_directions/_listing_BS_ViewMasDirections.html
2026-08-12 20:00:59,527 [INFO] scraper.rbi: Discovered 381 Master Direction entries from listing
2026-08-12 20:00:59,530 [INFO] scraper.rbi: CACHE HIT md_11322 -> /Users/karan/Downloads/carbon-tracker 3/Capstone_project/data/raw/master_directions/md_11322.pdf
2026-08-12 20:00:59,531 [INFO] scraper.rbi: CACHE HIT md_10476 -> /Users/karan/Downloads/carbon-tracker 3/Capstone_project/data/raw/master_directions/md_10476.pdf
2026-08-12 20:00:59,531 [INFO] scraper.rbi: CACHE HIT md_13443 -> /Users/karan/Downloads/carbon-tracker 3/Capstone_project/data/raw/master_directions/md_13443.pdf
2026-08-12 20:00:59,531 [INFO] scraper.rbi: CACHE HIT md_13442 -> /Users/karan/Downloads/carbon-tracker 3/Capstone_project/data/raw/master_directions/md_13442.pdf
2026-08-12 20:00:59,532 [INFO] scraper.rbi: CACHE HIT md_13271 -> /Users/karan/Downloads/carbon-tracker 3/Capstone_project/data/raw/master_directions/md_13271.pdf
2026-08-12 20:00:59,532 [INFO] scraper.rbi: CACHE HIT md_13272 -> /Users/karan/Downloads/carbon-tracker 3/Capstone_project/data/raw/master_directions/md_13272.pdf
2026-08-12 20:00:59,532 [INFO] scraper.rbi: CACHE HIT md_13273 -> /Users/karan/Downloads/carbon-tracker 3/Capstone_project/data/raw/master_directions/md_13273.pdf
2026-08-12 20:00:59,533 [INFO] scraper.rbi: CACHE HIT md_13274 -> /Users/karan/Downloads/carbon-tracker 3/Capstone_project/data/raw/master_directions/md_13274.pdf
2026-08-12 20:00:59,533 [INFO] scraper.rbi: CACHE HIT md_13275 -> /Users/karan/Downloads/carbon-tracker 3/Capstone_project/data/raw/master_directions/md_13275.pdf
2026-08-12 20:00:59,533 [INFO] scraper.rbi: CACHE HIT md_13276 -> /Users/karan/Downloads/carbon-tracker 3/Capstone_project/data/raw/master_directions/md_13276.pdf
2026-08-12 20:00:59,534 [INFO] scraper.rbi: CACHE HIT md_12586 -> /Users/karan/Downloads/carbon-tracker 3/Capstone_project/data/raw/master_directions/md_12586.pdf
2026-08-12 20:00:59,534 [INFO] scraper.rbi: CACHE HIT md_13399 -> /Users/karan/Downloads/carbon-tracker 3/Capstone_project/data/raw/master_directions/md_13399.pdf
2026-08-12 20:00:59,535 [INFO] scraper.rbi: CACHE HIT md_13400 -> /Users/karan/Downloads/carbon-tracker 3/Capstone_project/data/raw/master_directions/md_13400.pdf
2026-08-12 20:00:59,535 [INFO] scraper.rbi: CACHE HIT md_13319 -> /Users/karan/Downloads/carbon-tracker 3/Capstone_project/data/raw/master_directions/md_13319.pdf
2026-08-12 20:00:59,537 [INFO] scraper.rbi: CACHE HIT md_13136 -> /Users/karan/Downloads/carbon-tracker 3/Capstone_project/data/raw/master_directions/md_13136.pdf
2026-08-12 20:00:59,537 [INFO] scraper.rbi: CACHE HIT md_13137 -> /Users/karan/Downloads/carbon-tracker 3/Capstone_project/data/raw/master_directions/md_13137.pdf
2026-08-12 20:00:59,538 [INFO] scraper.rbi: CACHE HIT md_13138 -> /Users/karan/Downloads/carbon-tracker 3/Capstone_project/data/raw/master_directions/md_13138.pdf
2026-08-12 20:00:59,538 [INFO] scraper.rbi: CACHE HIT md_13139 -> /Users/karan/Downloads/carbon-tracker 3/Capstone_project/data/raw/master_directions/md_13139.pdf
2026-08-12 20:00:59,539 [INFO] scraper.rbi: CACHE HIT md_13140 -> /Users/karan/Downloads/carbon-tracker 3/Capstone_project/data/raw/master_directions/md_13140.pdf
2026-08-12 20:00:59,539 [INFO] scraper.rbi: CACHE HIT md_13141 -> /Users/karan/Downloads/carbon-tracker 3/Capstone_project/data/raw/master_directions/md_13141.pdf
2026-08-12 20:00:59,540 [INFO] scraper.rbi: CACHE HIT md_13143 -> /Users/karan/Downloads/carbon-tracker 3/Capstone_project/data/raw/master_directions/md_13143.pdf
2026-08-12 20:00:59,541 [INFO] scraper.rbi: CACHE HIT md_13144 -> /Users/karan/Downloads/carbon-tracker 3/Capstone_project/data/raw/master_directions/md_13144.pdf
2026-08-12 20:00:59,541 [INFO] scraper.rbi: CACHE HIT md_13145 -> /Users/karan/Downloads/carbon-tracker 3/Capstone_project/data/raw/master_directions/md_13145.pdf
2026-08-12 20:00:59,542 [INFO] scraper.rbi: CACHE HIT md_13146 -> /Users/karan/Downloads/carbon-tracker 3/Capstone_project/data/raw/master_directions/md_13146.pdf
2026-08-12 20:00:59,543 [INFO] scraper.rbi: CACHE HIT md_13147 -> /Users/karan/Downloads/carbon-tracker 3/Capstone_project/data/raw/master_directions/md_13147.pdf
2026-08-12 20:00:59,544 [INFO] scraper.rbi: CACHE HIT md_13148 -> /Users/karan/Downloads/carbon-tracker 3/Capstone_project/data/raw/master_directions/md_13148.pdf
2026-08-12 20:00:59,544 [INFO] scraper.rbi: CACHE HIT md_13149 -> /Users/karan/Downloads/carbon-tracker 3/Capstone_project/data/raw/master_directions/md_13149.pdf
2026-08-12 20:00:59,545 [INFO] scraper.rbi: CACHE HIT md_13150 -> /Users/karan/Downloads/carbon-tracker 3/Capstone_project/data/raw/master_directions/md_13150.pdf
2026-08-12 20:00:59,545 [INFO] scraper.rbi: CACHE HIT md_13151 -> /Users/karan/Downloads/carbon-tracker 3/Capstone_project/data/raw/master_directions/md_13151.pdf
2026-08-12 20:00:59,546 [INFO] scraper.rbi: CACHE HIT md_13152 -> /Users/karan/Downloads/carbon-tracker 3/Capstone_project/data/raw/master_directions/md_13152.pdf
2026-08-12 20:00:59,546 [INFO] scraper.rbi: CACHE HIT md_13153 -> /Users/karan/Downloads/carbon-tracker 3/Capstone_project/data/raw/master_directions/md_13153.pdf
2026-08-12 20:00:59,547 [INFO] scraper.rbi: CACHE HIT md_13154 -> /Users/karan/Downloads/carbon-tracker 3/Capstone_project/data/raw/master_directions/md_13154.pdf
2026-08-12 20:00:59,547 [INFO] scraper.rbi: CACHE HIT md_13155 -> /Users/karan/Downloads/carbon-tracker 3/Capstone_project/data/raw/master_directions/md_13155.pdf
2026-08-12 20:00:59,548 [INFO] scraper.rbi: CACHE HIT md_13156 -> /Users/karan/Downloads/carbon-tracker 3/Capstone_project/data/raw/master_directions/md_13156.pdf
2026-08-12 20:00:59,548 [INFO] scraper.rbi: CACHE HIT md_13157 -> /Users/karan/Downloads/carbon-tracker 3/Capstone_project/data/raw/master_directions/md_13157.pdf
2026-08-12 20:00:59,549 [INFO] scraper.rbi: CACHE HIT md_13158 -> /Users/karan/Downloads/carbon-tracker 3/Capstone_project/data/raw/master_directions/md_13158.pdf
2026-08-12 20:00:59,551 [INFO] scraper.rbi: CACHE HIT md_13159 -> /Users/karan/Downloads/carbon-tracker 3/Capstone_project/data/raw/master_directions/md_13159.pdf
2026-08-12 20:00:59,551 [INFO] scraper.rbi: CACHE HIT md_13160 -> /Users/karan/Downloads/carbon-tracker 3/Capstone_project/data/raw/master_directions/md_13160.pdf
2026-08-12 20:00:59,552 [INFO] scraper.rbi: CACHE HIT md_13161 -> /Users/karan/Downloads/carbon-tracker 3/Capstone_project/data/raw/master_directions/md_13161.pdf
2026-08-12 20:00:59,552 [INFO] scraper.rbi: CACHE HIT md_13162 -> /Users/karan/Downloads/carbon-tracker 3/Capstone_project/data/raw/master_directions/md_13162.pdf
2026-08-12 20:00:59,552 [INFO] scraper.rbi: CACHE HIT md_13163 -> /Users/karan/Downloads/carbon-tracker 3/Capstone_project/data/raw/master_directions/md_13163.pdf
2026-08-12 20:00:59,553 [INFO] scraper.rbi: CACHE HIT md_13164 -> /Users/karan/Downloads/carbon-tracker 3/Capstone_project/data/raw/master_directions/md_13164.pdf
2026-08-12 20:00:59,553 [INFO] scraper.rbi: CACHE HIT md_13165 -> /Users/karan/Downloads/carbon-tracker 3/Capstone_project/data/raw/master_directions/md_13165.pdf
2026-08-12 20:00:59,554 [INFO] scraper.rbi: CACHE HIT md_13166 -> /Users/karan/Downloads/carbon-tracker 3/Capstone_project/data/raw/master_directions/md_13166.pdf
2026-08-12 20:00:59,554 [INFO] scraper.rbi: CACHE HIT md_13167 -> /Users/karan/Downloads/carbon-tracker 3/Capstone_project/data/raw/master_directions/md_13167.pdf
2026-08-12 20:00:59,554 [INFO] scraper.rbi: CACHE HIT md_13168 -> /Users/karan/Downloads/carbon-tracker 3/Capstone_project/data/raw/master_directions/md_13168.pdf
2026-08-12 20:00:59,555 [INFO] scraper.rbi: CACHE HIT md_13328 -> /Users/karan/Downloads/carbon-tracker 3/Capstone_project/data/raw/master_directions/md_13328.pdf
2026-08-12 20:00:59,556 [INFO] scraper.rbi: CACHE HIT md_13105 -> /Users/karan/Downloads/carbon-tracker 3/Capstone_project/data/raw/master_directions/md_13105.pdf
2026-08-12 20:00:59,556 [INFO] scraper.rbi: CACHE HIT md_13106 -> /Users/karan/Downloads/carbon-tracker 3/Capstone_project/data/raw/master_directions/md_13106.pdf
2026-08-12 20:00:59,557 [INFO] scraper.rbi: CACHE HIT md_13107 -> /Users/karan/Downloads/carbon-tracker 3/Capstone_project/data/raw/master_directions/md_13107.pdf
2026-08-12 20:00:59,557 [INFO] scraper.rbi: CACHE HIT md_13108 -> /Users/karan/Downloads/carbon-tracker 3/Capstone_project/data/raw/master_directions/md_13108.pdf
2026-08-12 20:00:59,558 [INFO] scraper.rbi: CACHE HIT md_13109 -> /Users/karan/Downloads/carbon-tracker 3/Capstone_project/data/raw/master_directions/md_13109.pdf
2026-08-12 20:00:59,559 [INFO] scraper.rbi: CACHE HIT md_13111 -> /Users/karan/Downloads/carbon-tracker 3/Capstone_project/data/raw/master_directions/md_13111.pdf
2026-08-12 20:00:59,560 [INFO] scraper.rbi: CACHE HIT md_13112 -> /Users/karan/Downloads/carbon-tracker 3/Capstone_project/data/raw/master_directions/md_13112.pdf
2026-08-12 20:00:59,560 [INFO] scraper.rbi: CACHE HIT md_13113 -> /Users/karan/Downloads/carbon-tracker 3/Capstone_project/data/raw/master_directions/md_13113.pdf
2026-08-12 20:00:59,561 [INFO] scraper.rbi: CACHE HIT md_13114 -> /Users/karan/Downloads/carbon-tracker 3/Capstone_project/data/raw/master_directions/md_13114.pdf
2026-08-12 20:00:59,562 [INFO] scraper.rbi: CACHE HIT md_13115 -> /Users/karan/Downloads/carbon-tracker 3/Capstone_project/data/raw/master_directions/md_13115.pdf
2026-08-12 20:00:59,563 [INFO] scraper.rbi: CACHE HIT md_13116 -> /Users/karan/Downloads/carbon-tracker 3/Capstone_project/data/raw/master_directions/md_13116.pdf
2026-08-12 20:00:59,563 [INFO] scraper.rbi: CACHE HIT md_13117 -> /Users/karan/Downloads/carbon-tracker 3/Capstone_project/data/raw/master_directions/md_13117.pdf
2026-08-12 20:00:59,564 [INFO] scraper.rbi: CACHE HIT md_13118 -> /Users/karan/Downloads/carbon-tracker 3/Capstone_project/data/raw/master_directions/md_13118.pdf
2026-08-12 20:00:59,564 [INFO] scraper.rbi: CACHE HIT md_13119 -> /Users/karan/Downloads/carbon-tracker 3/Capstone_project/data/raw/master_directions/md_13119.pdf
2026-08-12 20:00:59,564 [INFO] scraper.rbi: CACHE HIT md_13120 -> /Users/karan/Downloads/carbon-tracker 3/Capstone_project/data/raw/master_directions/md_13120.pdf
2026-08-12 20:00:59,565 [INFO] scraper.rbi: CACHE HIT md_13121 -> /Users/karan/Downloads/carbon-tracker 3/Capstone_project/data/raw/master_directions/md_13121.pdf
2026-08-12 20:00:59,566 [INFO] scraper.rbi: CACHE HIT md_13122 -> /Users/karan/Downloads/carbon-tracker 3/Capstone_project/data/raw/master_directions/md_13122.pdf
2026-08-12 20:00:59,566 [INFO] scraper.rbi: CACHE HIT md_13123 -> /Users/karan/Downloads/carbon-tracker 3/Capstone_project/data/raw/master_directions/md_13123.pdf
2026-08-12 20:00:59,567 [INFO] scraper.rbi: CACHE HIT md_13124 -> /Users/karan/Downloads/carbon-tracker 3/Capstone_project/data/raw/master_directions/md_13124.pdf
2026-08-12 20:00:59,567 [INFO] scraper.rbi: CACHE HIT md_13125 -> /Users/karan/Downloads/carbon-tracker 3/Capstone_project/data/raw/master_directions/md_13125.pdf
2026-08-12 20:00:59,567 [INFO] scraper.rbi: CACHE HIT md_13126 -> /Users/karan/Downloads/carbon-tracker 3/Capstone_project/data/raw/master_directions/md_13126.pdf
2026-08-12 20:00:59,569 [INFO] scraper.rbi: CACHE HIT md_13127 -> /Users/karan/Downloads/carbon-tracker 3/Capstone_project/data/raw/master_directions/md_13127.pdf
2026-08-12 20:00:59,569 [INFO] scraper.rbi: CACHE HIT md_13128 -> /Users/karan/Downloads/carbon-tracker 3/Capstone_project/data/raw/master_directions/md_13128.pdf
2026-08-12 20:00:59,570 [INFO] scraper.rbi: CACHE HIT md_13129 -> /Users/karan/Downloads/carbon-tracker 3/Capstone_project/data/raw/master_directions/md_13129.pdf
2026-08-12 20:00:59,570 [INFO] scraper.rbi: CACHE HIT md_13130 -> /Users/karan/Downloads/carbon-tracker 3/Capstone_project/data/raw/master_directions/md_13130.pdf
2026-08-12 20:00:59,571 [INFO] scraper.rbi: CACHE HIT md_13131 -> /Users/karan/Downloads/carbon-tracker 3/Capstone_project/data/raw/master_directions/md_13131.pdf
2026-08-12 20:00:59,571 [INFO] scraper.rbi: CACHE HIT md_13132 -> /Users/karan/Downloads/carbon-tracker 3/Capstone_project/data/raw/master_directions/md_13132.pdf
2026-08-12 20:00:59,571 [INFO] scraper.rbi: CACHE HIT md_13133 -> /Users/karan/Downloads/carbon-tracker 3/Capstone_project/data/raw/master_directions/md_13133.pdf
2026-08-12 20:00:59,572 [INFO] scraper.rbi: CACHE HIT md_13134 -> /Users/karan/Downloads/carbon-tracker 3/Capstone_project/data/raw/master_directions/md_13134.pdf
2026-08-12 20:00:59,572 [INFO] scraper.rbi: CACHE HIT md_13135 -> /Users/karan/Downloads/carbon-tracker 3/Capstone_project/data/raw/master_directions/md_13135.pdf
2026-08-12 20:00:59,573 [INFO] scraper.rbi: CACHE HIT md_13321 -> /Users/karan/Downloads/carbon-tracker 3/Capstone_project/data/raw/master_directions/md_13321.pdf
2026-08-12 20:00:59,574 [INFO] scraper.rbi: CACHE HIT md_13087 -> /Users/karan/Downloads/carbon-tracker 3/Capstone_project/data/raw/master_directions/md_13087.pdf
2026-08-12 20:00:59,574 [INFO] scraper.rbi: CACHE HIT md_13088 -> /Users/karan/Downloads/carbon-tracker 3/Capstone_project/data/raw/master_directions/md_13088.pdf
2026-08-12 20:00:59,575 [INFO] scraper.rbi: CACHE HIT md_13089 -> /Users/karan/Downloads/carbon-tracker 3/Capstone_project/data/raw/master_directions/md_13089.pdf
2026-08-12 20:00:59,575 [INFO] scraper.rbi: CACHE HIT md_13090 -> /Users/karan/Downloads/carbon-tracker 3/Capstone_project/data/raw/master_directions/md_13090.pdf
2026-08-12 20:00:59,576 [INFO] scraper.rbi: CACHE HIT md_13092 -> /Users/karan/Downloads/carbon-tracker 3/Capstone_project/data/raw/master_directions/md_13092.pdf
2026-08-12 20:00:59,577 [INFO] scraper.rbi: CACHE HIT md_13093 -> /Users/karan/Downloads/carbon-tracker 3/Capstone_project/data/raw/master_directions/md_13093.pdf
2026-08-12 20:00:59,578 [INFO] scraper.rbi: CACHE HIT md_13094 -> /Users/karan/Downloads/carbon-tracker 3/Capstone_project/data/raw/master_directions/md_13094.pdf
2026-08-12 20:00:59,578 [INFO] scraper.rbi: CACHE HIT md_13095 -> /Users/karan/Downloads/carbon-tracker 3/Capstone_project/data/raw/master_directions/md_13095.pdf
2026-08-12 20:00:59,578 [INFO] scraper.rbi: CACHE HIT md_13096 -> /Users/karan/Downloads/carbon-tracker 3/Capstone_project/data/raw/master_directions/md_13096.pdf
2026-08-12 20:00:59,579 [INFO] scraper.rbi: CACHE HIT md_13097 -> /Users/karan/Downloads/carbon-tracker 3/Capstone_project/data/raw/master_directions/md_13097.pdf
2026-08-12 20:00:59,579 [INFO] scraper.rbi: CACHE HIT md_13098 -> /Users/karan/Downloads/carbon-tracker 3/Capstone_project/data/raw/master_directions/md_13098.pdf
2026-08-12 20:00:59,580 [INFO] scraper.rbi: CACHE HIT md_13099 -> /Users/karan/Downloads/carbon-tracker 3/Capstone_project/data/raw/master_directions/md_13099.pdf
2026-08-12 20:00:59,580 [INFO] scraper.rbi: CACHE HIT md_13100 -> /Users/karan/Downloads/carbon-tracker 3/Capstone_project/data/raw/master_directions/md_13100.pdf
2026-08-12 20:00:59,580 [INFO] scraper.rbi: CACHE HIT md_13101 -> /Users/karan/Downloads/carbon-tracker 3/Capstone_project/data/raw/master_directions/md_13101.pdf
2026-08-12 20:00:59,581 [INFO] scraper.rbi: CACHE HIT md_13102 -> /Users/karan/Downloads/carbon-tracker 3/Capstone_project/data/raw/master_directions/md_13102.pdf
2026-08-12 20:00:59,581 [INFO] scraper.rbi: CACHE HIT md_13103 -> /Users/karan/Downloads/carbon-tracker 3/Capstone_project/data/raw/master_directions/md_13103.pdf
2026-08-12 20:00:59,582 [INFO] scraper.rbi: CACHE HIT md_13104 -> /Users/karan/Downloads/carbon-tracker 3/Capstone_project/data/raw/master_directions/md_13104.pdf
2026-08-12 20:00:59,582 [INFO] scraper.rbi: CACHE HIT md_13324 -> /Users/karan/Downloads/carbon-tracker 3/Capstone_project/data/raw/master_directions/md_13324.pdf
2026-08-12 20:00:59,583 [INFO] scraper.rbi: CACHE HIT md_13061 -> /Users/karan/Downloads/carbon-tracker 3/Capstone_project/data/raw/master_directions/md_13061.pdf
2026-08-12 20:00:59,583 [INFO] scraper.rbi: CACHE HIT md_13062 -> /Users/karan/Downloads/carbon-tracker 3/Capstone_project/data/raw/master_directions/md_13062.pdf
2026-08-12 20:00:59,584 [INFO] scraper.rbi: CACHE HIT md_13063 -> /Users/karan/Downloads/carbon-tracker 3/Capstone_project/data/raw/master_directions/md_13063.pdf
2026-08-12 20:00:59,585 [INFO] scraper.rbi: CACHE HIT md_13064 -> /Users/karan/Downloads/carbon-tracker 3/Capstone_project/data/raw/master_directions/md_13064.pdf
2026-08-12 20:00:59,585 [INFO] scraper.rbi: CACHE HIT md_13066 -> /Users/karan/Downloads/carbon-tracker 3/Capstone_project/data/raw/master_directions/md_13066.pdf
2026-08-12 20:00:59,586 [INFO] scraper.rbi: CACHE HIT md_13067 -> /Users/karan/Downloads/carbon-tracker 3/Capstone_project/data/raw/master_directions/md_13067.pdf
2026-08-12 20:00:59,586 [INFO] scraper.rbi: CACHE HIT md_13068 -> /Users/karan/Downloads/carbon-tracker 3/Capstone_project/data/raw/master_directions/md_13068.pdf
2026-08-12 20:00:59,586 [INFO] scraper.rbi: CACHE HIT md_13069 -> /Users/karan/Downloads/carbon-tracker 3/Capstone_project/data/raw/master_directions/md_13069.pdf
2026-08-12 20:00:59,587 [INFO] scraper.rbi: CACHE HIT md_13070 -> /Users/karan/Downloads/carbon-tracker 3/Capstone_project/data/raw/master_directions/md_13070.pdf
2026-08-12 20:00:59,588 [INFO] scraper.rbi: CACHE HIT md_13071 -> /Users/karan/Downloads/carbon-tracker 3/Capstone_project/data/raw/master_directions/md_13071.pdf
2026-08-12 20:00:59,588 [INFO] scraper.rbi: CACHE HIT md_13072 -> /Users/karan/Downloads/carbon-tracker 3/Capstone_project/data/raw/master_directions/md_13072.pdf
2026-08-12 20:00:59,588 [INFO] scraper.rbi: CACHE HIT md_13073 -> /Users/karan/Downloads/carbon-tracker 3/Capstone_project/data/raw/master_directions/md_13073.pdf
2026-08-12 20:00:59,589 [INFO] scraper.rbi: CACHE HIT md_13074 -> /Users/karan/Downloads/carbon-tracker 3/Capstone_project/data/raw/master_directions/md_13074.pdf
2026-08-12 20:00:59,589 [INFO] scraper.rbi: CACHE HIT md_13075 -> /Users/karan/Downloads/carbon-tracker 3/Capstone_project/data/raw/master_directions/md_13075.pdf
2026-08-12 20:00:59,590 [INFO] scraper.rbi: CACHE HIT md_13076 -> /Users/karan/Downloads/carbon-tracker 3/Capstone_project/data/raw/master_directions/md_13076.pdf
2026-08-12 20:00:59,590 [INFO] scraper.rbi: CACHE HIT md_13077 -> /Users/karan/Downloads/carbon-tracker 3/Capstone_project/data/raw/master_directions/md_13077.pdf
2026-08-12 20:00:59,590 [INFO] scraper.rbi: CACHE HIT md_13078 -> /Users/karan/Downloads/carbon-tracker 3/Capstone_project/data/raw/master_directions/md_13078.pdf
2026-08-12 20:00:59,591 [INFO] scraper.rbi: CACHE HIT md_13079 -> /Users/karan/Downloads/carbon-tracker 3/Capstone_project/data/raw/master_directions/md_13079.pdf
2026-08-12 20:00:59,591 [INFO] scraper.rbi: CACHE HIT md_13080 -> /Users/karan/Downloads/carbon-tracker 3/Capstone_project/data/raw/master_directions/md_13080.pdf
2026-08-12 20:00:59,592 [INFO] scraper.rbi: CACHE HIT md_13081 -> /Users/karan/Downloads/carbon-tracker 3/Capstone_project/data/raw/master_directions/md_13081.pdf
2026-08-12 20:00:59,592 [INFO] scraper.rbi: CACHE HIT md_13082 -> /Users/karan/Downloads/carbon-tracker 3/Capstone_project/data/raw/master_directions/md_13082.pdf
2026-08-12 20:00:59,593 [INFO] scraper.rbi: CACHE HIT md_13083 -> /Users/karan/Downloads/carbon-tracker 3/Capstone_project/data/raw/master_directions/md_13083.pdf
2026-08-12 20:00:59,593 [INFO] scraper.rbi: CACHE HIT md_13084 -> /Users/karan/Downloads/carbon-tracker 3/Capstone_project/data/raw/master_directions/md_13084.pdf
2026-08-12 20:00:59,593 [INFO] scraper.rbi: CACHE HIT md_13085 -> /Users/karan/Downloads/carbon-tracker 3/Capstone_project/data/raw/master_directions/md_13085.pdf
2026-08-12 20:00:59,594 [INFO] scraper.rbi: CACHE HIT md_13086 -> /Users/karan/Downloads/carbon-tracker 3/Capstone_project/data/raw/master_directions/md_13086.pdf
2026-08-12 20:00:59,594 [INFO] scraper.rbi: CACHE HIT md_13327 -> /Users/karan/Downloads/carbon-tracker 3/Capstone_project/data/raw/master_directions/md_13327.pdf
2026-08-12 20:00:59,595 [INFO] scraper.rbi: CACHE HIT md_13038 -> /Users/karan/Downloads/carbon-tracker 3/Capstone_project/data/raw/master_directions/md_13038.pdf
2026-08-12 20:00:59,596 [INFO] scraper.rbi: CACHE HIT md_13039 -> /Users/karan/Downloads/carbon-tracker 3/Capstone_project/data/raw/master_directions/md_13039.pdf
2026-08-12 20:00:59,597 [INFO] scraper.rbi: CACHE HIT md_13040 -> /Users/karan/Downloads/carbon-tracker 3/Capstone_project/data/raw/master_directions/md_13040.pdf
2026-08-12 20:00:59,597 [INFO] scraper.rbi: CACHE HIT md_13041 -> /Users/karan/Downloads/carbon-tracker 3/Capstone_project/data/raw/master_directions/md_13041.pdf
2026-08-12 20:00:59,598 [INFO] scraper.rbi: CACHE HIT md_13042 -> /Users/karan/Downloads/carbon-tracker 3/Capstone_project/data/raw/master_directions/md_13042.pdf
2026-08-12 20:00:59,598 [INFO] scraper.rbi: CACHE HIT md_13043 -> /Users/karan/Downloads/carbon-tracker 3/Capstone_project/data/raw/master_directions/md_13043.pdf
2026-08-12 20:00:59,599 [INFO] scraper.rbi: CACHE HIT md_13044 -> /Users/karan/Downloads/carbon-tracker 3/Capstone_project/data/raw/master_directions/md_13044.pdf
2026-08-12 20:00:59,599 [INFO] scraper.rbi: CACHE HIT md_13045 -> /Users/karan/Downloads/carbon-tracker 3/Capstone_project/data/raw/master_directions/md_13045.pdf
2026-08-12 20:00:59,599 [INFO] scraper.rbi: CACHE HIT md_13046 -> /Users/karan/Downloads/carbon-tracker 3/Capstone_project/data/raw/master_directions/md_13046.pdf
2026-08-12 20:00:59,600 [INFO] scraper.rbi: CACHE HIT md_13047 -> /Users/karan/Downloads/carbon-tracker 3/Capstone_project/data/raw/master_directions/md_13047.pdf
2026-08-12 20:00:59,600 [INFO] scraper.rbi: CACHE HIT md_13048 -> /Users/karan/Downloads/carbon-tracker 3/Capstone_project/data/raw/master_directions/md_13048.pdf
2026-08-12 20:00:59,600 [INFO] scraper.rbi: CACHE HIT md_13049 -> /Users/karan/Downloads/carbon-tracker 3/Capstone_project/data/raw/master_directions/md_13049.pdf
2026-08-12 20:00:59,601 [INFO] scraper.rbi: CACHE HIT md_13050 -> /Users/karan/Downloads/carbon-tracker 3/Capstone_project/data/raw/master_directions/md_13050.pdf
2026-08-12 20:00:59,601 [INFO] scraper.rbi: CACHE HIT md_13051 -> /Users/karan/Downloads/carbon-tracker 3/Capstone_project/data/raw/master_directions/md_13051.pdf
2026-08-12 20:00:59,602 [INFO] scraper.rbi: CACHE HIT md_13052 -> /Users/karan/Downloads/carbon-tracker 3/Capstone_project/data/raw/master_directions/md_13052.pdf
2026-08-12 20:00:59,602 [INFO] scraper.rbi: CACHE HIT md_13053 -> /Users/karan/Downloads/carbon-tracker 3/Capstone_project/data/raw/master_directions/md_13053.pdf
2026-08-12 20:00:59,602 [INFO] scraper.rbi: CACHE HIT md_13054 -> /Users/karan/Downloads/carbon-tracker 3/Capstone_project/data/raw/master_directions/md_13054.pdf
2026-08-12 20:00:59,603 [INFO] scraper.rbi: CACHE HIT md_13055 -> /Users/karan/Downloads/carbon-tracker 3/Capstone_project/data/raw/master_directions/md_13055.pdf
2026-08-12 20:00:59,603 [INFO] scraper.rbi: CACHE HIT md_13056 -> /Users/karan/Downloads/carbon-tracker 3/Capstone_project/data/raw/master_directions/md_13056.pdf
2026-08-12 20:00:59,604 [INFO] scraper.rbi: CACHE HIT md_13057 -> /Users/karan/Downloads/carbon-tracker 3/Capstone_project/data/raw/master_directions/md_13057.pdf
2026-08-12 20:00:59,604 [INFO] scraper.rbi: CACHE HIT md_13058 -> /Users/karan/Downloads/carbon-tracker 3/Capstone_project/data/raw/master_directions/md_13058.pdf
2026-08-12 20:00:59,604 [INFO] scraper.rbi: CACHE HIT md_13059 -> /Users/karan/Downloads/carbon-tracker 3/Capstone_project/data/raw/master_directions/md_13059.pdf
2026-08-12 20:00:59,605 [INFO] scraper.rbi: CACHE HIT md_13060 -> /Users/karan/Downloads/carbon-tracker 3/Capstone_project/data/raw/master_directions/md_13060.pdf
2026-08-12 20:00:59,605 [INFO] scraper.rbi: CACHE HIT md_13203 -> /Users/karan/Downloads/carbon-tracker 3/Capstone_project/data/raw/master_directions/md_13203.pdf
2026-08-12 20:00:59,605 [INFO] scraper.rbi: CACHE HIT md_13204 -> /Users/karan/Downloads/carbon-tracker 3/Capstone_project/data/raw/master_directions/md_13204.pdf
2026-08-12 20:00:59,607 [INFO] scraper.rbi: CACHE HIT md_13011 -> /Users/karan/Downloads/carbon-tracker 3/Capstone_project/data/raw/master_directions/md_13011.pdf
2026-08-12 20:00:59,607 [INFO] scraper.rbi: CACHE HIT md_13012 -> /Users/karan/Downloads/carbon-tracker 3/Capstone_project/data/raw/master_directions/md_13012.pdf
2026-08-12 20:00:59,608 [INFO] scraper.rbi: CACHE HIT md_13013 -> /Users/karan/Downloads/carbon-tracker 3/Capstone_project/data/raw/master_directions/md_13013.pdf
2026-08-12 20:00:59,608 [INFO] scraper.rbi: CACHE HIT md_13014 -> /Users/karan/Downloads/carbon-tracker 3/Capstone_project/data/raw/master_directions/md_13014.pdf
2026-08-12 20:00:59,609 [INFO] scraper.rbi: CACHE HIT md_13015 -> /Users/karan/Downloads/carbon-tracker 3/Capstone_project/data/raw/master_directions/md_13015.pdf
2026-08-12 20:00:59,609 [INFO] scraper.rbi: CACHE HIT md_13016 -> /Users/karan/Downloads/carbon-tracker 3/Capstone_project/data/raw/master_directions/md_13016.pdf
2026-08-12 20:00:59,609 [INFO] scraper.rbi: CACHE HIT md_13017 -> /Users/karan/Downloads/carbon-tracker 3/Capstone_project/data/raw/master_directions/md_13017.pdf
2026-08-12 20:00:59,610 [INFO] scraper.rbi: CACHE HIT md_13018 -> /Users/karan/Downloads/carbon-tracker 3/Capstone_project/data/raw/master_directions/md_13018.pdf
2026-08-12 20:00:59,610 [INFO] scraper.rbi: CACHE HIT md_13019 -> /Users/karan/Downloads/carbon-tracker 3/Capstone_project/data/raw/master_directions/md_13019.pdf
2026-08-12 20:00:59,611 [INFO] scraper.rbi: CACHE HIT md_13020 -> /Users/karan/Downloads/carbon-tracker 3/Capstone_project/data/raw/master_directions/md_13020.pdf
2026-08-12 20:00:59,611 [INFO] scraper.rbi: CACHE HIT md_13021 -> /Users/karan/Downloads/carbon-tracker 3/Capstone_project/data/raw/master_directions/md_13021.pdf
2026-08-12 20:00:59,612 [INFO] scraper.rbi: CACHE HIT md_13022 -> /Users/karan/Downloads/carbon-tracker 3/Capstone_project/data/raw/master_directions/md_13022.pdf
2026-08-12 20:00:59,612 [INFO] scraper.rbi: CACHE HIT md_13023 -> /Users/karan/Downloads/carbon-tracker 3/Capstone_project/data/raw/master_directions/md_13023.pdf
2026-08-12 20:00:59,612 [INFO] scraper.rbi: CACHE HIT md_13024 -> /Users/karan/Downloads/carbon-tracker 3/Capstone_project/data/raw/master_directions/md_13024.pdf
2026-08-12 20:00:59,613 [INFO] scraper.rbi: CACHE HIT md_13025 -> /Users/karan/Downloads/carbon-tracker 3/Capstone_project/data/raw/master_directions/md_13025.pdf
2026-08-12 20:00:59,613 [INFO] scraper.rbi: CACHE HIT md_13026 -> /Users/karan/Downloads/carbon-tracker 3/Capstone_project/data/raw/master_directions/md_13026.pdf
2026-08-12 20:00:59,614 [INFO] scraper.rbi: CACHE HIT md_13027 -> /Users/karan/Downloads/carbon-tracker 3/Capstone_project/data/raw/master_directions/md_13027.pdf
2026-08-12 20:00:59,614 [INFO] scraper.rbi: CACHE HIT md_13028 -> /Users/karan/Downloads/carbon-tracker 3/Capstone_project/data/raw/master_directions/md_13028.pdf
2026-08-12 20:00:59,615 [INFO] scraper.rbi: CACHE HIT md_13029 -> /Users/karan/Downloads/carbon-tracker 3/Capstone_project/data/raw/master_directions/md_13029.pdf
2026-08-12 20:00:59,615 [INFO] scraper.rbi: CACHE HIT md_13030 -> /Users/karan/Downloads/carbon-tracker 3/Capstone_project/data/raw/master_directions/md_13030.pdf
2026-08-12 20:00:59,616 [INFO] scraper.rbi: CACHE HIT md_13031 -> /Users/karan/Downloads/carbon-tracker 3/Capstone_project/data/raw/master_directions/md_13031.pdf
2026-08-12 20:00:59,616 [INFO] scraper.rbi: CACHE HIT md_13032 -> /Users/karan/Downloads/carbon-tracker 3/Capstone_project/data/raw/master_directions/md_13032.pdf
2026-08-12 20:00:59,617 [INFO] scraper.rbi: CACHE HIT md_13033 -> /Users/karan/Downloads/carbon-tracker 3/Capstone_project/data/raw/master_directions/md_13033.pdf
2026-08-12 20:00:59,617 [INFO] scraper.rbi: CACHE HIT md_13034 -> /Users/karan/Downloads/carbon-tracker 3/Capstone_project/data/raw/master_directions/md_13034.pdf
2026-08-12 20:00:59,617 [INFO] scraper.rbi: CACHE HIT md_13036 -> /Users/karan/Downloads/carbon-tracker 3/Capstone_project/data/raw/master_directions/md_13036.pdf
2026-08-12 20:00:59,618 [INFO] scraper.rbi: CACHE HIT md_12986 -> /Users/karan/Downloads/carbon-tracker 3/Capstone_project/data/raw/master_directions/md_12986.pdf
2026-08-12 20:00:59,619 [INFO] scraper.rbi: CACHE HIT md_12987 -> /Users/karan/Downloads/carbon-tracker 3/Capstone_project/data/raw/master_directions/md_12987.pdf
2026-08-12 20:00:59,620 [INFO] scraper.rbi: CACHE HIT md_12988 -> /Users/karan/Downloads/carbon-tracker 3/Capstone_project/data/raw/master_directions/md_12988.pdf
2026-08-12 20:00:59,620 [INFO] scraper.rbi: CACHE HIT md_12989 -> /Users/karan/Downloads/carbon-tracker 3/Capstone_project/data/raw/master_directions/md_12989.pdf
2026-08-12 20:00:59,620 [INFO] scraper.rbi: CACHE HIT md_12990 -> /Users/karan/Downloads/carbon-tracker 3/Capstone_project/data/raw/master_directions/md_12990.pdf
2026-08-12 20:00:59,621 [INFO] scraper.rbi: CACHE HIT md_12991 -> /Users/karan/Downloads/carbon-tracker 3/Capstone_project/data/raw/master_directions/md_12991.pdf
2026-08-12 20:00:59,621 [INFO] scraper.rbi: CACHE HIT md_12992 -> /Users/karan/Downloads/carbon-tracker 3/Capstone_project/data/raw/master_directions/md_12992.pdf
2026-08-12 20:00:59,622 [INFO] scraper.rbi: CACHE HIT md_12993 -> /Users/karan/Downloads/carbon-tracker 3/Capstone_project/data/raw/master_directions/md_12993.pdf
2026-08-12 20:00:59,622 [INFO] scraper.rbi: CACHE HIT md_12994 -> /Users/karan/Downloads/carbon-tracker 3/Capstone_project/data/raw/master_directions/md_12994.pdf
2026-08-12 20:00:59,623 [INFO] scraper.rbi: CACHE HIT md_12995 -> /Users/karan/Downloads/carbon-tracker 3/Capstone_project/data/raw/master_directions/md_12995.pdf
2026-08-12 20:00:59,623 [INFO] scraper.rbi: CACHE HIT md_12996 -> /Users/karan/Downloads/carbon-tracker 3/Capstone_project/data/raw/master_directions/md_12996.pdf
2026-08-12 20:00:59,623 [INFO] scraper.rbi: CACHE HIT md_12997 -> /Users/karan/Downloads/carbon-tracker 3/Capstone_project/data/raw/master_directions/md_12997.pdf
2026-08-12 20:00:59,624 [INFO] scraper.rbi: CACHE HIT md_12998 -> /Users/karan/Downloads/carbon-tracker 3/Capstone_project/data/raw/master_directions/md_12998.pdf
2026-08-12 20:00:59,624 [INFO] scraper.rbi: CACHE HIT md_12999 -> /Users/karan/Downloads/carbon-tracker 3/Capstone_project/data/raw/master_directions/md_12999.pdf
2026-08-12 20:00:59,625 [INFO] scraper.rbi: CACHE HIT md_13000 -> /Users/karan/Downloads/carbon-tracker 3/Capstone_project/data/raw/master_directions/md_13000.pdf
2026-08-12 20:00:59,625 [INFO] scraper.rbi: CACHE HIT md_13001 -> /Users/karan/Downloads/carbon-tracker 3/Capstone_project/data/raw/master_directions/md_13001.pdf
2026-08-12 20:00:59,625 [INFO] scraper.rbi: CACHE HIT md_13002 -> /Users/karan/Downloads/carbon-tracker 3/Capstone_project/data/raw/master_directions/md_13002.pdf
2026-08-12 20:00:59,626 [INFO] scraper.rbi: CACHE HIT md_13003 -> /Users/karan/Downloads/carbon-tracker 3/Capstone_project/data/raw/master_directions/md_13003.pdf
2026-08-12 20:00:59,626 [INFO] scraper.rbi: CACHE HIT md_13004 -> /Users/karan/Downloads/carbon-tracker 3/Capstone_project/data/raw/master_directions/md_13004.pdf
2026-08-12 20:00:59,627 [INFO] scraper.rbi: CACHE HIT md_13005 -> /Users/karan/Downloads/carbon-tracker 3/Capstone_project/data/raw/master_directions/md_13005.pdf
2026-08-12 20:00:59,627 [INFO] scraper.rbi: CACHE HIT md_13006 -> /Users/karan/Downloads/carbon-tracker 3/Capstone_project/data/raw/master_directions/md_13006.pdf
2026-08-12 20:00:59,628 [INFO] scraper.rbi: CACHE HIT md_13007 -> /Users/karan/Downloads/carbon-tracker 3/Capstone_project/data/raw/master_directions/md_13007.pdf
2026-08-12 20:00:59,628 [INFO] scraper.rbi: CACHE HIT md_13008 -> /Users/karan/Downloads/carbon-tracker 3/Capstone_project/data/raw/master_directions/md_13008.pdf
2026-08-12 20:00:59,628 [INFO] scraper.rbi: CACHE HIT md_13010 -> /Users/karan/Downloads/carbon-tracker 3/Capstone_project/data/raw/master_directions/md_13010.pdf
2026-08-12 20:00:59,629 [INFO] scraper.rbi: CACHE HIT md_13205 -> /Users/karan/Downloads/carbon-tracker 3/Capstone_project/data/raw/master_directions/md_13205.pdf
2026-08-12 20:00:59,629 [INFO] scraper.rbi: CACHE HIT md_13202 -> /Users/karan/Downloads/carbon-tracker 3/Capstone_project/data/raw/master_directions/md_13202.pdf
2026-08-12 20:00:59,629 [INFO] scraper.rbi: CACHE HIT md_12966 -> /Users/karan/Downloads/carbon-tracker 3/Capstone_project/data/raw/master_directions/md_12966.pdf
2026-08-12 20:00:59,630 [INFO] scraper.rbi: CACHE HIT md_12967 -> /Users/karan/Downloads/carbon-tracker 3/Capstone_project/data/raw/master_directions/md_12967.pdf
2026-08-12 20:00:59,630 [INFO] scraper.rbi: CACHE HIT md_12968 -> /Users/karan/Downloads/carbon-tracker 3/Capstone_project/data/raw/master_directions/md_12968.pdf
2026-08-12 20:00:59,631 [INFO] scraper.rbi: CACHE HIT md_12969 -> /Users/karan/Downloads/carbon-tracker 3/Capstone_project/data/raw/master_directions/md_12969.pdf
2026-08-12 20:00:59,632 [INFO] scraper.rbi: CACHE HIT md_12970 -> /Users/karan/Downloads/carbon-tracker 3/Capstone_project/data/raw/master_directions/md_12970.pdf
2026-08-12 20:00:59,632 [INFO] scraper.rbi: CACHE HIT md_12971 -> /Users/karan/Downloads/carbon-tracker 3/Capstone_project/data/raw/master_directions/md_12971.pdf
2026-08-12 20:00:59,633 [INFO] scraper.rbi: CACHE HIT md_12972 -> /Users/karan/Downloads/carbon-tracker 3/Capstone_project/data/raw/master_directions/md_12972.pdf
2026-08-12 20:00:59,633 [INFO] scraper.rbi: CACHE HIT md_12973 -> /Users/karan/Downloads/carbon-tracker 3/Capstone_project/data/raw/master_directions/md_12973.pdf
2026-08-12 20:00:59,634 [INFO] scraper.rbi: CACHE HIT md_12974 -> /Users/karan/Downloads/carbon-tracker 3/Capstone_project/data/raw/master_directions/md_12974.pdf
2026-08-12 20:00:59,634 [INFO] scraper.rbi: CACHE HIT md_12975 -> /Users/karan/Downloads/carbon-tracker 3/Capstone_project/data/raw/master_directions/md_12975.pdf
2026-08-12 20:00:59,635 [INFO] scraper.rbi: CACHE HIT md_12976 -> /Users/karan/Downloads/carbon-tracker 3/Capstone_project/data/raw/master_directions/md_12976.pdf
2026-08-12 20:00:59,635 [INFO] scraper.rbi: CACHE HIT md_12977 -> /Users/karan/Downloads/carbon-tracker 3/Capstone_project/data/raw/master_directions/md_12977.pdf
2026-08-12 20:00:59,636 [INFO] scraper.rbi: CACHE HIT md_12978 -> /Users/karan/Downloads/carbon-tracker 3/Capstone_project/data/raw/master_directions/md_12978.pdf
2026-08-12 20:00:59,636 [INFO] scraper.rbi: CACHE HIT md_12979 -> /Users/karan/Downloads/carbon-tracker 3/Capstone_project/data/raw/master_directions/md_12979.pdf
2026-08-12 20:00:59,637 [INFO] scraper.rbi: CACHE HIT md_12980 -> /Users/karan/Downloads/carbon-tracker 3/Capstone_project/data/raw/master_directions/md_12980.pdf
2026-08-12 20:00:59,638 [INFO] scraper.rbi: CACHE HIT md_12981 -> /Users/karan/Downloads/carbon-tracker 3/Capstone_project/data/raw/master_directions/md_12981.pdf
2026-08-12 20:00:59,638 [INFO] scraper.rbi: CACHE HIT md_12982 -> /Users/karan/Downloads/carbon-tracker 3/Capstone_project/data/raw/master_directions/md_12982.pdf
2026-08-12 20:00:59,640 [INFO] scraper.rbi: CACHE HIT md_12983 -> /Users/karan/Downloads/carbon-tracker 3/Capstone_project/data/raw/master_directions/md_12983.pdf
2026-08-12 20:00:59,641 [INFO] scraper.rbi: CACHE HIT md_12984 -> /Users/karan/Downloads/carbon-tracker 3/Capstone_project/data/raw/master_directions/md_12984.pdf
2026-08-12 20:00:59,641 [INFO] scraper.rbi: CACHE HIT md_12931 -> /Users/karan/Downloads/carbon-tracker 3/Capstone_project/data/raw/master_directions/md_12931.pdf
2026-08-12 20:00:59,641 [INFO] scraper.rbi: CACHE HIT md_12932 -> /Users/karan/Downloads/carbon-tracker 3/Capstone_project/data/raw/master_directions/md_12932.pdf
2026-08-12 20:00:59,642 [INFO] scraper.rbi: CACHE HIT md_12933 -> /Users/karan/Downloads/carbon-tracker 3/Capstone_project/data/raw/master_directions/md_12933.pdf
2026-08-12 20:00:59,642 [INFO] scraper.rbi: CACHE HIT md_12934 -> /Users/karan/Downloads/carbon-tracker 3/Capstone_project/data/raw/master_directions/md_12934.pdf
2026-08-12 20:00:59,643 [INFO] scraper.rbi: CACHE HIT md_12935 -> /Users/karan/Downloads/carbon-tracker 3/Capstone_project/data/raw/master_directions/md_12935.pdf
2026-08-12 20:00:59,643 [INFO] scraper.rbi: CACHE HIT md_12936 -> /Users/karan/Downloads/carbon-tracker 3/Capstone_project/data/raw/master_directions/md_12936.pdf
2026-08-12 20:00:59,643 [INFO] scraper.rbi: CACHE HIT md_12937 -> /Users/karan/Downloads/carbon-tracker 3/Capstone_project/data/raw/master_directions/md_12937.pdf
2026-08-12 20:00:59,644 [INFO] scraper.rbi: CACHE HIT md_12938 -> /Users/karan/Downloads/carbon-tracker 3/Capstone_project/data/raw/master_directions/md_12938.pdf
2026-08-12 20:00:59,645 [INFO] scraper.rbi: CACHE HIT md_12939 -> /Users/karan/Downloads/carbon-tracker 3/Capstone_project/data/raw/master_directions/md_12939.pdf
2026-08-12 20:00:59,645 [INFO] scraper.rbi: CACHE HIT md_12940 -> /Users/karan/Downloads/carbon-tracker 3/Capstone_project/data/raw/master_directions/md_12940.pdf
2026-08-12 20:00:59,646 [INFO] scraper.rbi: CACHE HIT md_12941 -> /Users/karan/Downloads/carbon-tracker 3/Capstone_project/data/raw/master_directions/md_12941.pdf
2026-08-12 20:00:59,646 [INFO] scraper.rbi: CACHE HIT md_12942 -> /Users/karan/Downloads/carbon-tracker 3/Capstone_project/data/raw/master_directions/md_12942.pdf
2026-08-12 20:00:59,647 [INFO] scraper.rbi: CACHE HIT md_12943 -> /Users/karan/Downloads/carbon-tracker 3/Capstone_project/data/raw/master_directions/md_12943.pdf
2026-08-12 20:00:59,647 [INFO] scraper.rbi: CACHE HIT md_12944 -> /Users/karan/Downloads/carbon-tracker 3/Capstone_project/data/raw/master_directions/md_12944.pdf
2026-08-12 20:00:59,648 [INFO] scraper.rbi: CACHE HIT md_12945 -> /Users/karan/Downloads/carbon-tracker 3/Capstone_project/data/raw/master_directions/md_12945.pdf
2026-08-12 20:00:59,649 [INFO] scraper.rbi: CACHE HIT md_12946 -> /Users/karan/Downloads/carbon-tracker 3/Capstone_project/data/raw/master_directions/md_12946.pdf
2026-08-12 20:00:59,649 [INFO] scraper.rbi: CACHE HIT md_12947 -> /Users/karan/Downloads/carbon-tracker 3/Capstone_project/data/raw/master_directions/md_12947.pdf
2026-08-12 20:00:59,650 [INFO] scraper.rbi: CACHE HIT md_12948 -> /Users/karan/Downloads/carbon-tracker 3/Capstone_project/data/raw/master_directions/md_12948.pdf
2026-08-12 20:00:59,650 [INFO] scraper.rbi: CACHE HIT md_12949 -> /Users/karan/Downloads/carbon-tracker 3/Capstone_project/data/raw/master_directions/md_12949.pdf
2026-08-12 20:00:59,651 [INFO] scraper.rbi: CACHE HIT md_12950 -> /Users/karan/Downloads/carbon-tracker 3/Capstone_project/data/raw/master_directions/md_12950.pdf
2026-08-12 20:00:59,651 [INFO] scraper.rbi: CACHE HIT md_12951 -> /Users/karan/Downloads/carbon-tracker 3/Capstone_project/data/raw/master_directions/md_12951.pdf
2026-08-12 20:00:59,652 [INFO] scraper.rbi: CACHE HIT md_12952 -> /Users/karan/Downloads/carbon-tracker 3/Capstone_project/data/raw/master_directions/md_12952.pdf
2026-08-12 20:00:59,652 [INFO] scraper.rbi: CACHE HIT md_12953 -> /Users/karan/Downloads/carbon-tracker 3/Capstone_project/data/raw/master_directions/md_12953.pdf
2026-08-12 20:00:59,652 [INFO] scraper.rbi: CACHE HIT md_12954 -> /Users/karan/Downloads/carbon-tracker 3/Capstone_project/data/raw/master_directions/md_12954.pdf
2026-08-12 20:00:59,653 [INFO] scraper.rbi: CACHE HIT md_12955 -> /Users/karan/Downloads/carbon-tracker 3/Capstone_project/data/raw/master_directions/md_12955.pdf
2026-08-12 20:00:59,653 [INFO] scraper.rbi: CACHE HIT md_12956 -> /Users/karan/Downloads/carbon-tracker 3/Capstone_project/data/raw/master_directions/md_12956.pdf
2026-08-12 20:00:59,654 [INFO] scraper.rbi: CACHE HIT md_12957 -> /Users/karan/Downloads/carbon-tracker 3/Capstone_project/data/raw/master_directions/md_12957.pdf
2026-08-12 20:00:59,654 [INFO] scraper.rbi: CACHE HIT md_12958 -> /Users/karan/Downloads/carbon-tracker 3/Capstone_project/data/raw/master_directions/md_12958.pdf
2026-08-12 20:00:59,655 [INFO] scraper.rbi: CACHE HIT md_12959 -> /Users/karan/Downloads/carbon-tracker 3/Capstone_project/data/raw/master_directions/md_12959.pdf
2026-08-12 20:00:59,655 [INFO] scraper.rbi: CACHE HIT md_12960 -> /Users/karan/Downloads/carbon-tracker 3/Capstone_project/data/raw/master_directions/md_12960.pdf
2026-08-12 20:00:59,656 [INFO] scraper.rbi: CACHE HIT md_12961 -> /Users/karan/Downloads/carbon-tracker 3/Capstone_project/data/raw/master_directions/md_12961.pdf
2026-08-12 20:00:59,656 [INFO] scraper.rbi: CACHE HIT md_12962 -> /Users/karan/Downloads/carbon-tracker 3/Capstone_project/data/raw/master_directions/md_12962.pdf
2026-08-12 20:00:59,656 [INFO] scraper.rbi: CACHE HIT md_12963 -> /Users/karan/Downloads/carbon-tracker 3/Capstone_project/data/raw/master_directions/md_12963.pdf
2026-08-12 20:00:59,657 [INFO] scraper.rbi: CACHE HIT md_12964 -> /Users/karan/Downloads/carbon-tracker 3/Capstone_project/data/raw/master_directions/md_12964.pdf
2026-08-12 20:00:59,657 [INFO] scraper.rbi: CACHE HIT md_12965 -> /Users/karan/Downloads/carbon-tracker 3/Capstone_project/data/raw/master_directions/md_12965.pdf
2026-08-12 20:00:59,658 [INFO] scraper.rbi: CACHE HIT md_12927 -> /Users/karan/Downloads/carbon-tracker 3/Capstone_project/data/raw/master_directions/md_12927.pdf
2026-08-12 20:00:59,658 [INFO] scraper.rbi: CACHE HIT md_12928 -> /Users/karan/Downloads/carbon-tracker 3/Capstone_project/data/raw/master_directions/md_12928.pdf
2026-08-12 20:00:59,659 [INFO] scraper.rbi: CACHE HIT md_12929 -> /Users/karan/Downloads/carbon-tracker 3/Capstone_project/data/raw/master_directions/md_12929.pdf
2026-08-12 20:00:59,659 [INFO] scraper.rbi: CACHE HIT md_12930 -> /Users/karan/Downloads/carbon-tracker 3/Capstone_project/data/raw/master_directions/md_12930.pdf
2026-08-12 20:00:59,660 [INFO] scraper.rbi: CACHE HIT md_12925 -> /Users/karan/Downloads/carbon-tracker 3/Capstone_project/data/raw/master_directions/md_12925.pdf
2026-08-12 20:00:59,660 [INFO] scraper.rbi: CACHE HIT md_12926 -> /Users/karan/Downloads/carbon-tracker 3/Capstone_project/data/raw/master_directions/md_12926.pdf
2026-08-12 20:00:59,661 [INFO] scraper.rbi: CACHE HIT md_13637 -> /Users/karan/Downloads/carbon-tracker 3/Capstone_project/data/raw/master_directions/md_13637.pdf
2026-08-12 20:00:59,662 [INFO] scraper.rbi: CACHE HIT md_13638 -> /Users/karan/Downloads/carbon-tracker 3/Capstone_project/data/raw/master_directions/md_13638.pdf
2026-08-12 20:00:59,664 [INFO] scraper.rbi: CACHE HIT md_13639 -> /Users/karan/Downloads/carbon-tracker 3/Capstone_project/data/raw/master_directions/md_13639.pdf
2026-08-12 20:00:59,665 [INFO] scraper.rbi: CACHE HIT md_13640 -> /Users/karan/Downloads/carbon-tracker 3/Capstone_project/data/raw/master_directions/md_13640.pdf
2026-08-12 20:00:59,665 [INFO] scraper.rbi: CACHE HIT md_13641 -> /Users/karan/Downloads/carbon-tracker 3/Capstone_project/data/raw/master_directions/md_13641.pdf
2026-08-12 20:00:59,666 [INFO] scraper.rbi: CACHE HIT md_13642 -> /Users/karan/Downloads/carbon-tracker 3/Capstone_project/data/raw/master_directions/md_13642.pdf
2026-08-12 20:00:59,666 [INFO] scraper.rbi: CACHE HIT md_13643 -> /Users/karan/Downloads/carbon-tracker 3/Capstone_project/data/raw/master_directions/md_13643.pdf
2026-08-12 20:00:59,667 [INFO] scraper.rbi: CACHE HIT md_13644 -> /Users/karan/Downloads/carbon-tracker 3/Capstone_project/data/raw/master_directions/md_13644.pdf
2026-08-12 20:00:59,668 [INFO] scraper.rbi: CACHE HIT md_13645 -> /Users/karan/Downloads/carbon-tracker 3/Capstone_project/data/raw/master_directions/md_13645.pdf
2026-08-12 20:00:59,668 [INFO] scraper.rbi: CACHE HIT md_13628 -> /Users/karan/Downloads/carbon-tracker 3/Capstone_project/data/raw/master_directions/md_13628.pdf
2026-08-12 20:00:59,669 [INFO] scraper.rbi: CACHE HIT md_13629 -> /Users/karan/Downloads/carbon-tracker 3/Capstone_project/data/raw/master_directions/md_13629.pdf
2026-08-12 20:00:59,670 [INFO] scraper.rbi: CACHE HIT md_13630 -> /Users/karan/Downloads/carbon-tracker 3/Capstone_project/data/raw/master_directions/md_13630.pdf
2026-08-12 20:00:59,671 [INFO] scraper.rbi: CACHE HIT md_13631 -> /Users/karan/Downloads/carbon-tracker 3/Capstone_project/data/raw/master_directions/md_13631.pdf
2026-08-12 20:00:59,672 [INFO] scraper.rbi: CACHE HIT md_13632 -> /Users/karan/Downloads/carbon-tracker 3/Capstone_project/data/raw/master_directions/md_13632.pdf
2026-08-12 20:00:59,672 [INFO] scraper.rbi: CACHE HIT md_13633 -> /Users/karan/Downloads/carbon-tracker 3/Capstone_project/data/raw/master_directions/md_13633.pdf
2026-08-12 20:00:59,673 [INFO] scraper.rbi: CACHE HIT md_13634 -> /Users/karan/Downloads/carbon-tracker 3/Capstone_project/data/raw/master_directions/md_13634.pdf
2026-08-12 20:00:59,673 [INFO] scraper.rbi: CACHE HIT md_13635 -> /Users/karan/Downloads/carbon-tracker 3/Capstone_project/data/raw/master_directions/md_13635.pdf
2026-08-12 20:00:59,674 [INFO] scraper.rbi: CACHE HIT md_13636 -> /Users/karan/Downloads/carbon-tracker 3/Capstone_project/data/raw/master_directions/md_13636.pdf
2026-08-12 20:00:59,674 [INFO] scraper.rbi: CACHE HIT md_13619 -> /Users/karan/Downloads/carbon-tracker 3/Capstone_project/data/raw/master_directions/md_13619.pdf
2026-08-12 20:00:59,675 [INFO] scraper.rbi: CACHE HIT md_13620 -> /Users/karan/Downloads/carbon-tracker 3/Capstone_project/data/raw/master_directions/md_13620.pdf
2026-08-12 20:00:59,676 [INFO] scraper.rbi: CACHE HIT md_13621 -> /Users/karan/Downloads/carbon-tracker 3/Capstone_project/data/raw/master_directions/md_13621.pdf
2026-08-12 20:00:59,677 [INFO] scraper.rbi: CACHE HIT md_13622 -> /Users/karan/Downloads/carbon-tracker 3/Capstone_project/data/raw/master_directions/md_13622.pdf
2026-08-12 20:00:59,677 [INFO] scraper.rbi: CACHE HIT md_13623 -> /Users/karan/Downloads/carbon-tracker 3/Capstone_project/data/raw/master_directions/md_13623.pdf
2026-08-12 20:00:59,678 [INFO] scraper.rbi: CACHE HIT md_13624 -> /Users/karan/Downloads/carbon-tracker 3/Capstone_project/data/raw/master_directions/md_13624.pdf
2026-08-12 20:00:59,678 [INFO] scraper.rbi: CACHE HIT md_13625 -> /Users/karan/Downloads/carbon-tracker 3/Capstone_project/data/raw/master_directions/md_13625.pdf
2026-08-12 20:00:59,679 [INFO] scraper.rbi: CACHE HIT md_13626 -> /Users/karan/Downloads/carbon-tracker 3/Capstone_project/data/raw/master_directions/md_13626.pdf
2026-08-12 20:00:59,680 [INFO] scraper.rbi: CACHE HIT md_13627 -> /Users/karan/Downloads/carbon-tracker 3/Capstone_project/data/raw/master_directions/md_13627.pdf
2026-08-12 20:00:59,680 [INFO] scraper.rbi: CACHE HIT md_13603 -> /Users/karan/Downloads/carbon-tracker 3/Capstone_project/data/raw/master_directions/md_13603.pdf
2026-08-12 20:00:59,681 [INFO] scraper.rbi: CACHE HIT md_13604 -> /Users/karan/Downloads/carbon-tracker 3/Capstone_project/data/raw/master_directions/md_13604.pdf
2026-08-12 20:00:59,683 [INFO] scraper.rbi: CACHE HIT md_13605 -> /Users/karan/Downloads/carbon-tracker 3/Capstone_project/data/raw/master_directions/md_13605.pdf
2026-08-12 20:00:59,683 [INFO] scraper.rbi: CACHE HIT md_13606 -> /Users/karan/Downloads/carbon-tracker 3/Capstone_project/data/raw/master_directions/md_13606.pdf
2026-08-12 20:00:59,684 [INFO] scraper.rbi: CACHE HIT md_13607 -> /Users/karan/Downloads/carbon-tracker 3/Capstone_project/data/raw/master_directions/md_13607.pdf
2026-08-12 20:00:59,685 [INFO] scraper.rbi: CACHE HIT md_13608 -> /Users/karan/Downloads/carbon-tracker 3/Capstone_project/data/raw/master_directions/md_13608.pdf
2026-08-12 20:00:59,685 [INFO] scraper.rbi: CACHE HIT md_13609 -> /Users/karan/Downloads/carbon-tracker 3/Capstone_project/data/raw/master_directions/md_13609.pdf
2026-08-12 20:00:59,686 [INFO] scraper.rbi: CACHE HIT md_13598 -> /Users/karan/Downloads/carbon-tracker 3/Capstone_project/data/raw/master_directions/md_13598.pdf
2026-08-12 20:00:59,687 [INFO] scraper.rbi: CACHE HIT md_13599 -> /Users/karan/Downloads/carbon-tracker 3/Capstone_project/data/raw/master_directions/md_13599.pdf
2026-08-12 20:00:59,687 [INFO] scraper.rbi: CACHE HIT md_13610 -> /Users/karan/Downloads/carbon-tracker 3/Capstone_project/data/raw/master_directions/md_13610.pdf
2026-08-12 20:00:59,688 [INFO] scraper.rbi: CACHE HIT md_13611 -> /Users/karan/Downloads/carbon-tracker 3/Capstone_project/data/raw/master_directions/md_13611.pdf
2026-08-12 20:00:59,689 [INFO] scraper.rbi: CACHE HIT md_13612 -> /Users/karan/Downloads/carbon-tracker 3/Capstone_project/data/raw/master_directions/md_13612.pdf
2026-08-12 20:00:59,689 [INFO] scraper.rbi: CACHE HIT md_13613 -> /Users/karan/Downloads/carbon-tracker 3/Capstone_project/data/raw/master_directions/md_13613.pdf
2026-08-12 20:00:59,690 [INFO] scraper.rbi: CACHE HIT md_13614 -> /Users/karan/Downloads/carbon-tracker 3/Capstone_project/data/raw/master_directions/md_13614.pdf
2026-08-12 20:00:59,690 [INFO] scraper.rbi: CACHE HIT md_13615 -> /Users/karan/Downloads/carbon-tracker 3/Capstone_project/data/raw/master_directions/md_13615.pdf
2026-08-12 20:00:59,691 [INFO] scraper.rbi: CACHE HIT md_13616 -> /Users/karan/Downloads/carbon-tracker 3/Capstone_project/data/raw/master_directions/md_13616.pdf
2026-08-12 20:00:59,692 [INFO] scraper.rbi: CACHE HIT md_13617 -> /Users/karan/Downloads/carbon-tracker 3/Capstone_project/data/raw/master_directions/md_13617.pdf
2026-08-12 20:00:59,692 [INFO] scraper.rbi: CACHE HIT md_13618 -> /Users/karan/Downloads/carbon-tracker 3/Capstone_project/data/raw/master_directions/md_13618.pdf
2026-08-12 20:00:59,693 [INFO] scraper.rbi: CACHE HIT md_13600 -> /Users/karan/Downloads/carbon-tracker 3/Capstone_project/data/raw/master_directions/md_13600.pdf
2026-08-12 20:00:59,693 [INFO] scraper.rbi: CACHE HIT md_13601 -> /Users/karan/Downloads/carbon-tracker 3/Capstone_project/data/raw/master_directions/md_13601.pdf
2026-08-12 20:00:59,694 [INFO] scraper.rbi: CACHE HIT md_13602 -> /Users/karan/Downloads/carbon-tracker 3/Capstone_project/data/raw/master_directions/md_13602.pdf
2026-08-12 20:00:59,695 [INFO] scraper.rbi: CACHE HIT md_13594 -> /Users/karan/Downloads/carbon-tracker 3/Capstone_project/data/raw/master_directions/md_13594.pdf
2026-08-12 20:00:59,695 [INFO] scraper.rbi: CACHE HIT md_13595 -> /Users/karan/Downloads/carbon-tracker 3/Capstone_project/data/raw/master_directions/md_13595.pdf
2026-08-12 20:00:59,696 [INFO] scraper.rbi: CACHE HIT md_13596 -> /Users/karan/Downloads/carbon-tracker 3/Capstone_project/data/raw/master_directions/md_13596.pdf
2026-08-12 20:00:59,697 [INFO] scraper.rbi: CACHE HIT md_13597 -> /Users/karan/Downloads/carbon-tracker 3/Capstone_project/data/raw/master_directions/md_13597.pdf
2026-08-12 20:00:59,697 [INFO] scraper.rbi: CACHE HIT md_13585 -> /Users/karan/Downloads/carbon-tracker 3/Capstone_project/data/raw/master_directions/md_13585.pdf
2026-08-12 20:00:59,698 [INFO] scraper.rbi: CACHE HIT md_13586 -> /Users/karan/Downloads/carbon-tracker 3/Capstone_project/data/raw/master_directions/md_13586.pdf
2026-08-12 20:00:59,698 [INFO] scraper.rbi: CACHE HIT md_13587 -> /Users/karan/Downloads/carbon-tracker 3/Capstone_project/data/raw/master_directions/md_13587.pdf
2026-08-12 20:00:59,699 [INFO] scraper.rbi: CACHE HIT md_13588 -> /Users/karan/Downloads/carbon-tracker 3/Capstone_project/data/raw/master_directions/md_13588.pdf
2026-08-12 20:00:59,700 [INFO] scraper.rbi: CACHE HIT md_13589 -> /Users/karan/Downloads/carbon-tracker 3/Capstone_project/data/raw/master_directions/md_13589.pdf
2026-08-12 20:00:59,701 [INFO] scraper.rbi: CACHE HIT md_13590 -> /Users/karan/Downloads/carbon-tracker 3/Capstone_project/data/raw/master_directions/md_13590.pdf
2026-08-12 20:00:59,701 [INFO] scraper.rbi: CACHE HIT md_13591 -> /Users/karan/Downloads/carbon-tracker 3/Capstone_project/data/raw/master_directions/md_13591.pdf
2026-08-12 20:00:59,702 [INFO] scraper.rbi: CACHE HIT md_13592 -> /Users/karan/Downloads/carbon-tracker 3/Capstone_project/data/raw/master_directions/md_13592.pdf
2026-08-12 20:00:59,702 [INFO] scraper.rbi: CACHE HIT md_13593 -> /Users/karan/Downloads/carbon-tracker 3/Capstone_project/data/raw/master_directions/md_13593.pdf
2026-08-12 20:00:59,703 [INFO] scraper.rbi: CACHE HIT md_13584 -> /Users/karan/Downloads/carbon-tracker 3/Capstone_project/data/raw/master_directions/md_13584.pdf
2026-08-12 20:00:59,703 [INFO] scraper.rbi: CACHE HIT md_13582 -> /Users/karan/Downloads/carbon-tracker 3/Capstone_project/data/raw/master_directions/md_13582.pdf
2026-08-12 20:00:59,704 [INFO] scraper.rbi: CACHE HIT md_13583 -> /Users/karan/Downloads/carbon-tracker 3/Capstone_project/data/raw/master_directions/md_13583.pdf
2026-08-12 20:00:59,704 [INFO] scraper.rbi: CACHE HIT md_13522 -> /Users/karan/Downloads/carbon-tracker 3/Capstone_project/data/raw/master_directions/md_13522.pdf
2026-08-12 20:00:59,704 [INFO] scraper.rbi: CACHE HIT md_13523 -> /Users/karan/Downloads/carbon-tracker 3/Capstone_project/data/raw/master_directions/md_13523.pdf
2026-08-12 20:00:59,705 [INFO] scraper.rbi: CACHE HIT md_13524 -> /Users/karan/Downloads/carbon-tracker 3/Capstone_project/data/raw/master_directions/md_13524.pdf
2026-08-12 20:00:59,705 [INFO] scraper.rbi: CACHE HIT md_13525 -> /Users/karan/Downloads/carbon-tracker 3/Capstone_project/data/raw/master_directions/md_13525.pdf
2026-08-12 20:00:59,706 [INFO] scraper.rbi: CACHE HIT md_12799 -> /Users/karan/Downloads/carbon-tracker 3/Capstone_project/data/raw/master_directions/md_12799.pdf
2026-08-12 20:00:59,707 [INFO] scraper.rbi: CACHE HIT md_11959 -> /Users/karan/Downloads/carbon-tracker 3/Capstone_project/data/raw/master_directions/md_11959.pdf
2026-08-12 20:00:59,707 [INFO] scraper.rbi: CACHE HIT md_11060 -> /Users/karan/Downloads/carbon-tracker 3/Capstone_project/data/raw/master_directions/md_11060.pdf
2026-08-12 20:00:59,707 [INFO] scraper.rbi: CACHE HIT md_11037 -> /Users/karan/Downloads/carbon-tracker 3/Capstone_project/data/raw/master_directions/md_11037.pdf
2026-08-12 20:00:59,708 [INFO] scraper.rbi: CACHE HIT md_13552 -> /Users/karan/Downloads/carbon-tracker 3/Capstone_project/data/raw/master_directions/md_13552.pdf
2026-08-12 20:00:59,708 [INFO] scraper.rbi: CACHE HIT md_13343 -> /Users/karan/Downloads/carbon-tracker 3/Capstone_project/data/raw/master_directions/md_13343.pdf
2026-08-12 20:00:59,708 [INFO] scraper.rbi: CACHE HIT md_13214 -> /Users/karan/Downloads/carbon-tracker 3/Capstone_project/data/raw/master_directions/md_13214.pdf
2026-08-12 20:00:59,709 [INFO] scraper.rbi: CACHE HIT md_12920 -> /Users/karan/Downloads/carbon-tracker 3/Capstone_project/data/raw/master_directions/md_12920.pdf
2026-08-12 20:00:59,709 [INFO] scraper.rbi: CACHE HIT md_12870 -> /Users/karan/Downloads/carbon-tracker 3/Capstone_project/data/raw/master_directions/md_12870.pdf
2026-08-12 20:00:59,709 [INFO] scraper.rbi: CACHE HIT md_12784 -> /Users/karan/Downloads/carbon-tracker 3/Capstone_project/data/raw/master_directions/md_12784.pdf
2026-08-12 20:00:59,710 [INFO] scraper.rbi: CACHE HIT md_13376 -> /Users/karan/Downloads/carbon-tracker 3/Capstone_project/data/raw/master_directions/md_13376.pdf
2026-08-12 20:00:59,710 [INFO] scraper.rbi: CACHE HIT md_12765 -> /Users/karan/Downloads/carbon-tracker 3/Capstone_project/data/raw/master_directions/md_12765.pdf
2026-08-12 20:00:59,711 [INFO] scraper.rbi: CACHE HIT md_12682 -> /Users/karan/Downloads/carbon-tracker 3/Capstone_project/data/raw/master_directions/md_12682.pdf
2026-08-12 20:00:59,711 [INFO] scraper.rbi: CACHE HIT md_12592 -> /Users/karan/Downloads/carbon-tracker 3/Capstone_project/data/raw/master_directions/md_12592.pdf
2026-08-12 20:00:59,711 [INFO] scraper.rbi: CACHE HIT md_12581 -> /Users/karan/Downloads/carbon-tracker 3/Capstone_project/data/raw/master_directions/md_12581.pdf
2026-08-12 20:00:59,712 [INFO] scraper.rbi: CACHE HIT md_12580 -> /Users/karan/Downloads/carbon-tracker 3/Capstone_project/data/raw/master_directions/md_12580.pdf
2026-08-12 20:00:59,712 [INFO] scraper.rbi: CACHE HIT md_12427 -> /Users/karan/Downloads/carbon-tracker 3/Capstone_project/data/raw/master_directions/md_12427.pdf
2026-08-12 20:00:59,713 [INFO] scraper.rbi: CACHE HIT md_12163 -> /Users/karan/Downloads/carbon-tracker 3/Capstone_project/data/raw/master_directions/md_12163.pdf
2026-08-12 20:00:59,713 [INFO] scraper.rbi: CACHE HIT md_12108 -> /Users/karan/Downloads/carbon-tracker 3/Capstone_project/data/raw/master_directions/md_12108.pdf
2026-08-12 20:00:59,713 [INFO] scraper.rbi: CACHE HIT md_12061 -> /Users/karan/Downloads/carbon-tracker 3/Capstone_project/data/raw/master_directions/md_12061.pdf
2026-08-12 20:00:59,713 [INFO] scraper.rbi: CACHE HIT md_11500 -> /Users/karan/Downloads/carbon-tracker 3/Capstone_project/data/raw/master_directions/md_11500.pdf
2026-08-12 20:00:59,714 [INFO] scraper.rbi: CACHE HIT md_10495 -> /Users/karan/Downloads/carbon-tracker 3/Capstone_project/data/raw/master_directions/md_10495.pdf
2026-08-12 20:00:59,715 [INFO] scraper.rbi: CACHE HIT md_10485 -> /Users/karan/Downloads/carbon-tracker 3/Capstone_project/data/raw/master_directions/md_10485.pdf
2026-08-12 20:00:59,715 [INFO] scraper.rbi: CACHE HIT md_12839 -> /Users/karan/Downloads/carbon-tracker 3/Capstone_project/data/raw/master_directions/md_12839.pdf
2026-08-12 20:00:59,715 [INFO] scraper.rbi: CACHE HIT md_12710 -> /Users/karan/Downloads/carbon-tracker 3/Capstone_project/data/raw/master_directions/md_12710.pdf
2026-08-12 20:00:59,716 [INFO] scraper.rbi: CACHE HIT md_11510 -> /Users/karan/Downloads/carbon-tracker 3/Capstone_project/data/raw/master_directions/md_11510.pdf
2026-08-12 20:00:59,716 [INFO] scraper.rbi: CACHE HIT md_11200 -> /Users/karan/Downloads/carbon-tracker 3/Capstone_project/data/raw/master_directions/md_11200.pdf
2026-08-12 20:00:59,716 [INFO] scraper.rbi: CACHE HIT md_10868 -> /Users/karan/Downloads/carbon-tracker 3/Capstone_project/data/raw/master_directions/md_10868.pdf
2026-08-12 20:00:59,717 [INFO] scraper.rbi: CACHE HIT md_10738 -> /Users/karan/Downloads/carbon-tracker 3/Capstone_project/data/raw/master_directions/md_10738.pdf
2026-08-12 20:00:59,717 [INFO] scraper.rbi: CACHE HIT md_10404 -> /Users/karan/Downloads/carbon-tracker 3/Capstone_project/data/raw/master_directions/md_10404.pdf
2026-08-12 20:00:59,718 [INFO] scraper.rbi: CACHE HIT md_10637 -> /Users/karan/Downloads/carbon-tracker 3/Capstone_project/data/raw/master_directions/md_10637.pdf
2026-08-12 20:00:59,718 [INFO] scraper.rbi: CACHE HIT md_10191 -> /Users/karan/Downloads/carbon-tracker 3/Capstone_project/data/raw/master_directions/md_10191.pdf
2026-08-12 20:00:59,719 [INFO] scraper.rbi: CACHE HIT md_10192 -> /Users/karan/Downloads/carbon-tracker 3/Capstone_project/data/raw/master_directions/md_10192.pdf
2026-08-12 20:00:59,719 [INFO] scraper.rbi: CACHE HIT md_10193 -> /Users/karan/Downloads/carbon-tracker 3/Capstone_project/data/raw/master_directions/md_10193.pdf
2026-08-12 20:00:59,719 [INFO] scraper.rbi: CACHE HIT md_10196 -> /Users/karan/Downloads/carbon-tracker 3/Capstone_project/data/raw/master_directions/md_10196.pdf
2026-08-12 20:00:59,720 [INFO] scraper.rbi: CACHE HIT md_10197 -> /Users/karan/Downloads/carbon-tracker 3/Capstone_project/data/raw/master_directions/md_10197.pdf
2026-08-12 20:00:59,720 [INFO] scraper.rbi: CACHE HIT md_10198 -> /Users/karan/Downloads/carbon-tracker 3/Capstone_project/data/raw/master_directions/md_10198.pdf
2026-08-12 20:00:59,721 [INFO] scraper.rbi: CACHE HIT md_10201 -> /Users/karan/Downloads/carbon-tracker 3/Capstone_project/data/raw/master_directions/md_10201.pdf
2026-08-12 20:00:59,722 [INFO] scraper.rbi: CACHE HIT md_10202 -> /Users/karan/Downloads/carbon-tracker 3/Capstone_project/data/raw/master_directions/md_10202.pdf
2026-08-12 20:00:59,722 [INFO] scraper.rbi: CACHE HIT md_10203 -> /Users/karan/Downloads/carbon-tracker 3/Capstone_project/data/raw/master_directions/md_10203.pdf
2026-08-12 20:00:59,722 [INFO] scraper.rbi: CACHE HIT md_10205 -> /Users/karan/Downloads/carbon-tracker 3/Capstone_project/data/raw/master_directions/md_10205.pdf
2026-08-12 20:00:59,723 [INFO] scraper.rbi: CACHE HIT md_10395 -> /Users/karan/Downloads/carbon-tracker 3/Capstone_project/data/raw/master_directions/md_10395.pdf
2026-08-12 20:00:59,723 [INFO] scraper.rbi: CACHE HIT md_11518 -> /Users/karan/Downloads/carbon-tracker 3/Capstone_project/data/raw/master_directions/md_11518.pdf
2026-08-12 20:00:59,723 [INFO] scraper.rbi: CACHE HIT md_13362 -> /Users/karan/Downloads/carbon-tracker 3/Capstone_project/data/raw/master_directions/md_13362.pdf
2026-08-12 20:00:59,724 [INFO] scraper.rbi: CACHE HIT md_13361 -> /Users/karan/Downloads/carbon-tracker 3/Capstone_project/data/raw/master_directions/md_13361.pdf
2026-08-12 20:00:59,724 [INFO] scraper.rbi: CACHE HIT md_13360 -> /Users/karan/Downloads/carbon-tracker 3/Capstone_project/data/raw/master_directions/md_13360.pdf
2026-08-12 20:00:59,725 [INFO] scraper.rbi: CACHE HIT md_13526 -> /Users/karan/Downloads/carbon-tracker 3/Capstone_project/data/raw/master_directions/md_13526.pdf
2026-08-12 20:00:59,725 [INFO] scraper.rbi: CACHE HIT md_13502 -> /Users/karan/Downloads/carbon-tracker 3/Capstone_project/data/raw/master_directions/md_13502.pdf
2026-08-12 20:00:59,725 [INFO] scraper.rbi: CACHE HIT md_13374 -> /Users/karan/Downloads/carbon-tracker 3/Capstone_project/data/raw/master_directions/md_13374.pdf
2026-08-12 20:00:59,726 [INFO] scraper.rbi: CACHE HIT md_12898 -> /Users/karan/Downloads/carbon-tracker 3/Capstone_project/data/raw/master_directions/md_12898.pdf
2026-08-12 20:00:59,726 [INFO] scraper.rbi: CACHE HIT md_12896 -> /Users/karan/Downloads/carbon-tracker 3/Capstone_project/data/raw/master_directions/md_12896.pdf
2026-08-12 20:00:59,727 [INFO] scraper.rbi: CACHE HIT md_12715 -> /Users/karan/Downloads/carbon-tracker 3/Capstone_project/data/raw/master_directions/md_12715.pdf
2026-08-12 20:00:59,728 [INFO] scraper.rbi: CACHE HIT md_12616 -> /Users/karan/Downloads/carbon-tracker 3/Capstone_project/data/raw/master_directions/md_12616.pdf
2026-08-12 20:00:59,728 [INFO] scraper.rbi: CACHE HIT md_12156 -> /Users/karan/Downloads/carbon-tracker 3/Capstone_project/data/raw/master_directions/md_12156.pdf
2026-08-12 20:00:59,730 [INFO] scraper.rbi: CACHE HIT md_10833 -> /Users/karan/Downloads/carbon-tracker 3/Capstone_project/data/raw/master_directions/md_10833.pdf
2026-08-12 20:25:27,703 [INFO] scraper.rbi: Discovered 2 Master Direction entries from listing
2026-08-12 20:25:27,703 [INFO] scraper.rbi: Discovered 2 Master Direction entries from listing
2026-08-12 20:25:27,704 [INFO] scraper.rbi: GET attempt=1 url=https://rbidocs.rbi.org.in/rdocs/notification/PDFs/ABCDEF1234567890ABCDEF1234.PDF
2026-08-12 20:25:27,704 [INFO] scraper.rbi: DOWNLOADED md_99901 bytes=30 -> /private/var/folders/5n/6f_8lx951jvgm3p1clj1qykr0000gn/T/pytest-of-karan/pytest-4/test_discover_listing_mocked0/raw/master_directions/md_99901.pdf
2026-08-12 20:25:27,704 [INFO] scraper.rbi: GET attempt=1 url=https://rbidocs.rbi.org.in/rdocs/notification/PDFs/FEDCBA0987654321FEDCBA0987.PDF
2026-08-12 20:25:27,704 [INFO] scraper.rbi: DOWNLOADED md_99902 bytes=30 -> /private/var/folders/5n/6f_8lx951jvgm3p1clj1qykr0000gn/T/pytest-of-karan/pytest-4/test_discover_listing_mocked0/raw/master_directions/md_99902.pdf
2026-08-12 20:26:20,646 [INFO] scraper.rbi: Discovered 2 Master Direction entries from listing
2026-08-12 20:26:20,646 [INFO] scraper.rbi: Discovered 2 Master Direction entries from listing
2026-08-12 20:26:20,647 [INFO] scraper.rbi: GET attempt=1 url=https://rbidocs.rbi.org.in/rdocs/notification/PDFs/ABCDEF1234567890ABCDEF1234.PDF
2026-08-12 20:26:20,647 [INFO] scraper.rbi: DOWNLOADED md_99901 bytes=30 -> /private/var/folders/5n/6f_8lx951jvgm3p1clj1qykr0000gn/T/pytest-of-karan/pytest-5/test_discover_listing_mocked0/raw/master_directions/md_99901.pdf
2026-08-12 20:26:20,647 [INFO] scraper.rbi: GET attempt=1 url=https://rbidocs.rbi.org.in/rdocs/notification/PDFs/FEDCBA0987654321FEDCBA0987.PDF
2026-08-12 20:26:20,647 [INFO] scraper.rbi: DOWNLOADED md_99902 bytes=30 -> /private/var/folders/5n/6f_8lx951jvgm3p1clj1qykr0000gn/T/pytest-of-karan/pytest-5/test_discover_listing_mocked0/raw/master_directions/md_99902.pdf
2026-08-12 20:27:10,679 [INFO] scraper.rbi: Discovered 2 Master Direction entries from listing
2026-08-12 20:27:10,680 [INFO] scraper.rbi: Discovered 2 Master Direction entries from listing
2026-08-12 20:27:10,680 [INFO] scraper.rbi: GET attempt=1 url=https://rbidocs.rbi.org.in/rdocs/notification/PDFs/ABCDEF1234567890ABCDEF1234.PDF
2026-08-12 20:27:10,680 [INFO] scraper.rbi: DOWNLOADED md_99901 bytes=30 -> /private/var/folders/5n/6f_8lx951jvgm3p1clj1qykr0000gn/T/pytest-of-karan/pytest-6/test_discover_listing_mocked0/raw/master_directions/md_99901.pdf
2026-08-12 20:27:10,680 [INFO] scraper.rbi: GET attempt=1 url=https://rbidocs.rbi.org.in/rdocs/notification/PDFs/FEDCBA0987654321FEDCBA0987.PDF
2026-08-12 20:27:10,680 [INFO] scraper.rbi: DOWNLOADED md_99902 bytes=30 -> /private/var/folders/5n/6f_8lx951jvgm3p1clj1qykr0000gn/T/pytest-of-karan/pytest-6/test_discover_listing_mocked0/raw/master_directions/md_99902.pdf
2026-08-12 20:35:49,252 [INFO] scraper.rbi: Discovered 2 Master Direction entries from listing
2026-08-12 20:35:49,254 [INFO] scraper.rbi: Discovered 2 Master Direction entries from listing
2026-08-12 20:35:49,254 [INFO] scraper.rbi: GET attempt=1 url=https://rbidocs.rbi.org.in/rdocs/notification/PDFs/ABCDEF1234567890ABCDEF1234.PDF
2026-08-12 20:35:49,255 [INFO] scraper.rbi: DOWNLOADED md_99901 bytes=30 -> /private/var/folders/5n/6f_8lx951jvgm3p1clj1qykr0000gn/T/pytest-of-karan/pytest-7/test_discover_listing_mocked0/raw/master_directions/md_99901.pdf
2026-08-12 20:35:49,255 [INFO] scraper.rbi: GET attempt=1 url=https://rbidocs.rbi.org.in/rdocs/notification/PDFs/FEDCBA0987654321FEDCBA0987.PDF
2026-08-12 20:35:49,255 [INFO] scraper.rbi: DOWNLOADED md_99902 bytes=30 -> /private/var/folders/5n/6f_8lx951jvgm3p1clj1qykr0000gn/T/pytest-of-karan/pytest-7/test_discover_listing_mocked0/raw/master_directions/md_99902.pdf
