document_id,source_url,title,format,download_status,timestamp,local_path,content_hash,entity_class_raw,subject_family_raw,category_heading,failure_reason,extraction_source,label_role
md_11322,https://rbidocs.rbi.org.in/rdocs/notification/PDFs/61MD0825F724310142CBB351B33F9C3F80FA.PDF,Master Directions on Relief/Savings Bonds,PDF,cached,2026-08-12T19:00:59.530093+00:00,/Users/karan/Downloads/carbon-tracker 3/Capstone_project/data/raw/master_directions/md_11322.pdf,3f0078161dfe8386db42b25d82a23748db608a4f99d319cbe1bee6644378593f,Banker and Debt Manager to Government,Relief/Savings Bonds,Banker and Debt Manager to Government,,rbi_master_directions,primary_corpus
md_10476,https://rbidocs.rbi.org.in/rdocs/notification/PDFs/29MD8B47C911ECA14450AACBAEF6D7981EF8.PDF,"Master Direction – Operational Guidelines for Primary Dealers  (Updated as on November 22, 2018)",PDF,cached,2026-08-12T19:00:59.530506+00:00,/Users/karan/Downloads/carbon-tracker 3/Capstone_project/data/raw/master_directions/md_10476.pdf,5363500c090df7f61deffc82caba5bbd71b6d79faab085e4501c9d27be0a9af8,Banker and Debt Manager to Government,Operational Guidelines for Primary Dealers,Banker and Debt Manager to Government,,rbi_master_directions,primary_corpus
md_13443,https://rbidocs.rbi.org.in/rdocs/notification/PDFs/400MDEF6FB735DC5A48308F688DCB9BA11A65.PDF,"Reserve Bank of India [Conduct of Government Business by Agency Banks (ABs) – Payment of Agency Commission and Oversight of ABs] Directions, 2026",PDF,cached,2026-08-12T19:00:59.531127+00:00,/Users/karan/Downloads/carbon-tracker 3/Capstone_project/data/raw/master_directions/md_13443.pdf,5c4ba9434ce758e9efc8a94276ebd43189704ad1b5265fbc3f02e5aaf1438e1b,Banker to Governments and Banks,[Conduct of Government Business by Agency Banks (ABs) – Payment of Agency Commission and Oversight of ABs],Banker to Governments and Banks,,rbi_master_directions,primary_corpus
md_13442,https://rbidocs.rbi.org.in/rdocs/notification/PDFs/399MDAD236E83FDD240EEB29F1F5E2DBAD333.PDF,"Reserve Bank of India [Disbursement of Government Pension by Agency Banks (ABs)] Directions, 2026 (Updated as on June 24, 2026)",PDF,cached,2026-08-12T19:00:59.531618+00:00,/Users/karan/Downloads/carbon-tracker 3/Capstone_project/data/raw/master_directions/md_13442.pdf,a67b18900587328cb7201aeb2e80c5252c36ed5a1c29c2afb2340596ea0e65b3,Banker to Governments and Banks,[Disbursement of Government Pension by Agency Banks (ABs)],Banker to Governments and Banks,,rbi_master_directions,primary_corpus
md_13271,https://rbidocs.rbi.org.in/rdocs/notification/PDFs/380MD14012026DAD56B73DC944F02AEA4530EC779AD7F.PDF,"Reserve Bank of India (Commercial Banks - Internal Ombudsman) Directions, 2026",PDF,cached,2026-08-12T19:00:59.531949+00:00,/Users/karan/Downloads/carbon-tracker 3/Capstone_project/data/raw/master_directions/md_13271.pdf,cac4244ff5e1888f6159a987878a9a4f3d57e065770b3bbcce0dccee00deb422,Commercial Banks,Internal Ombudsman,Consumer Education and Protection,,rbi_master_directions,primary_corpus
md_13272,https://rbidocs.rbi.org.in/rdocs/notification/PDFs/381MD140120267212A1D4EF8349448E9416EF8F2D19B5.PDF,"Reserve Bank of India (Small Finance Banks - Internal Ombudsman) Directions, 2026",PDF,cached,2026-08-12T19:00:59.532255+00:00,/Users/karan/Downloads/carbon-tracker 3/Capstone_project/data/raw/master_directions/md_13272.pdf,74429a5f47b7aa695ff5585e7466e5590268940b1845ef2474cb45ffe28f61ce,Small Finance Banks,Internal Ombudsman,Consumer Education and Protection,,rbi_master_directions,primary_corpus
md_13273,https://rbidocs.rbi.org.in/rdocs/notification/PDFs/NOT3821EAEF90E037B4061A91775A5525510C3.PDF,"Reserve Bank of India (Payments Banks - Internal Ombudsman) Directions, 2026",PDF,cached,2026-08-12T19:00:59.532560+00:00,/Users/karan/Downloads/carbon-tracker 3/Capstone_project/data/raw/master_directions/md_13273.pdf,14b0417f9edf9eb5844dcc689c99601cf3218de22824a3eb2e3389c7a8a9be90,Payments Banks,Internal Ombudsman,Consumer Education and Protection,,rbi_master_directions,primary_corpus
md_13274,https://rbidocs.rbi.org.in/rdocs/notification/PDFs/383MD14012026559E41DD96224880B75EDB2B96E4BD8B.PDF,"Reserve Bank of India (Non-Banking Financial Companies - Internal Ombudsman) Directions, 2026",PDF,cached,2026-08-12T19:00:59.532859+00:00,/Users/karan/Downloads/carbon-tracker 3/Capstone_project/data/raw/master_directions/md_13274.pdf,a1d04be9b1780191a3791bd0fa25065d6ac900408399571d5b33c9e6b4f03134,Non,Banking Financial Companies - Internal Ombudsman,Consumer Education and Protection,,rbi_master_directions,primary_corpus
md_13275,https://rbidocs.rbi.org.in/rdocs/notification/PDFs/384MD14012026E275757688DE4E68AF9813B3B9491E4B.PDF,"Reserve Bank of India (Non-Bank Prepaid Payment Instruments Issuers - Internal Ombudsman) Directions, 2026",PDF,cached,2026-08-12T19:00:59.533147+00:00,/Users/karan/Downloads/carbon-tracker 3/Capstone_project/data/raw/master_directions/md_13275.pdf,0829d4ae1d5fcd266d51b1568528605094fada05655315c133de5116723f8950,Non,Bank Prepaid Payment Instruments Issuers - Internal Ombudsman,Consumer Education and Protection,,rbi_master_directions,primary_corpus
md_13276,https://rbidocs.rbi.org.in/rdocs/notification/PDFs/NOT38578CF3B232A694DBEAB2A9CE71848DCA1.PDF,"Reserve Bank of India (Credit Information Companies - Internal Ombudsman) Directions, 2026",PDF,cached,2026-08-12T19:00:59.533436+00:00,/Users/karan/Downloads/carbon-tracker 3/Capstone_project/data/raw/master_directions/md_13276.pdf,fd48a6dcd162eb4670fc71a57ff60390cc1effa6c40c0307aaa0028d06ae2a82,Credit Information Companies,Internal Ombudsman,Consumer Education and Protection,,rbi_master_directions,primary_corpus
md_12586,https://rbidocs.rbi.org.in/rdocs/notification/PDFs/108MDINTERNALOMBUDSMANCC05402F77BE4F229B59877F341386A4.PDF,"Master Direction - Reserve Bank of India (Internal Ombudsman for Regulated Entities) Directions, 2023",PDF,cached,2026-08-12T19:00:59.533754+00:00,/Users/karan/Downloads/carbon-tracker 3/Capstone_project/data/raw/master_directions/md_12586.pdf,239aa233ddf7d8d0095a4da4580a0c530531c63d9c456db8b311ee8ff693788d,Consumer Education and Protection,Reserve Bank of India (Internal Ombudsman for Regulated Entities),Consumer Education and Protection,,rbi_master_directions,primary_corpus
md_13399,https://rbidocs.rbi.org.in/rdocs/notification/PDFs/397MD7DCC951F9F014A738C60E0FBC1A73D70.PDF,"Reserve Bank of India (Commercial Banks - Capital Charge for Credit Risk – Standardised Approach) Directions, 2026 (Effective from April 1, 2027)",PDF,cached,2026-08-12T19:00:59.534111+00:00,/Users/karan/Downloads/carbon-tracker 3/Capstone_project/data/raw/master_directions/md_13399.pdf,475c7a073b94571a87d16b0e7f1522fdca1897ea998295d436a3070bad2eab20,Commercial Banks,Capital Charge for Credit Risk – Standardised Approach,Commercial Banks,,rbi_master_directions,primary_corpus
md_13400,https://rbidocs.rbi.org.in/rdocs/notification/PDFs/MD39857992A3DBE7946619F0F76DF81E472CF.PDF,"Reserve Bank of India (Commercial Banks - Asset Classification, Provisioning and Income Recognition) Directions, 2026",PDF,cached,2026-08-12T19:00:59.534823+00:00,/Users/karan/Downloads/carbon-tracker 3/Capstone_project/data/raw/master_directions/md_13400.pdf,5502230de716c6011676ae800cb05dab0331908830961de00575772dbd31e86d,Commercial Banks,"Asset Classification, Provisioning and Income Recognition",Commercial Banks,,rbi_master_directions,primary_corpus
md_13319,https://rbidocs.rbi.org.in/rdocs/notification/PDFs/387MD1003202698CBFA3D29254532B33C97C231B6F7D8.PDF,"Reserve Bank of India (Commercial Banks – Prudential Norms on Declaration of Dividend and Remittances of Profits) Directions, 2026",PDF,cached,2026-08-12T19:00:59.535530+00:00,/Users/karan/Downloads/carbon-tracker 3/Capstone_project/data/raw/master_directions/md_13319.pdf,15f0b85d323c7d12bf7bbf503e6255579c4580158276f6d291514be648b082f7,Commercial Banks,Prudential Norms on Declaration of Dividend and Remittances of Profits,Commercial Banks,,rbi_master_directions,primary_corpus
md_13136,https://rbidocs.rbi.org.in/rdocs/notification/PDFs/174MD.PDF,"Reserve Bank of India (Commercial Banks – Miscellaneous) Directions, 2025",PDF,cached,2026-08-12T19:00:59.535926+00:00,/Users/karan/Downloads/carbon-tracker 3/Capstone_project/data/raw/master_directions/md_13136.pdf,56a3e1cb34e60cedb93fb576670583679eed271c944db7b967728cbdee798e28,Commercial Banks,Miscellaneous,Commercial Banks,,rbi_master_directions,primary_corpus
md_13137,https://rbidocs.rbi.org.in/rdocs/notification/PDFs/173MD.PDF,"Reserve Bank of India (Commercial Banks – Forthcoming Instructions) Directions, 2025",PDF,cached,2026-08-12T19:00:59.537152+00:00,/Users/karan/Downloads/carbon-tracker 3/Capstone_project/data/raw/master_directions/md_13137.pdf,414ca40948d08980376496508fee846242da505c3f6d959ed9b1cfccb8f5e39f,Commercial Banks,Forthcoming Instructions,Commercial Banks,,rbi_master_directions,primary_corpus
md_13138,https://rbidocs.rbi.org.in/rdocs/notification/PDFs/172MD.PDF,"Reserve Bank of India (Commercial Banks - Climate Finance and Management of Climate Change Risks) Directions, 2025",PDF,cached,2026-08-12T19:00:59.537873+00:00,/Users/karan/Downloads/carbon-tracker 3/Capstone_project/data/raw/master_directions/md_13138.pdf,b5fdb626f9dc93393ebf9ae8cdc3bb096deba128f4cb94177b7e08ea5df0baf0,Commercial Banks,Climate Finance and Management of Climate Change Risks,Commercial Banks,,rbi_master_directions,primary_corpus
md_13139,https://rbidocs.rbi.org.in/rdocs/notification/PDFs/171MD.PDF,"Reserve Bank of India (Commercial Banks – Managing Risks in Outsourcing) Directions, 2025",PDF,cached,2026-08-12T19:00:59.538161+00:00,/Users/karan/Downloads/carbon-tracker 3/Capstone_project/data/raw/master_directions/md_13139.pdf,f86e3712e6a14894c30c91e93c0e16028ff41008c52b4c3b98b2f843a22bc68a,Commercial Banks,Managing Risks in Outsourcing,Commercial Banks,,rbi_master_directions,primary_corpus
md_13140,https://rbidocs.rbi.org.in/rdocs/notification/PDFs/170MD.PDF,"Reserve Bank of India (Commercial Banks – Responsible Business Conduct) Directions, 2025 (Updated as on July 1, 2026)",PDF,cached,2026-08-12T19:00:59.538539+00:00,/Users/karan/Downloads/carbon-tracker 3/Capstone_project/data/raw/master_directions/md_13140.pdf,db696bdf895d00a876a28df87e1e1c89151a679c01f3657a837a2adab67b54b9,Commercial Banks,Responsible Business Conduct,Commercial Banks,,rbi_master_directions,primary_corpus
md_13141,https://rbidocs.rbi.org.in/rdocs/notification/PDFs/169MD.PDF,"Reserve Bank of India (Commercial Banks – Know Your Customer) Directions, 2025 (Updated as on December 29, 2025)",PDF,cached,2026-08-12T19:00:59.539388+00:00,/Users/karan/Downloads/carbon-tracker 3/Capstone_project/data/raw/master_directions/md_13141.pdf,3d1ea749363fd1dee12140292b67e6a78d53089a0976d9fe7de1926da4a5adf6,Commercial Banks,Know Your Customer,Commercial Banks,,rbi_master_directions,primary_corpus
md_13143,https://rbidocs.rbi.org.in/rdocs/notification/PDFs/167MD.PDF,"Reserve Bank of India (Commercial Banks - Financial Statements: Presentation and Disclosures) Directions, 2025 (Updated as on July 01, 2026)",PDF,cached,2026-08-12T19:00:59.539963+00:00,/Users/karan/Downloads/carbon-tracker 3/Capstone_project/data/raw/master_directions/md_13143.pdf,ffb24884615b1b6e93261045db311e9f1f22ce36a47a1290cfaf62ca0e04bc30,Commercial Banks,Financial Statements: Presentation and Disclosures,Commercial Banks,,rbi_master_directions,primary_corpus
md_13144,https://rbidocs.rbi.org.in/rdocs/notification/PDFs/166MD.PDF,"Reserve Bank of India (Commercial Banks – Treatment of Wilful Defaulters and Large Defaulters) Directions, 2025",PDF,cached,2026-08-12T19:00:59.540918+00:00,/Users/karan/Downloads/carbon-tracker 3/Capstone_project/data/raw/master_directions/md_13144.pdf,3cd6ae58500dc8dc470b214e47a7ec87c1f423c7a3607d56c38bd0023f3dd97b,Commercial Banks,Treatment of Wilful Defaulters and Large Defaulters,Commercial Banks,,rbi_master_directions,primary_corpus
md_13145,https://rbidocs.rbi.org.in/rdocs/notification/PDFs/165MD.PDF,"Reserve Bank of India (Commercial Banks – Resolution of Stressed Assets) Directions, 2025 (updated as on July 01, 2026)",PDF,cached,2026-08-12T19:00:59.541342+00:00,/Users/karan/Downloads/carbon-tracker 3/Capstone_project/data/raw/master_directions/md_13145.pdf,d17fc1fe81a762bb4d1fbf265b0d3f278bf42bea393f601215ffbf388c19a96b,Commercial Banks,Resolution of Stressed Assets,Commercial Banks,,rbi_master_directions,primary_corpus
md_13146,https://rbidocs.rbi.org.in/rdocs/notification/PDFs/164MD.PDF,"Reserve Bank of India (Commercial Banks – Income Recognition, Asset Classification and Provisioning) Directions, 2025 (updated as on July 01, 2026)",PDF,cached,2026-08-12T19:00:59.541790+00:00,/Users/karan/Downloads/carbon-tracker 3/Capstone_project/data/raw/master_directions/md_13146.pdf,a46bcc439c129eefd393092f48f000c50c07febe7fb4806ec53624186dc23d53,Commercial Banks,"Income Recognition, Asset Classification and Provisioning",Commercial Banks,,rbi_master_directions,primary_corpus
md_13147,https://rbidocs.rbi.org.in/rdocs/notification/PDFs/163MD.PDF,"Reserve Bank of India (Commercial Banks – Asset Liability Management) Directions, 2025",PDF,cached,2026-08-12T19:00:59.542346+00:00,/Users/karan/Downloads/carbon-tracker 3/Capstone_project/data/raw/master_directions/md_13147.pdf,f7ead6579b5e79bb0356c2b99b3c7287268331a2053c63913552a2a081f6793f,Commercial Banks,Asset Liability Management,Commercial Banks,,rbi_master_directions,primary_corpus
md_13148,https://rbidocs.rbi.org.in/rdocs/notification/PDFs/162MD.PDF,"Reserve Bank of India (Commercial Banks – Classification, Valuation and Operation of Investment Portfolio) Directions, 2025 (Updated as on May 18, 2026)",PDF,cached,2026-08-12T19:00:59.543780+00:00,/Users/karan/Downloads/carbon-tracker 3/Capstone_project/data/raw/master_directions/md_13148.pdf,ad0001fa5f9c501eba930e8b17655eeeb9d0f72d61b1ef9b73c44871c792b750,Commercial Banks,"Classification, Valuation and Operation of Investment Portfolio",Commercial Banks,,rbi_master_directions,primary_corpus
md_13149,https://rbidocs.rbi.org.in/rdocs/notification/PDFs/161MD.PDF,"Reserve Bank of India (Commercial Banks – Interest Rates on Advances) Directions, 2025",PDF,cached,2026-08-12T19:00:59.544465+00:00,/Users/karan/Downloads/carbon-tracker 3/Capstone_project/data/raw/master_directions/md_13149.pdf,3e9a0ff82ed85195d517cb91867dc3db26d88430843e2cef3e377d4790b36cc4,Commercial Banks,Interest Rates on Advances,Commercial Banks,,rbi_master_directions,primary_corpus
md_13150,https://rbidocs.rbi.org.in/rdocs/notification/PDFs/160MD.PDF,"Reserve Bank of India (Commercial Banks – Securitisation Transactions) Directions, 2025",PDF,cached,2026-08-12T19:00:59.544778+00:00,/Users/karan/Downloads/carbon-tracker 3/Capstone_project/data/raw/master_directions/md_13150.pdf,47a1eb77ca020da73f04e83f4d8f49db422fd6fdec6c769cc5a875e19b178a92,Commercial Banks,Securitisation Transactions,Commercial Banks,,rbi_master_directions,primary_corpus
md_13151,https://rbidocs.rbi.org.in/rdocs/notification/PDFs/159MD.PDF,"Reserve Bank of India (Commercial Banks - Transfer and Distribution of Credit Risk) Directions, 2025",PDF,cached,2026-08-12T19:00:59.545184+00:00,/Users/karan/Downloads/carbon-tracker 3/Capstone_project/data/raw/master_directions/md_13151.pdf,6047016c0c863470ea3acb2fe2f82667bc958f5397b937345a87db587952e474,Commercial Banks,Transfer and Distribution of Credit Risk,Commercial Banks,,rbi_master_directions,primary_corpus
md_13152,https://rbidocs.rbi.org.in/rdocs/notification/PDFs/158MD.PDF,"Reserve Bank of India (Commercial Banks – Concentration Risk Management) Directions, 2025 (Updated as on July 01, 2026)",PDF,cached,2026-08-12T19:00:59.545630+00:00,/Users/karan/Downloads/carbon-tracker 3/Capstone_project/data/raw/master_directions/md_13152.pdf,ffd58a5716ef6c5657f34ba370ef3067b5900de8eeb59e6e7694f331ad05a96a,Commercial Banks,Concentration Risk Management,Commercial Banks,,rbi_master_directions,primary_corpus
md_13153,https://rbidocs.rbi.org.in/rdocs/notification/PDFs/157MD.PDF,"Reserve Bank of India (Commercial Banks – Credit Risk Management) Directions, 2025 (Updated as on July 01, 2026)",PDF,cached,2026-08-12T19:00:59.546260+00:00,/Users/karan/Downloads/carbon-tracker 3/Capstone_project/data/raw/master_directions/md_13153.pdf,8775fb9c9e3b82111fa6739bc70329f29b4a48d70eb97d30d6128c7ee3d9ed78,Commercial Banks,Credit Risk Management,Commercial Banks,,rbi_master_directions,primary_corpus
md_13154,https://rbidocs.rbi.org.in/rdocs/notification/PDFs/156MD.PDF,"Reserve Bank of India (Commercial Banks – Credit Information Reporting) Directions, 2025 (Updated as on July 01, 2026)",PDF,cached,2026-08-12T19:00:59.546722+00:00,/Users/karan/Downloads/carbon-tracker 3/Capstone_project/data/raw/master_directions/md_13154.pdf,f5c05a8b70f3760ca7c6b39b3baa2fc55e3102a3f3d55186e8a61e89011455aa,Commercial Banks,Credit Information Reporting,Commercial Banks,,rbi_master_directions,primary_corpus
md_13155,https://rbidocs.rbi.org.in/rdocs/notification/PDFs/155MD.PDF,"Reserve Bank of India (Commercial Banks – Credit Cards and Debit Cards: Issuance and Conduct) Directions, 2025",PDF,cached,2026-08-12T19:00:59.547419+00:00,/Users/karan/Downloads/carbon-tracker 3/Capstone_project/data/raw/master_directions/md_13155.pdf,979bc463a44778652b64ba809f5c407b3c5e7a14280e8bae2e6ea0c836e9ab4a,Commercial Banks,Credit Cards and Debit Cards: Issuance and Conduct,Commercial Banks,,rbi_master_directions,primary_corpus
md_13156,https://rbidocs.rbi.org.in/rdocs/notification/PDFs/154MD.PDF,"Reserve Bank of India (Commercial Banks – Credit Facilities) Directions, 2025 (Updated as on July 15, 2026)",PDF,cached,2026-08-12T19:00:59.547812+00:00,/Users/karan/Downloads/carbon-tracker 3/Capstone_project/data/raw/master_directions/md_13156.pdf,7e35cbf3b35f7e267906ed72c0153ca46c9d88d8faded24a0f1efe21f83e83c8,Commercial Banks,Credit Facilities,Commercial Banks,,rbi_master_directions,primary_corpus
md_13157,https://rbidocs.rbi.org.in/rdocs/notification/PDFs/153MD.PDF,"Reserve Bank of India (Commercial Banks – Interest Rate on Deposits) Directions, 2025 (Updated as on June 17, 2026)",PDF,cached,2026-08-12T19:00:59.548654+00:00,/Users/karan/Downloads/carbon-tracker 3/Capstone_project/data/raw/master_directions/md_13157.pdf,65a32960834c35e0e75c52388cdd2f92d2ad4bed73b2ce9fd750b4e74d25556d,Commercial Banks,Interest Rate on Deposits,Commercial Banks,,rbi_master_directions,primary_corpus
md_13158,https://rbidocs.rbi.org.in/rdocs/notification/PDFs/152MD.PDF,"Reserve Bank of India (Commercial Banks – Resource Raising Norms) Directions, 2025",PDF,cached,2026-08-12T19:00:59.549015+00:00,/Users/karan/Downloads/carbon-tracker 3/Capstone_project/data/raw/master_directions/md_13158.pdf,0c03ea983f666f7e15165d37bf980b8449ea2cef9874ef9e75b7bb93235c380a,Commercial Banks,Resource Raising Norms,Commercial Banks,,rbi_master_directions,primary_corpus
md_13159,https://rbidocs.rbi.org.in/rdocs/notification/PDFs/151MD.PDF,"Reserve Bank of India (Commercial Banks - Prudential Norms on Capital Adequacy) Directions, 2025 (Updated as on July 01, 2026)",PDF,cached,2026-08-12T19:00:59.549274+00:00,/Users/karan/Downloads/carbon-tracker 3/Capstone_project/data/raw/master_directions/md_13159.pdf,98673deb6667ae9d2b9acb67b1de2900d253b1f498b7b0dc5bfb8dc6c665896c,Commercial Banks,Prudential Norms on Capital Adequacy,Commercial Banks,,rbi_master_directions,primary_corpus
md_13160,https://rbidocs.rbi.org.in/rdocs/notification/PDFs/150MD.PDF,"Reserve Bank of India (Commercial Banks – Cash Reserve Ratio and Statutory Liquidity Ratio) Directions, 2025 (Updated as on June 19, 2026)",PDF,cached,2026-08-12T19:00:59.551317+00:00,/Users/karan/Downloads/carbon-tracker 3/Capstone_project/data/raw/master_directions/md_13160.pdf,3fb09f733e5236d73654b0ea63ef281cf42b89fbe22b5c715a14a87a56eda80b,Commercial Banks,Cash Reserve Ratio and Statutory Liquidity Ratio,Commercial Banks,,rbi_master_directions,primary_corpus
md_13161,https://rbidocs.rbi.org.in/rdocs/notification/PDFs/149MD.PDF,"Reserve Bank of India (Commercial Banks - Governance) Directions, 2025",PDF,cached,2026-08-12T19:00:59.551843+00:00,/Users/karan/Downloads/carbon-tracker 3/Capstone_project/data/raw/master_directions/md_13161.pdf,3a17083031978b28aefa7ef4993f5eec8a85dc2da9967d9199c3ec5a07f20fa7,Commercial Banks,Governance,Commercial Banks,,rbi_master_directions,primary_corpus
md_13162,https://rbidocs.rbi.org.in/rdocs/notification/PDFs/148MD.PDF,"Reserve Bank of India (Commercial Banks – Undertaking of Financial Services) Directions, 2025 (Updated as on July 01, 2026)",PDF,cached,2026-08-12T19:00:59.552392+00:00,/Users/karan/Downloads/carbon-tracker 3/Capstone_project/data/raw/master_directions/md_13162.pdf,b72163010837b094ce21fcf2ed16081d69868e7147e6a94cb6bc0f750abd1c3d,Commercial Banks,Undertaking of Financial Services,Commercial Banks,,rbi_master_directions,primary_corpus
md_13163,https://rbidocs.rbi.org.in/rdocs/notification/PDFs/380MD.PDF,"Reserve Bank of India (Commercial Banks – Digital Banking Channels Authorisation) Directions, 2025",PDF,cached,2026-08-12T19:00:59.552764+00:00,/Users/karan/Downloads/carbon-tracker 3/Capstone_project/data/raw/master_directions/md_13163.pdf,bff23ad6d0b98ce0ca2ac9f4d44bb9e8e5ad6f3a6c0206d6a21743004e053132,Commercial Banks,Digital Banking Channels Authorisation,Commercial Banks,,rbi_master_directions,primary_corpus
md_13164,https://rbidocs.rbi.org.in/rdocs/notification/PDFs/147MD.PDF,"Reserve Bank of India (Commercial Banks - Branch Authorisation) Directions, 2025",PDF,cached,2026-08-12T19:00:59.553021+00:00,/Users/karan/Downloads/carbon-tracker 3/Capstone_project/data/raw/master_directions/md_13164.pdf,ce48233fee370def5a75144aba46b3c88a849ed8c44725bf3286154d5f5544e3,Commercial Banks,Branch Authorisation,Commercial Banks,,rbi_master_directions,primary_corpus
md_13165,https://rbidocs.rbi.org.in/rdocs/notification/PDFs/146MD.PDF,"Reserve Bank of India (Commercial Banks – Voluntary Amalgamation) Directions, 2025",PDF,cached,2026-08-12T19:00:59.553542+00:00,/Users/karan/Downloads/carbon-tracker 3/Capstone_project/data/raw/master_directions/md_13165.pdf,a4242b7f5c3de494e7ffaf43f1e29d9d8b8b199d8863f7fa2932f6d2df91b93b,Commercial Banks,Voluntary Amalgamation,Commercial Banks,,rbi_master_directions,primary_corpus
md_13166,https://rbidocs.rbi.org.in/rdocs/notification/PDFs/145MD.PDF,"Reserve Bank of India (Commercial Banks – Acquisition and Holding of Shares or Voting Rights) Directions, 2025",PDF,cached,2026-08-12T19:00:59.553842+00:00,/Users/karan/Downloads/carbon-tracker 3/Capstone_project/data/raw/master_directions/md_13166.pdf,9bd2eff6b09f45ccaa55ab3812e0f12a93260e2e59f91e9a9c451391969b53c0,Commercial Banks,Acquisition and Holding of Shares or Voting Rights,Commercial Banks,,rbi_master_directions,primary_corpus
md_13167,https://rbidocs.rbi.org.in/rdocs/notification/PDFs/144MD.PDF,"Reserve Bank of India (Setting Up of Wholly Owned Subsidiaries by Foreign Banks) Guidelines, 2025 (Updated as on April 1, 2026)",PDF,cached,2026-08-12T19:00:59.554193+00:00,/Users/karan/Downloads/carbon-tracker 3/Capstone_project/data/raw/master_directions/md_13167.pdf,fa3574764e065272dfc5ef639eb94608abb016accd9a0968562bf74a63d9fc9f,Commercial Banks,(Setting Up of Wholly Owned Subsidiaries by Foreign Banks),Commercial Banks,,rbi_master_directions,primary_corpus
md_13168,https://rbidocs.rbi.org.in/rdocs/notification/PDFs/143MD.PDF,"Reserve Bank of India (Universal Banks – Licensing) Guidelines, 2025",PDF,cached,2026-08-12T19:00:59.554485+00:00,/Users/karan/Downloads/carbon-tracker 3/Capstone_project/data/raw/master_directions/md_13168.pdf,0909eadd6892d99a1e4ec7a20535d5163818bef634ef579344156634139b27d0,Universal Banks,Licensing,Commercial Banks,,rbi_master_directions,primary_corpus
md_13328,https://rbidocs.rbi.org.in/rdocs/notification/PDFs/391MD10032026DEA2C866625C478D9F4CC695FCA60B68.PDF,"Reserve Bank of India (Small Finance Banks – Prudential Norms on Declaration of Dividend) Directions, 2026",PDF,cached,2026-08-12T19:00:59.554970+00:00,/Users/karan/Downloads/carbon-tracker 3/Capstone_project/data/raw/master_directions/md_13328.pdf,6c4f01a4ff735a9aa058197eb238e82dd67e5b87b655cba83f9f90ce4d4c5889,Small Finance Banks,Prudential Norms on Declaration of Dividend,Small Finance Banks,,rbi_master_directions,primary_corpus
md_13105,https://rbidocs.rbi.org.in/rdocs/notification/PDFs/204MD.PDF,"Reserve Bank of India (Small Finance Banks – Miscellaneous) Directions, 2025",PDF,cached,2026-08-12T19:00:59.555347+00:00,/Users/karan/Downloads/carbon-tracker 3/Capstone_project/data/raw/master_directions/md_13105.pdf,a8bfe97997b8bc6353cf8586044fb53877ce219e12dcabec2bd038781819b9c4,Small Finance Banks,Miscellaneous,Small Finance Banks,,rbi_master_directions,primary_corpus
md_13106,https://rbidocs.rbi.org.in/rdocs/notification/PDFs/203MD.PDF,"Reserve Bank of India (Small Finance Banks – Climate Finance and Management of Climate Change Risks) Directions, 2025",PDF,cached,2026-08-12T19:00:59.556426+00:00,/Users/karan/Downloads/carbon-tracker 3/Capstone_project/data/raw/master_directions/md_13106.pdf,2959913be7de4df03b0be5cbb14b0a47bbb6162c653c467734d273f339bdb810,Small Finance Banks,Climate Finance and Management of Climate Change Risks,Small Finance Banks,,rbi_master_directions,primary_corpus
md_13107,https://rbidocs.rbi.org.in/rdocs/notification/PDFs/202MD.PDF,"Reserve Bank of India (Small Finance Banks – Managing Risks in Outsourcing) Directions, 2025",PDF,cached,2026-08-12T19:00:59.556710+00:00,/Users/karan/Downloads/carbon-tracker 3/Capstone_project/data/raw/master_directions/md_13107.pdf,eb2909976956822b5112a6ffcbb98ff4e6dad1923b401e1663074d3a8a82107e,Small Finance Banks,Managing Risks in Outsourcing,Small Finance Banks,,rbi_master_directions,primary_corpus
md_13108,https://rbidocs.rbi.org.in/rdocs/notification/PDFs/201MD.PDF,"Reserve Bank of India (Small Finance Banks – Responsible Business Conduct) Directions, 2025 (Updated as on July 1, 2026)",PDF,cached,2026-08-12T19:00:59.557089+00:00,/Users/karan/Downloads/carbon-tracker 3/Capstone_project/data/raw/master_directions/md_13108.pdf,89fe09150666e215cd4bb67449ca695cec6532d2cf8a551d25c3f3edf6b1a848,Small Finance Banks,Responsible Business Conduct,Small Finance Banks,,rbi_master_directions,primary_corpus
md_13109,https://rbidocs.rbi.org.in/rdocs/notification/PDFs/200MD.PDF,"Reserve Bank of India (Small Finance Banks – Know Your Customer) Directions, 2025 (Updated as on December 29, 2025)",PDF,cached,2026-08-12T19:00:59.557939+00:00,/Users/karan/Downloads/carbon-tracker 3/Capstone_project/data/raw/master_directions/md_13109.pdf,0182c3b409a23d27f71572c3bafd864a3f8d14f72f550ece0571708fe4cb2109,Small Finance Banks,Know Your Customer,Small Finance Banks,,rbi_master_directions,primary_corpus
md_13111,https://rbidocs.rbi.org.in/rdocs/notification/PDFs/198MD.PDF,"Reserve Bank of India (Small Finance Banks - Financial Statements: Presentation and Disclosures) Directions, 2025 (Updated as on July 01, 2026)",PDF,cached,2026-08-12T19:00:59.558518+00:00,/Users/karan/Downloads/carbon-tracker 3/Capstone_project/data/raw/master_directions/md_13111.pdf,372afb5e94107d335b5b537aeb5f3c18d4c5be67ed23d91246d453f209a12eec,Small Finance Banks,Financial Statements: Presentation and Disclosures,Small Finance Banks,,rbi_master_directions,primary_corpus
md_13112,https://rbidocs.rbi.org.in/rdocs/notification/PDFs/197MD.PDF,"Reserve Bank of India (Small Finance Banks – Treatment of Wilful Defaulters and Large Defaulters) Directions, 2025",PDF,cached,2026-08-12T19:00:59.559623+00:00,/Users/karan/Downloads/carbon-tracker 3/Capstone_project/data/raw/master_directions/md_13112.pdf,9c98cba8f50a0ef14e2470d9ae78c11a0e5e566dabc60e544a74294c05aee9bb,Small Finance Banks,Treatment of Wilful Defaulters and Large Defaulters,Small Finance Banks,,rbi_master_directions,primary_corpus
md_13113,https://rbidocs.rbi.org.in/rdocs/notification/PDFs/196MD.PDF,"Reserve Bank of India (Small Finance Banks – Resolution of Stressed Assets) Directions, 2025 (Updated as on July 01, 2026)",PDF,cached,2026-08-12T19:00:59.560130+00:00,/Users/karan/Downloads/carbon-tracker 3/Capstone_project/data/raw/master_directions/md_13113.pdf,f9a3d6ac1b4f367632eaaec78d5a9d81f6a5589cf396d8147cd4e65bfbe8f4f6,Small Finance Banks,Resolution of Stressed Assets,Small Finance Banks,,rbi_master_directions,primary_corpus
md_13114,https://rbidocs.rbi.org.in/rdocs/notification/PDFs/195MD.PDF,"Reserve Bank of India (Small Finance Banks – Income Recognition, Asset Classification and Provisioning) Directions, 2025 (Updated as on July 01, 2026)",PDF,cached,2026-08-12T19:00:59.560656+00:00,/Users/karan/Downloads/carbon-tracker 3/Capstone_project/data/raw/master_directions/md_13114.pdf,72bd6f75947ad382f20ce0c9f204cdcbe4ac8516b03beda6c53dad581ec706e3,Small Finance Banks,"Income Recognition, Asset Classification and Provisioning",Small Finance Banks,,rbi_master_directions,primary_corpus
md_13115,https://rbidocs.rbi.org.in/rdocs/notification/PDFs/194MD.PDF,"Reserve Bank of India (Small Finance Banks – Asset Liability Management) Directions, 2025",PDF,cached,2026-08-12T19:00:59.561122+00:00,/Users/karan/Downloads/carbon-tracker 3/Capstone_project/data/raw/master_directions/md_13115.pdf,b9ac5ae6917a130114aae8b5887922503bebdcd8528b000d84642e653750c265,Small Finance Banks,Asset Liability Management,Small Finance Banks,,rbi_master_directions,primary_corpus
md_13116,https://rbidocs.rbi.org.in/rdocs/notification/PDFs/193MD.PDF,"Reserve Bank of India (Small Finance Banks – Classification, Valuation and Operation of Investment Portfolio) Directions, 2025 (Updated as on May 18, 2026)",PDF,cached,2026-08-12T19:00:59.562518+00:00,/Users/karan/Downloads/carbon-tracker 3/Capstone_project/data/raw/master_directions/md_13116.pdf,7dcbaaaf36f82d20ca271b9305757db2adba58c4d5d290f7a817e42738d17ed5,Small Finance Banks,"Classification, Valuation and Operation of Investment Portfolio",Small Finance Banks,,rbi_master_directions,primary_corpus
md_13117,https://rbidocs.rbi.org.in/rdocs/notification/PDFs/192MD.PDF,"Reserve Bank of India (Small Finance Banks – Interest Rates on Advances) Directions, 2025",PDF,cached,2026-08-12T19:00:59.563326+00:00,/Users/karan/Downloads/carbon-tracker 3/Capstone_project/data/raw/master_directions/md_13117.pdf,0393be156159b48e698d117354228b487141be70dcb85fe5e02e98eea4247aa6,Small Finance Banks,Interest Rates on Advances,Small Finance Banks,,rbi_master_directions,primary_corpus
md_13118,https://rbidocs.rbi.org.in/rdocs/notification/PDFs/191MD.PDF,"Reserve Bank of India (Small Finance Banks – Securitisation Transactions) Directions, 2025",PDF,cached,2026-08-12T19:00:59.563673+00:00,/Users/karan/Downloads/carbon-tracker 3/Capstone_project/data/raw/master_directions/md_13118.pdf,4f0ea4221ea163af6680915abb690c3a0f336494dcd8f22627ac7faf4a206d79,Small Finance Banks,Securitisation Transactions,Small Finance Banks,,rbi_master_directions,primary_corpus
md_13119,https://rbidocs.rbi.org.in/rdocs/notification/PDFs/190MD.PDF,"Reserve Bank of India (Small Finance Banks – Transfer and Distribution of Credit Risk) Directions, 2025",PDF,cached,2026-08-12T19:00:59.564076+00:00,/Users/karan/Downloads/carbon-tracker 3/Capstone_project/data/raw/master_directions/md_13119.pdf,fc445b9c7fd299573da9ad80ac33854647833bcafd552d01b3ffbe40aa120b53,Small Finance Banks,Transfer and Distribution of Credit Risk,Small Finance Banks,,rbi_master_directions,primary_corpus
md_13120,https://rbidocs.rbi.org.in/rdocs/notification/PDFs/189MD.PDF,"Reserve Bank of India (Small Finance Banks – Concentration Risk Management) Directions, 2025 (Updated as on July 01, 2026)",PDF,cached,2026-08-12T19:00:59.564534+00:00,/Users/karan/Downloads/carbon-tracker 3/Capstone_project/data/raw/master_directions/md_13120.pdf,b346d371b43b8969192b9c2ba90260994c941e8523a7bae370586f0ebf1b201b,Small Finance Banks,Concentration Risk Management,Small Finance Banks,,rbi_master_directions,primary_corpus
md_13121,https://rbidocs.rbi.org.in/rdocs/notification/PDFs/188MD.PDF,"Reserve Bank of India (Small Finance Banks – Credit Risk Management) Directions, 2025 (Updated as on July 01, 2026)",PDF,cached,2026-08-12T19:00:59.564919+00:00,/Users/karan/Downloads/carbon-tracker 3/Capstone_project/data/raw/master_directions/md_13121.pdf,dec4b17c5e902e23d2e3860d9d891cb0fb27265cc73b48583014743b4ba85bb6,Small Finance Banks,Credit Risk Management,Small Finance Banks,,rbi_master_directions,primary_corpus
md_13122,https://rbidocs.rbi.org.in/rdocs/notification/PDFs/187MD.PDF,"Reserve Bank of India (Small Finance Banks – Credit Information Reporting) Directions, 2025 (Updated as on July 01, 2026)",PDF,cached,2026-08-12T19:00:59.565342+00:00,/Users/karan/Downloads/carbon-tracker 3/Capstone_project/data/raw/master_directions/md_13122.pdf,57956e2207a7b27c75c5fc83a50a25925f9a6efa20fc786e9b12c81ee1482f3e,Small Finance Banks,Credit Information Reporting,Small Finance Banks,,rbi_master_directions,primary_corpus
md_13123,https://rbidocs.rbi.org.in/rdocs/notification/PDFs/186MD.PDF,"Reserve Bank of India (Small Finance Banks – Credit Cards and Debit Cards: Issuance and Conduct) Directions, 2025",PDF,cached,2026-08-12T19:00:59.566067+00:00,/Users/karan/Downloads/carbon-tracker 3/Capstone_project/data/raw/master_directions/md_13123.pdf,73b318b35e90c06c14944776a8dbbf10fbe2165b27c931ec8838308fa63830ac,Small Finance Banks,Credit Cards and Debit Cards: Issuance and Conduct,Small Finance Banks,,rbi_master_directions,primary_corpus
md_13124,https://rbidocs.rbi.org.in/rdocs/notification/PDFs/185MD.PDF,"Reserve Bank of India (Small Finance Banks – Credit Facilities) Directions, 2025 (Updated as on July 15, 2026)",PDF,cached,2026-08-12T19:00:59.566457+00:00,/Users/karan/Downloads/carbon-tracker 3/Capstone_project/data/raw/master_directions/md_13124.pdf,004a1a45c7924ee199f077261e933d33bc38c74dbeb99f77448b02c782ab2cdb,Small Finance Banks,Credit Facilities,Small Finance Banks,,rbi_master_directions,primary_corpus
md_13125,https://rbidocs.rbi.org.in/rdocs/notification/PDFs/184MD.PDF,"Reserve Bank of India (Small Finance Banks – Interest Rate on Deposits) Directions, 2025 (Updated as on June 17, 2026)",PDF,cached,2026-08-12T19:00:59.567290+00:00,/Users/karan/Downloads/carbon-tracker 3/Capstone_project/data/raw/master_directions/md_13125.pdf,3fbc99fd6206a802cab59e344bdeb7fb81554c6f89389f70101882a1438e7f93,Small Finance Banks,Interest Rate on Deposits,Small Finance Banks,,rbi_master_directions,primary_corpus
md_13126,https://rbidocs.rbi.org.in/rdocs/notification/PDFs/183MD.PDF,"Reserve Bank of India (Small Finance Banks - Resource Raising Norms) Directions, 2025",PDF,cached,2026-08-12T19:00:59.567648+00:00,/Users/karan/Downloads/carbon-tracker 3/Capstone_project/data/raw/master_directions/md_13126.pdf,30cf3b8a0f438b1d71fc0c468b9d2e485a761fb6912c857060d7acb24927f624,Small Finance Banks,Resource Raising Norms,Small Finance Banks,,rbi_master_directions,primary_corpus
md_13127,https://rbidocs.rbi.org.in/rdocs/notification/PDFs/182MD.PDF,"Reserve Bank of India (Small Finance Banks – Prudential Norms on Capital Adequacy) Directions, 2025 (Updated as on July 01, 2026)",PDF,cached,2026-08-12T19:00:59.567933+00:00,/Users/karan/Downloads/carbon-tracker 3/Capstone_project/data/raw/master_directions/md_13127.pdf,753097d3582e5ad5c51eda05946c4a8cf39faa06b093a901e7c74a3538924ef2,Small Finance Banks,Prudential Norms on Capital Adequacy,Small Finance Banks,,rbi_master_directions,primary_corpus
md_13128,https://rbidocs.rbi.org.in/rdocs/notification/PDFs/181MD.PDF,"Reserve Bank of India (Small Finance Banks – Cash Reserve Ratio and Statutory Liquidity Ratio) Directions, 2025 (Updated as on June 19, 2026)",PDF,cached,2026-08-12T19:00:59.569541+00:00,/Users/karan/Downloads/carbon-tracker 3/Capstone_project/data/raw/master_directions/md_13128.pdf,ea7291d37015d7c24aa5a1c31e36a102820a01f7e6fec632e4d3a50a49f91194,Small Finance Banks,Cash Reserve Ratio and Statutory Liquidity Ratio,Small Finance Banks,,rbi_master_directions,primary_corpus
md_13129,https://rbidocs.rbi.org.in/rdocs/notification/PDFs/180MD.PDF,"Reserve Bank of India (Small Finance Banks – Governance) Directions, 2025",PDF,cached,2026-08-12T19:00:59.570015+00:00,/Users/karan/Downloads/carbon-tracker 3/Capstone_project/data/raw/master_directions/md_13129.pdf,97f537cc9d9ae4598a86cd2011c62eadb96d7eead8a0cce72cdf9d0bcfdbecba,Small Finance Banks,Governance,Small Finance Banks,,rbi_master_directions,primary_corpus
md_13130,https://rbidocs.rbi.org.in/rdocs/notification/PDFs/179MD.PDF,"Reserve Bank of India (Small Finance Banks – Undertaking of Financial Services) Directions, 2025 (Updated as on April 27, 2026)",PDF,cached,2026-08-12T19:00:59.570557+00:00,/Users/karan/Downloads/carbon-tracker 3/Capstone_project/data/raw/master_directions/md_13130.pdf,d97e2f9a221c760bee6e1ef56ae0be182a3f80390a76a733a83b4f20444c4d35,Small Finance Banks,Undertaking of Financial Services,Small Finance Banks,,rbi_master_directions,primary_corpus
md_13131,https://rbidocs.rbi.org.in/rdocs/notification/PDFs/381MD.PDF,"Reserve Bank of India (Small Finance Banks – Digital Banking Channels Authorisation) Directions, 2025",PDF,cached,2026-08-12T19:00:59.570857+00:00,/Users/karan/Downloads/carbon-tracker 3/Capstone_project/data/raw/master_directions/md_13131.pdf,5c3cd185276be46df997b825a7c186ac2dca5e5fdd84ec5c19bdcbe553e47e2c,Small Finance Banks,Digital Banking Channels Authorisation,Small Finance Banks,,rbi_master_directions,primary_corpus
md_13132,https://rbidocs.rbi.org.in/rdocs/notification/PDFs/178MD.PDF,"Reserve Bank of India (Small Finance Banks – Branch Authorisation) Directions, 2025",PDF,cached,2026-08-12T19:00:59.571103+00:00,/Users/karan/Downloads/carbon-tracker 3/Capstone_project/data/raw/master_directions/md_13132.pdf,034b031aecc6ceaa2310c73003b9b8030b71b98faf0ab97e4687c8087cf53de7,Small Finance Banks,Branch Authorisation,Small Finance Banks,,rbi_master_directions,primary_corpus
md_13133,https://rbidocs.rbi.org.in/rdocs/notification/PDFs/177MD.PDF,"Reserve Bank of India (Small Finance Banks - Voluntary Amalgamation) Directions, 2025",PDF,cached,2026-08-12T19:00:59.571515+00:00,/Users/karan/Downloads/carbon-tracker 3/Capstone_project/data/raw/master_directions/md_13133.pdf,dd4ebeafba516bb987da527f4c1ad997f2ce27b97a560a56cdc7695d44a602f5,Small Finance Banks,Voluntary Amalgamation,Small Finance Banks,,rbi_master_directions,primary_corpus
md_13134,https://rbidocs.rbi.org.in/rdocs/notification/PDFs/176MD.PDF,"Reserve Bank of India (Small Finance Banks – Acquisition and Holding of Shares or Voting Rights) Directions, 2025",PDF,cached,2026-08-12T19:00:59.571808+00:00,/Users/karan/Downloads/carbon-tracker 3/Capstone_project/data/raw/master_directions/md_13134.pdf,27221a5b7c73011ff07a98d13980f976a5ca1f5e3b6c926eea769e46fb99a619,Small Finance Banks,Acquisition and Holding of Shares or Voting Rights,Small Finance Banks,,rbi_master_directions,primary_corpus
md_13135,https://rbidocs.rbi.org.in/rdocs/notification/PDFs/175MD.PDF,"Reserve Bank of India (Small Finance Banks – Licensing) Guidelines, 2025",PDF,cached,2026-08-12T19:00:59.572164+00:00,/Users/karan/Downloads/carbon-tracker 3/Capstone_project/data/raw/master_directions/md_13135.pdf,00ce7918ca0696420371bf6fe07a7b4bda83138bc1412119e364a2d858db8643,Small Finance Banks,Licensing,Small Finance Banks,,rbi_master_directions,primary_corpus
md_13321,https://rbidocs.rbi.org.in/rdocs/notification/PDFs/388MD10032026C9C28BA2FD904454A24EE40607D82CC7.PDF,"Reserve Bank of India (Payments Banks – Prudential Norms on Declaration of Dividend) Directions, 2026",PDF,cached,2026-08-12T19:00:59.572717+00:00,/Users/karan/Downloads/carbon-tracker 3/Capstone_project/data/raw/master_directions/md_13321.pdf,95db36efb2dd45fb3898d0ee7d180cb7f4fb6929c6bf26c46dcb871fd889c6f7,Payments Banks,Prudential Norms on Declaration of Dividend,Payments Banks,,rbi_master_directions,primary_corpus
md_13087,https://rbidocs.rbi.org.in/rdocs/notification/PDFs/221MD.PDF,"Reserve Bank of India (Payments Banks – Miscellaneous) Directions, 2025 (Updated as on April 01, 2026)",PDF,cached,2026-08-12T19:00:59.573089+00:00,/Users/karan/Downloads/carbon-tracker 3/Capstone_project/data/raw/master_directions/md_13087.pdf,7b5c8d10538bca36bb16906ee5648c0af5c52a5ecb592563a2f3dbacef085bcf,Payments Banks,Miscellaneous,Payments Banks,,rbi_master_directions,primary_corpus
md_13088,https://rbidocs.rbi.org.in/rdocs/notification/PDFs/220MD.PDF,"Reserve Bank of India (Payments Banks – Managing Risks in Outsourcing) Directions, 2025",PDF,cached,2026-08-12T19:00:59.574203+00:00,/Users/karan/Downloads/carbon-tracker 3/Capstone_project/data/raw/master_directions/md_13088.pdf,8e1a054a7f0b95a8b3962eb832e6e9455ffc986acd65c0036c1d276db90ffb33,Payments Banks,Managing Risks in Outsourcing,Payments Banks,,rbi_master_directions,primary_corpus
md_13089,https://rbidocs.rbi.org.in/rdocs/notification/PDFs/219MD.PDF,"Reserve Bank of India (Payments Banks – Responsible Business Conduct) Directions, 2025 (Updated as on April 1, 2026)",PDF,cached,2026-08-12T19:00:59.574657+00:00,/Users/karan/Downloads/carbon-tracker 3/Capstone_project/data/raw/master_directions/md_13089.pdf,39671ca35178e6dca2e9761489cb0ae6874f385803c7b39573f7b320c1d22393,Payments Banks,Responsible Business Conduct,Payments Banks,,rbi_master_directions,primary_corpus
md_13090,https://rbidocs.rbi.org.in/rdocs/notification/PDFs/218MD.PDF,"Reserve Bank of India (Payments Banks – Know Your Customer) Directions, 2025 (Updated as on December 29, 2025)",PDF,cached,2026-08-12T19:00:59.575318+00:00,/Users/karan/Downloads/carbon-tracker 3/Capstone_project/data/raw/master_directions/md_13090.pdf,64a6e758c955334edec9b09597ff097d6b9c2acef6f4cadc726b2d131a98dfd9,Payments Banks,Know Your Customer,Payments Banks,,rbi_master_directions,primary_corpus
md_13092,https://rbidocs.rbi.org.in/rdocs/notification/PDFs/216MD.PDF,"Reserve Bank of India (Payments Banks – Financial Statements: Presentation and Disclosures) Directions, 2025 (Updated as on April 1, 2026)",PDF,cached,2026-08-12T19:00:59.575918+00:00,/Users/karan/Downloads/carbon-tracker 3/Capstone_project/data/raw/master_directions/md_13092.pdf,b63e46ad904a9856ea5da0c7131593e08586c84e355c3cf988b72b1b472cdd22,Payments Banks,Financial Statements: Presentation and Disclosures,Payments Banks,,rbi_master_directions,primary_corpus
md_13093,https://rbidocs.rbi.org.in/rdocs/notification/PDFs/215MD.PDF,"Reserve Bank of India (Payments Banks – Asset Liability Management) Directions, 2025",PDF,cached,2026-08-12T19:00:59.576603+00:00,/Users/karan/Downloads/carbon-tracker 3/Capstone_project/data/raw/master_directions/md_13093.pdf,2b924bb77dec597874b289fb719cb7458555f5558cf2b32be89ef095770305dd,Payments Banks,Asset Liability Management,Payments Banks,,rbi_master_directions,primary_corpus
md_13094,https://rbidocs.rbi.org.in/rdocs/notification/PDFs/214MD.PDF,"Reserve Bank of India (Payments Banks – Classification, Valuation and Operation of Investment Portfolio) Directions, 2025 (Updated as on May 18, 2026)",PDF,cached,2026-08-12T19:00:59.577456+00:00,/Users/karan/Downloads/carbon-tracker 3/Capstone_project/data/raw/master_directions/md_13094.pdf,3925b25a1aae96bb6414196cf7c433b86ab81c91b611147d4329510a2b8f7084,Payments Banks,"Classification, Valuation and Operation of Investment Portfolio",Payments Banks,,rbi_master_directions,primary_corpus
md_13095,https://rbidocs.rbi.org.in/rdocs/notification/PDFs/213MD.PDF,"Reserve Bank of India (Payments Banks – Debit Cards: Issuance and Conduct) Directions, 2025",PDF,cached,2026-08-12T19:00:59.578098+00:00,/Users/karan/Downloads/carbon-tracker 3/Capstone_project/data/raw/master_directions/md_13095.pdf,93d43b733170ca5d70ddae510393433fe4f9678bdcc3cd82a66521e276701776,Payments Banks,Debit Cards: Issuance and Conduct,Payments Banks,,rbi_master_directions,primary_corpus
md_13096,https://rbidocs.rbi.org.in/rdocs/notification/PDFs/212MD.PDF,"Reserve Bank of India (Payments Banks – Interest Rate on Deposits) Directions, 2025",PDF,cached,2026-08-12T19:00:59.578392+00:00,/Users/karan/Downloads/carbon-tracker 3/Capstone_project/data/raw/master_directions/md_13096.pdf,a37db0637c43074a657ce0076afe0ab0c64c0868280736a09049e361faf089e6,Payments Banks,Interest Rate on Deposits,Payments Banks,,rbi_master_directions,primary_corpus
md_13097,https://rbidocs.rbi.org.in/rdocs/notification/PDFs/211MD.PDF,"Reserve Bank of India (Payments Banks – Prudential Norms on Capital Adequacy) Directions, 2025 (updated as on May 08, 2026)",PDF,cached,2026-08-12T19:00:59.578677+00:00,/Users/karan/Downloads/carbon-tracker 3/Capstone_project/data/raw/master_directions/md_13097.pdf,77db8774a4a850b63ab72dbe0576c847af012546f6dc76022aab0175c0c8cbc2,Payments Banks,Prudential Norms on Capital Adequacy,Payments Banks,,rbi_master_directions,primary_corpus
md_13098,https://rbidocs.rbi.org.in/rdocs/notification/PDFs/210MD.PDF,"Reserve Bank of India (Payments Banks – Cash Reserve Ratio and Statutory Liquidity Ratio) Directions, 2025 (Updated as on January 22, 2026)",PDF,cached,2026-08-12T19:00:59.579442+00:00,/Users/karan/Downloads/carbon-tracker 3/Capstone_project/data/raw/master_directions/md_13098.pdf,47a5a0d872a5a48180958f98a3d2818075e7bf1fbb39b32569f7f2eaa4bd01d6,Payments Banks,Cash Reserve Ratio and Statutory Liquidity Ratio,Payments Banks,,rbi_master_directions,primary_corpus
md_13099,https://rbidocs.rbi.org.in/rdocs/notification/PDFs/209MD.PDF,"Reserve Bank of India (Payments Banks - Governance) Directions, 2025",PDF,cached,2026-08-12T19:00:59.579933+00:00,/Users/karan/Downloads/carbon-tracker 3/Capstone_project/data/raw/master_directions/md_13099.pdf,a0f18adc2060f8e64f06204b29e17d710f454a58be021d6d0fe21636f9227b2d,Payments Banks,Governance,Payments Banks,,rbi_master_directions,primary_corpus
md_13100,https://rbidocs.rbi.org.in/rdocs/notification/PDFs/208MD.PDF,"Reserve Bank of India (Payments Banks – Undertaking of Financial Services) Directions, 2025 (Updated as on December 05, 2025)",PDF,cached,2026-08-12T19:00:59.580435+00:00,/Users/karan/Downloads/carbon-tracker 3/Capstone_project/data/raw/master_directions/md_13100.pdf,611bc554860f0c08cc672054dbdaa791c8fea4896ec24a9ee582606bfa84321a,Payments Banks,Undertaking of Financial Services,Payments Banks,,rbi_master_directions,primary_corpus
md_13101,https://rbidocs.rbi.org.in/rdocs/notification/PDFs/382MD.PDF,"Reserve Bank of India (Payments Banks – Digital Banking Channels Authorisation) Directions, 2025",PDF,cached,2026-08-12T19:00:59.580691+00:00,/Users/karan/Downloads/carbon-tracker 3/Capstone_project/data/raw/master_directions/md_13101.pdf,4bd649d545fc0ae2c4adda602a388a300054398895d76b78422df7116a77eeba,Payments Banks,Digital Banking Channels Authorisation,Payments Banks,,rbi_master_directions,primary_corpus
md_13102,https://rbidocs.rbi.org.in/rdocs/notification/PDFs/207MD.PDF,"Reserve Bank of India (Payments Banks – Branch Authorisation) Directions, 2025",PDF,cached,2026-08-12T19:00:59.580923+00:00,/Users/karan/Downloads/carbon-tracker 3/Capstone_project/data/raw/master_directions/md_13102.pdf,cc74470c53606d317c48a1a693e8980954e35129a043d849b4bc4bcb2d0ebe40,Payments Banks,Branch Authorisation,Payments Banks,,rbi_master_directions,primary_corpus
md_13103,https://rbidocs.rbi.org.in/rdocs/notification/PDFs/206MD.PDF,"Reserve Bank of India (Payments Banks – Voluntary Amalgamation) Directions, 2025",PDF,cached,2026-08-12T19:00:59.581442+00:00,/Users/karan/Downloads/carbon-tracker 3/Capstone_project/data/raw/master_directions/md_13103.pdf,649ad86e2160f0abd43e48733f0c5cf6554b6dd33249f1abff9d2a18329d82d3,Payments Banks,Voluntary Amalgamation,Payments Banks,,rbi_master_directions,primary_corpus
md_13104,https://rbidocs.rbi.org.in/rdocs/notification/PDFs/205MD.PDF,"Reserve Bank of India (Payments Banks – Acquisition and Holding of Shares or Voting Rights) Directions, 2025",PDF,cached,2026-08-12T19:00:59.581728+00:00,/Users/karan/Downloads/carbon-tracker 3/Capstone_project/data/raw/master_directions/md_13104.pdf,eed717541f190c1c43a9b1311c0cd2e83957165bee7eebafc11788b7fc7f1caf,Payments Banks,Acquisition and Holding of Shares or Voting Rights,Payments Banks,,rbi_master_directions,primary_corpus
md_13324,https://rbidocs.rbi.org.in/rdocs/notification/PDFs/389MD100320260CC22242233B4A46883801B79C02FE8B.PDF,"Reserve Bank of India (Local Area Banks – Prudential Norms on Declaration of Dividend) Directions, 2026",PDF,cached,2026-08-12T19:00:59.582102+00:00,/Users/karan/Downloads/carbon-tracker 3/Capstone_project/data/raw/master_directions/md_13324.pdf,11fd02cacaab7028fdce62902e7e4cbf041ca317f82fa0b4951d9a33ca96c331,Local Area Banks,Prudential Norms on Declaration of Dividend,Local Area Banks,,rbi_master_directions,primary_corpus
md_13061,https://rbidocs.rbi.org.in/rdocs/notification/PDFs/246MD.PDF,"Reserve Bank of India (Local Area Banks – Miscellaneous) Directions, 2025 (Updated as on April 27, 2026)",PDF,cached,2026-08-12T19:00:59.582484+00:00,/Users/karan/Downloads/carbon-tracker 3/Capstone_project/data/raw/master_directions/md_13061.pdf,ae63cc6f57b2b6dacc7a0762d1348bfbd6dddb47016ef7ae2267c54e2da6abc1,Local Area Banks,Miscellaneous,Local Area Banks,,rbi_master_directions,primary_corpus
md_13062,https://rbidocs.rbi.org.in/rdocs/notification/PDFs/245MD.PDF,"Reserve Bank of India (Local Area Banks – Managing Risks in Outsourcing) Directions, 2025",PDF,cached,2026-08-12T19:00:59.583558+00:00,/Users/karan/Downloads/carbon-tracker 3/Capstone_project/data/raw/master_directions/md_13062.pdf,4dda0df08d0da6c6e55d1aa77cc5c33d36f1c78f65673cd3a144f174d665b770,Local Area Banks,Managing Risks in Outsourcing,Local Area Banks,,rbi_master_directions,primary_corpus
md_13063,https://rbidocs.rbi.org.in/rdocs/notification/PDFs/244MD.PDF,"Reserve Bank of India (Local Area Banks – Responsible Business Conduct) Directions, 2025 (Updated as on July 1, 2026)",PDF,cached,2026-08-12T19:00:59.583884+00:00,/Users/karan/Downloads/carbon-tracker 3/Capstone_project/data/raw/master_directions/md_13063.pdf,fa0da034307afae1a93c1316060a58df0dd7006bf453a8f5b552230d64b7c2f8,Local Area Banks,Responsible Business Conduct,Local Area Banks,,rbi_master_directions,primary_corpus
md_13064,https://rbidocs.rbi.org.in/rdocs/notification/PDFs/243MD.PDF,"Reserve Bank of India (Local Area Banks – Know Your Customer) Directions, 2025 (Updated as on December 29, 2025)",PDF,cached,2026-08-12T19:00:59.584519+00:00,/Users/karan/Downloads/carbon-tracker 3/Capstone_project/data/raw/master_directions/md_13064.pdf,714e107825ee3a36bf223c21ab91d5a418fdc1bf6c1045dab0634b48c5afb4e1,Local Area Banks,Know Your Customer,Local Area Banks,,rbi_master_directions,primary_corpus
md_13066,https://rbidocs.rbi.org.in/rdocs/notification/PDFs/241MD.PDF,"Reserve Bank of India (Local Area Banks – Financial Statements: Presentation and Disclosures) Directions, 2025 (Updated as on May 18, 2026)",PDF,cached,2026-08-12T19:00:59.585092+00:00,/Users/karan/Downloads/carbon-tracker 3/Capstone_project/data/raw/master_directions/md_13066.pdf,8f265ec6da60535332f87c988f1f26dfd9a836294d4d7a7ff3f2c5d9a3f48a23,Local Area Banks,Financial Statements: Presentation and Disclosures,Local Area Banks,,rbi_master_directions,primary_corpus
md_13067,https://rbidocs.rbi.org.in/rdocs/notification/PDFs/240MD.PDF,"Reserve Bank of India (Local Area Banks – Treatment of Wilful Defaulters and Large Defaulters) Directions, 2025",PDF,cached,2026-08-12T19:00:59.585720+00:00,/Users/karan/Downloads/carbon-tracker 3/Capstone_project/data/raw/master_directions/md_13067.pdf,01d4ab50c302099f3b061102cfdf3221124a43c7de22eedc93b958a45021a777,Local Area Banks,Treatment of Wilful Defaulters and Large Defaulters,Local Area Banks,,rbi_master_directions,primary_corpus
md_13068,https://rbidocs.rbi.org.in/rdocs/notification/PDFs/239MD.PDF,"Reserve Bank of India (Local Area Banks – Resolution of Stressed Assets) Directions, 2025 (Updated as on July 1, 2026)",PDF,cached,2026-08-12T19:00:59.586153+00:00,/Users/karan/Downloads/carbon-tracker 3/Capstone_project/data/raw/master_directions/md_13068.pdf,abe04fd268716b72b1d549b880048e95e2ed9ec1d3b3766e5b4a9cf85770c0d8,Local Area Banks,Resolution of Stressed Assets,Local Area Banks,,rbi_master_directions,primary_corpus
md_13069,https://rbidocs.rbi.org.in/rdocs/notification/PDFs/238MD.PDF,"Reserve Bank of India (Local Area Banks – Income Recognition, Asset Classification and Provisioning) Directions, 2025 (Updated as on July 1, 2026)",PDF,cached,2026-08-12T19:00:59.586562+00:00,/Users/karan/Downloads/carbon-tracker 3/Capstone_project/data/raw/master_directions/md_13069.pdf,48f97d4a39d2b51216194c53240bf88132dd675842dec748362846e41540f3af,Local Area Banks,"Income Recognition, Asset Classification and Provisioning",Local Area Banks,,rbi_master_directions,primary_corpus
md_13070,https://rbidocs.rbi.org.in/rdocs/notification/PDFs/237MD.PDF,"Reserve Bank of India (Local Area Banks – Asset Liability Management) Directions, 2025",PDF,cached,2026-08-12T19:00:59.586961+00:00,/Users/karan/Downloads/carbon-tracker 3/Capstone_project/data/raw/master_directions/md_13070.pdf,af3364d36cf30d531e52ec00db67c4f7f1f33f5830b8e181c25e6dd9ebafcf95,Local Area Banks,Asset Liability Management,Local Area Banks,,rbi_master_directions,primary_corpus
md_13071,https://rbidocs.rbi.org.in/rdocs/notification/PDFs/236MD.PDF,"Reserve Bank of India (Local Area Banks – Classification, Valuation and Operation of Investment Portfolio) Directions, 2025 (Updated as on May 18, 2026)",PDF,cached,2026-08-12T19:00:59.587391+00:00,/Users/karan/Downloads/carbon-tracker 3/Capstone_project/data/raw/master_directions/md_13071.pdf,099dd8df835b483e99b2c55c9379df12cd041c747fdd3665642936dbb0399672,Local Area Banks,"Classification, Valuation and Operation of Investment Portfolio",Local Area Banks,,rbi_master_directions,primary_corpus
md_13072,https://rbidocs.rbi.org.in/rdocs/notification/PDFs/235MD.PDF,"Reserve Bank of India (Local Area Banks – Interest Rates on Advances) Directions, 2025",PDF,cached,2026-08-12T19:00:59.588079+00:00,/Users/karan/Downloads/carbon-tracker 3/Capstone_project/data/raw/master_directions/md_13072.pdf,356358d1cb8f9c6ebfa4b6df72d6bdd070dce0537b197be9d72ae97e7ee580a5,Local Area Banks,Interest Rates on Advances,Local Area Banks,,rbi_master_directions,primary_corpus
md_13073,https://rbidocs.rbi.org.in/rdocs/notification/PDFs/234MD.PDF,"Reserve Bank of India (Local Area Banks – Transfer and Distribution of Credit Risk) Directions, 2025",PDF,cached,2026-08-12T19:00:59.588406+00:00,/Users/karan/Downloads/carbon-tracker 3/Capstone_project/data/raw/master_directions/md_13073.pdf,be32acb86f1d421713824053924fba2e05fc03503acc939edacd0f70c0c8f104,Local Area Banks,Transfer and Distribution of Credit Risk,Local Area Banks,,rbi_master_directions,primary_corpus
md_13074,https://rbidocs.rbi.org.in/rdocs/notification/PDFs/233MD.PDF,"Reserve Bank of India (Local Area Banks – Concentration Risk Management) Directions, 2025",PDF,cached,2026-08-12T19:00:59.588748+00:00,/Users/karan/Downloads/carbon-tracker 3/Capstone_project/data/raw/master_directions/md_13074.pdf,398a0e8b345abb99d478c0d299c2ed2f9767252a7bdbf8f9420f48e949b27b5a,Local Area Banks,Concentration Risk Management,Local Area Banks,,rbi_master_directions,primary_corpus
md_13075,https://rbidocs.rbi.org.in/rdocs/notification/PDFs/232MD.PDF,"Reserve Bank of India (Local Area Banks – Credit Risk Management) Directions, 2025 (Updated as on July 01, 2026)",PDF,cached,2026-08-12T19:00:59.589023+00:00,/Users/karan/Downloads/carbon-tracker 3/Capstone_project/data/raw/master_directions/md_13075.pdf,f25305b18d1d62226efb7938bb7c636ff771f308925c5f776a3fd40c80158a3c,Local Area Banks,Credit Risk Management,Local Area Banks,,rbi_master_directions,primary_corpus
md_13076,https://rbidocs.rbi.org.in/rdocs/notification/PDFs/231MD.PDF,"Reserve Bank of India (Local Area Banks – Credit Information Reporting) Directions, 2025 (Updated as on July 01, 2026)",PDF,cached,2026-08-12T19:00:59.589458+00:00,/Users/karan/Downloads/carbon-tracker 3/Capstone_project/data/raw/master_directions/md_13076.pdf,f58c5269b78be9e31836c54077762839e6831808d557f647bc0dad159715fcb7,Local Area Banks,Credit Information Reporting,Local Area Banks,,rbi_master_directions,primary_corpus
md_13077,https://rbidocs.rbi.org.in/rdocs/notification/PDFs/230MD.PDF,"Reserve Bank of India (Local Area Banks – Debit Cards: Issuance and Conduct) Directions, 2025",PDF,cached,2026-08-12T19:00:59.590176+00:00,/Users/karan/Downloads/carbon-tracker 3/Capstone_project/data/raw/master_directions/md_13077.pdf,b46f081597697b661b10a3fbe1fd1f47ff24a84d5ec007d9f862f712edee1bc4,Local Area Banks,Debit Cards: Issuance and Conduct,Local Area Banks,,rbi_master_directions,primary_corpus
md_13078,https://rbidocs.rbi.org.in/rdocs/notification/PDFs/229MD.PDF,"Reserve Bank of India (Local Area Banks – Credit Facilities) Directions, 2025 (Updated as on April 01, 2026)",PDF,cached,2026-08-12T19:00:59.590454+00:00,/Users/karan/Downloads/carbon-tracker 3/Capstone_project/data/raw/master_directions/md_13078.pdf,9705835db41727309ff9dbde9d5e3d4cc36ffad37aa9fca4edb129803a77a258,Local Area Banks,Credit Facilities,Local Area Banks,,rbi_master_directions,primary_corpus
md_13079,https://rbidocs.rbi.org.in/rdocs/notification/PDFs/228MD.PDF,"Reserve Bank of India (Local Area Banks – Interest Rate on Deposits) Directions, 2025 (Updated as on June 17, 2026)",PDF,cached,2026-08-12T19:00:59.590903+00:00,/Users/karan/Downloads/carbon-tracker 3/Capstone_project/data/raw/master_directions/md_13079.pdf,859abb500a8cfbeb05243e2de4f4b11ce132aab85f8836a8a61117bc391e7f40,Local Area Banks,Interest Rate on Deposits,Local Area Banks,,rbi_master_directions,primary_corpus
md_13080,https://rbidocs.rbi.org.in/rdocs/notification/PDFs/227MD.PDF,"Reserve Bank of India (Local Area Banks – Prudential Norms on Capital Adequacy) Directions, 2025",PDF,cached,2026-08-12T19:00:59.591259+00:00,/Users/karan/Downloads/carbon-tracker 3/Capstone_project/data/raw/master_directions/md_13080.pdf,36b896e6c8c83b89690a41162dae056306e3dbc25747158be9e7515240e98b0b,Local Area Banks,Prudential Norms on Capital Adequacy,Local Area Banks,,rbi_master_directions,primary_corpus
md_13081,https://rbidocs.rbi.org.in/rdocs/notification/PDFs/226MD.PDF,"Reserve Bank of India (Local Area Banks – Cash Reserve Ratio and Statutory Liquidity Ratio) Directions, 2025 (Updated as on January 22, 2026)",PDF,cached,2026-08-12T19:00:59.591916+00:00,/Users/karan/Downloads/carbon-tracker 3/Capstone_project/data/raw/master_directions/md_13081.pdf,be94cfaa780185ea3352aa55c719d4f1320f23bf49478f1c10178e8a7f0bd00d,Local Area Banks,Cash Reserve Ratio and Statutory Liquidity Ratio,Local Area Banks,,rbi_master_directions,primary_corpus
md_13082,https://rbidocs.rbi.org.in/rdocs/notification/PDFs/225MD.PDF,"Reserve Bank of India (Local Area Banks – Governance) Directions, 2025",PDF,cached,2026-08-12T19:00:59.592372+00:00,/Users/karan/Downloads/carbon-tracker 3/Capstone_project/data/raw/master_directions/md_13082.pdf,d76f6f49dc733db2438c424ca637b93cb844555f7c1da71ec190e2becad13b38,Local Area Banks,Governance,Local Area Banks,,rbi_master_directions,primary_corpus
md_13083,https://rbidocs.rbi.org.in/rdocs/notification/PDFs/383MD.PDF,"Reserve Bank of India (Local Area Banks – Digital Banking Channels Authorisation) Directions, 2025",PDF,cached,2026-08-12T19:00:59.592865+00:00,/Users/karan/Downloads/carbon-tracker 3/Capstone_project/data/raw/master_directions/md_13083.pdf,690358ec47dddae209b5aa27f2ddeb62d470ec2774a27688ace75b4a4ee2737b,Local Area Banks,Digital Banking Channels Authorisation,Local Area Banks,,rbi_master_directions,primary_corpus
md_13084,https://rbidocs.rbi.org.in/rdocs/notification/PDFs/224MD.PDF,"Reserve Bank of India (Local Area Banks – Branch Authorisation) Directions, 2025",PDF,cached,2026-08-12T19:00:59.593131+00:00,/Users/karan/Downloads/carbon-tracker 3/Capstone_project/data/raw/master_directions/md_13084.pdf,67cc7e4e526190be047f2ac8fb1aab387c54d7b9b5c629c4c96a6ef5130726fa,Local Area Banks,Branch Authorisation,Local Area Banks,,rbi_master_directions,primary_corpus
md_13085,https://rbidocs.rbi.org.in/rdocs/notification/PDFs/223MD.PDF,"Reserve Bank of India (Local Area Banks – Voluntary Amalgamation) Directions, 2025",PDF,cached,2026-08-12T19:00:59.593547+00:00,/Users/karan/Downloads/carbon-tracker 3/Capstone_project/data/raw/master_directions/md_13085.pdf,707115e24447938a5e862976e9dae294273bbeddc0cc4f01a17f4708f0bc5455,Local Area Banks,Voluntary Amalgamation,Local Area Banks,,rbi_master_directions,primary_corpus
md_13086,https://rbidocs.rbi.org.in/rdocs/notification/PDFs/222MD.PDF,"Reserve Bank of India (Local Area Banks – Acquisition and Holding of Shares or Voting Rights) Directions, 2025",PDF,cached,2026-08-12T19:00:59.593842+00:00,/Users/karan/Downloads/carbon-tracker 3/Capstone_project/data/raw/master_directions/md_13086.pdf,07ebc65c5b26388d2e5bbebd11709f9a0b091d15a426baa72f6f301a1751db78,Local Area Banks,Acquisition and Holding of Shares or Voting Rights,Local Area Banks,,rbi_master_directions,primary_corpus
md_13327,https://rbidocs.rbi.org.in/rdocs/notification/PDFs/390MD10032026A83919BF58A2481BB8240A89F25F285E.PDF,"Reserve Bank of India (Regional Rural Banks – Prudential Norms on Declaration of Dividend) Directions, 2026",PDF,cached,2026-08-12T19:00:59.594188+00:00,/Users/karan/Downloads/carbon-tracker 3/Capstone_project/data/raw/master_directions/md_13327.pdf,09aed8d4a8c3a919cd186d3aae73b0f32c7ce799a6191d9185a97e160088feda,Regional Rural Banks,Prudential Norms on Declaration of Dividend,Regional Rural Banks,,rbi_master_directions,primary_corpus
md_13038,https://rbidocs.rbi.org.in/rdocs/notification/PDFs/268MD4759833478EF4A88898144BF91E4EE1B.PDF,"Reserve Bank of India (Regional Rural Banks – Miscellaneous) Directions, 2025",PDF,cached,2026-08-12T19:00:59.594564+00:00,/Users/karan/Downloads/carbon-tracker 3/Capstone_project/data/raw/master_directions/md_13038.pdf,02e0b105fa238e72982e2650a8f9fbb0932f9d8f26a5fc710936cdb25a84576d,Regional Rural Banks,Miscellaneous,Regional Rural Banks,,rbi_master_directions,primary_corpus
md_13039,https://rbidocs.rbi.org.in/rdocs/notification/PDFs/267MD96B7D24557AC47BFB051A5301120FFBB.PDF,"Reserve Bank of India (Regional Rural Banks – Responsible Business Conduct) Directions, 2025 (Updated as on July 1, 2026)",PDF,cached,2026-08-12T19:00:59.595684+00:00,/Users/karan/Downloads/carbon-tracker 3/Capstone_project/data/raw/master_directions/md_13039.pdf,51a02bfd8aa82b590212716a07ac241ea57de0f133b0c31e17ba7d36ce1eb2cb,Regional Rural Banks,Responsible Business Conduct,Regional Rural Banks,,rbi_master_directions,primary_corpus
md_13040,https://rbidocs.rbi.org.in/rdocs/notification/PDFs/266MDB4BD80DE4B394A50808E81ACC3A2358E.PDF,"Reserve Bank of India (Regional Rural Banks – Know Your Customer) Directions, 2025 (Updated as on December 29, 2025)",PDF,cached,2026-08-12T19:00:59.596595+00:00,/Users/karan/Downloads/carbon-tracker 3/Capstone_project/data/raw/master_directions/md_13040.pdf,2893adce47bac866b35dea561e09ca689a31dc28290314d8314ad149c902a478,Regional Rural Banks,Know Your Customer,Regional Rural Banks,,rbi_master_directions,primary_corpus
md_13041,https://rbidocs.rbi.org.in/rdocs/notification/PDFs/265MD4C8ABA19A5194D39A7AD1071676C3060.PDF,"Reserve Bank of India (Regional Rural Banks – Financial Statements: Presentation and Disclosures) Directions, 2025 (Updated as on April 1, 2026)",PDF,cached,2026-08-12T19:00:59.597215+00:00,/Users/karan/Downloads/carbon-tracker 3/Capstone_project/data/raw/master_directions/md_13041.pdf,3e6a2a8f68843061f9a15a79612c59110fbafe7594e13704ecb646d5898b93f5,Regional Rural Banks,Financial Statements: Presentation and Disclosures,Regional Rural Banks,,rbi_master_directions,primary_corpus
md_13042,https://rbidocs.rbi.org.in/rdocs/notification/PDFs/264MDC9E9F8DD7A7D4A0D8C7661B8589E8605.PDF,"Reserve Bank of India (Regional Rural Banks – Treatment of Wilful Defaulters and Large Defaulters) Directions, 2025",PDF,cached,2026-08-12T19:00:59.597930+00:00,/Users/karan/Downloads/carbon-tracker 3/Capstone_project/data/raw/master_directions/md_13042.pdf,bb97254862da19c67de5d44ee10408a73add4768e2823d6153112c11c56ca3f9,Regional Rural Banks,Treatment of Wilful Defaulters and Large Defaulters,Regional Rural Banks,,rbi_master_directions,primary_corpus
md_13043,https://rbidocs.rbi.org.in/rdocs/notification/PDFs/263MD.PDF,"Reserve Bank of India (Regional Rural Banks – Resolution of Stressed Assets) Directions, 2025 (updated as on July 01, 2026)",PDF,cached,2026-08-12T19:00:59.598365+00:00,/Users/karan/Downloads/carbon-tracker 3/Capstone_project/data/raw/master_directions/md_13043.pdf,13192be04c0c0d8629c360f3f8b44c8d48094dc46f427319fc658cb687e7dce5,Regional Rural Banks,Resolution of Stressed Assets,Regional Rural Banks,,rbi_master_directions,primary_corpus
md_13044,https://rbidocs.rbi.org.in/rdocs/notification/PDFs/262MD.PDF,"Reserve Bank of India (Regional Rural Banks – Income Recognition, Asset Classification and Provisioning) Directions, 2025 (updated as on July 01, 2026)",PDF,cached,2026-08-12T19:00:59.598724+00:00,/Users/karan/Downloads/carbon-tracker 3/Capstone_project/data/raw/master_directions/md_13044.pdf,89942f11cc2ae95916c8a84ea62b92c9ddd887d6e1b6326c68d48726a8c337df,Regional Rural Banks,"Income Recognition, Asset Classification and Provisioning",Regional Rural Banks,,rbi_master_directions,primary_corpus
md_13045,https://rbidocs.rbi.org.in/rdocs/notification/PDFs/261MD.PDF,"Reserve Bank of India (Regional Rural Banks – Asset Liability Management) Directions, 2025",PDF,cached,2026-08-12T19:00:59.599060+00:00,/Users/karan/Downloads/carbon-tracker 3/Capstone_project/data/raw/master_directions/md_13045.pdf,ec1add16dba04a5868757884692187064061edb1f66a6dc3e04f592d37686875,Regional Rural Banks,Asset Liability Management,Regional Rural Banks,,rbi_master_directions,primary_corpus
md_13046,https://rbidocs.rbi.org.in/rdocs/notification/PDFs/260MD.PDF,"Reserve Bank of India (Regional Rural Banks – Classification, Valuation and Operation of Investment Portfolio) Directions, 2025 (Updated as on May 18, 2026)",PDF,cached,2026-08-12T19:00:59.599466+00:00,/Users/karan/Downloads/carbon-tracker 3/Capstone_project/data/raw/master_directions/md_13046.pdf,fc230e17cec2047750c8de95f5fa20b894e8a37497943412be72f5f583c0c9de,Regional Rural Banks,"Classification, Valuation and Operation of Investment Portfolio",Regional Rural Banks,,rbi_master_directions,primary_corpus
md_13047,https://rbidocs.rbi.org.in/rdocs/notification/PDFs/259MD.PDF,"Reserve Bank of India (Regional Rural Banks – Interest Rates on Advances) Directions, 2025",PDF,cached,2026-08-12T19:00:59.599871+00:00,/Users/karan/Downloads/carbon-tracker 3/Capstone_project/data/raw/master_directions/md_13047.pdf,a2b2fb47d4bd30968e39dfe0b6e1df43e0793438261ba774ba4755feb5c131df,Regional Rural Banks,Interest Rates on Advances,Regional Rural Banks,,rbi_master_directions,primary_corpus
md_13048,https://rbidocs.rbi.org.in/rdocs/notification/PDFs/258MD.PDF,"Reserve Bank of India (Regional Rural Banks – Transfer and Distribution of Credit Risk) Directions, 2025",PDF,cached,2026-08-12T19:00:59.600129+00:00,/Users/karan/Downloads/carbon-tracker 3/Capstone_project/data/raw/master_directions/md_13048.pdf,9f5ed855a18fcc6d5cd06c7d3025136a2299a38a4dbede318fe3113044df6a19,Regional Rural Banks,Transfer and Distribution of Credit Risk,Regional Rural Banks,,rbi_master_directions,primary_corpus
md_13049,https://rbidocs.rbi.org.in/rdocs/notification/PDFs/257MD.PDF,"Reserve Bank of India (Regional Rural Banks – Concentration Risk Management) Directions, 2025",PDF,cached,2026-08-12T19:00:59.600480+00:00,/Users/karan/Downloads/carbon-tracker 3/Capstone_project/data/raw/master_directions/md_13049.pdf,abae1e671fbe3c9f17e7e66c03f36c47bd2b177c1b008e63246d080d94b206ff,Regional Rural Banks,Concentration Risk Management,Regional Rural Banks,,rbi_master_directions,primary_corpus
md_13050,https://rbidocs.rbi.org.in/rdocs/notification/PDFs/256MD.PDF,"Reserve Bank of India (Regional Rural Banks – Credit Risk Management) Directions, 2025 (updated as on July 01, 2026)",PDF,cached,2026-08-12T19:00:59.600720+00:00,/Users/karan/Downloads/carbon-tracker 3/Capstone_project/data/raw/master_directions/md_13050.pdf,93058435b18e3b3e277f1778b88ede19d97006ad294b36550536f493ad52ad96,Regional Rural Banks,Credit Risk Management,Regional Rural Banks,,rbi_master_directions,primary_corpus
md_13051,https://rbidocs.rbi.org.in/rdocs/notification/PDFs/255MD.PDF,"Reserve Bank of India (Regional Rural Banks – Credit Information Reporting) Directions, 2025 (Updated as on July 01, 2026)",PDF,cached,2026-08-12T19:00:59.601092+00:00,/Users/karan/Downloads/carbon-tracker 3/Capstone_project/data/raw/master_directions/md_13051.pdf,cb1b9755991971539e1c19abe7dc948cbee3364524e4f1fdcdcbdce0b4aa96a3,Regional Rural Banks,Credit Information Reporting,Regional Rural Banks,,rbi_master_directions,primary_corpus
md_13052,https://rbidocs.rbi.org.in/rdocs/notification/PDFs/254MD.PDF,"Reserve Bank of India (Regional Rural Banks – Credit Cards and Debit Cards: Issuance and Conduct) Directions, 2025",PDF,cached,2026-08-12T19:00:59.601813+00:00,/Users/karan/Downloads/carbon-tracker 3/Capstone_project/data/raw/master_directions/md_13052.pdf,be212fca3f0c0ed0d1d3223e4d4ca6f5550c48c6d95f0d86fd81df9ff9ddd232,Regional Rural Banks,Credit Cards and Debit Cards: Issuance and Conduct,Regional Rural Banks,,rbi_master_directions,primary_corpus
md_13053,https://rbidocs.rbi.org.in/rdocs/notification/PDFs/253MD.PDF,"Reserve Bank of India (Regional Rural Banks – Credit Facilities) Directions, 2025 (Updated as on April 01, 2026)",PDF,cached,2026-08-12T19:00:59.602211+00:00,/Users/karan/Downloads/carbon-tracker 3/Capstone_project/data/raw/master_directions/md_13053.pdf,df77a51b5ee6787b97296bc8861e09e34f8b31ee4a4209e2799d200405379348,Regional Rural Banks,Credit Facilities,Regional Rural Banks,,rbi_master_directions,primary_corpus
md_13054,https://rbidocs.rbi.org.in/rdocs/notification/PDFs/252MD.PDF,"Reserve Bank of India (Regional Rural Banks – Interest Rate on Deposits) Directions, 2025 (Updated as on June 17, 2026)",PDF,cached,2026-08-12T19:00:59.602622+00:00,/Users/karan/Downloads/carbon-tracker 3/Capstone_project/data/raw/master_directions/md_13054.pdf,21855928fae45b5ea119f4bd1e997216ea0a4ed2d633afa7b2ddd76bd602672f,Regional Rural Banks,Interest Rate on Deposits,Regional Rural Banks,,rbi_master_directions,primary_corpus
md_13055,https://rbidocs.rbi.org.in/rdocs/notification/PDFs/251MD.PDF,"Reserve Bank of India (Regional Rural Banks - Prudential Norms on Capital Adequacy) Directions, 2025 (Updated as on June 16, 2026)",PDF,cached,2026-08-12T19:00:59.602954+00:00,/Users/karan/Downloads/carbon-tracker 3/Capstone_project/data/raw/master_directions/md_13055.pdf,fd0ef6d05e7e3439d76ba34446f2d96a8167da2aa11c988309ac943a719b0857,Regional Rural Banks,Prudential Norms on Capital Adequacy,Regional Rural Banks,,rbi_master_directions,primary_corpus
md_13056,https://rbidocs.rbi.org.in/rdocs/notification/PDFs/250MD.PDF,"Reserve Bank of India (Regional Rural Banks – Cash Reserve Ratio and Statutory Liquidity Ratio) Directions, 2025 (Updated as on June 19, 2026)",PDF,cached,2026-08-12T19:00:59.603391+00:00,/Users/karan/Downloads/carbon-tracker 3/Capstone_project/data/raw/master_directions/md_13056.pdf,f643be2ef4cea4397f904b117138dc9731c1895ed63983fb3c0e2da86b755e52,Regional Rural Banks,Cash Reserve Ratio and Statutory Liquidity Ratio,Regional Rural Banks,,rbi_master_directions,primary_corpus
md_13057,https://rbidocs.rbi.org.in/rdocs/notification/PDFs/249MD.PDF,"Reserve Bank of India (Regional Rural Banks – Governance) Directions, 2025",PDF,cached,2026-08-12T19:00:59.603881+00:00,/Users/karan/Downloads/carbon-tracker 3/Capstone_project/data/raw/master_directions/md_13057.pdf,cb15c1dab85c6fb7c8d17259ea658c84cc685d07b534f1c025b1db7992c1e84d,Regional Rural Banks,Governance,Regional Rural Banks,,rbi_master_directions,primary_corpus
md_13058,https://rbidocs.rbi.org.in/rdocs/notification/PDFs/248MD.PDF,"Reserve Bank of India (Regional Rural Banks – Undertaking of Financial Services) Directions, 2025 (Updated as on April 27, 2026)",PDF,cached,2026-08-12T19:00:59.604245+00:00,/Users/karan/Downloads/carbon-tracker 3/Capstone_project/data/raw/master_directions/md_13058.pdf,fae651fe2513deabc224db7f3d60948b1891e3bcfbd65834955ac2fa9c583d90,Regional Rural Banks,Undertaking of Financial Services,Regional Rural Banks,,rbi_master_directions,primary_corpus
md_13059,https://rbidocs.rbi.org.in/rdocs/notification/PDFs/384MD.PDF,"Reserve Bank of India (Regional Rural Banks – Digital Banking Channels Authorisation) Directions, 2025",PDF,cached,2026-08-12T19:00:59.604575+00:00,/Users/karan/Downloads/carbon-tracker 3/Capstone_project/data/raw/master_directions/md_13059.pdf,daa431dd8f3501e942506a83d7c8168271d55a0abab40c0e6fd6e7d8d1c54e9b,Regional Rural Banks,Digital Banking Channels Authorisation,Regional Rural Banks,,rbi_master_directions,primary_corpus
md_13060,https://rbidocs.rbi.org.in/rdocs/notification/PDFs/247MD.PDF,"Reserve Bank of India (Regional Rural Banks – Branch Authorisation) Directions, 2025",PDF,cached,2026-08-12T19:00:59.604835+00:00,/Users/karan/Downloads/carbon-tracker 3/Capstone_project/data/raw/master_directions/md_13060.pdf,1205aee9efc1314d3c53a5f52cc9baf27dd3a2b4e256c53f5e6108d60377c82d,Regional Rural Banks,Branch Authorisation,Regional Rural Banks,,rbi_master_directions,primary_corpus
md_13203,https://rbidocs.rbi.org.in/rdocs/notification/PDFs/269MDB68791ED3DA4407596FC88446FC24DF3.PDF,"Reserve Bank of India (Urban Co-operative Banks – Licensing, Scheduling and Regulatory Classification) Guidelines, 2025",PDF,cached,2026-08-12T19:00:59.605345+00:00,/Users/karan/Downloads/carbon-tracker 3/Capstone_project/data/raw/master_directions/md_13203.pdf,7589d7068f15bc9278c5acf5d886998651b1d794e0bfc73665ad7856ad3f4150,Urban Co,"operative Banks – Licensing, Scheduling and Regulatory Classification",Urban Co-operative Banks,,rbi_master_directions,primary_corpus
md_13204,https://rbidocs.rbi.org.in/rdocs/notification/PDFs/271MD5F6E28F2C5AF4B92AE44048FD3C21405.PDF,"Reserve Bank of India (Urban Co-operative Banks - Branch Authorisation) Directions, 2025",PDF,cached,2026-08-12T19:00:59.605591+00:00,/Users/karan/Downloads/carbon-tracker 3/Capstone_project/data/raw/master_directions/md_13204.pdf,64c9b2337fee8dffba5e9ec4d237ec3508522ad46f797a5bafd235c2be7d5750,Urban Co,operative Banks - Branch Authorisation,Urban Co-operative Banks,,rbi_master_directions,primary_corpus
md_13011,https://rbidocs.rbi.org.in/rdocs/notification/PDFs/294MDA514F8EED7554D9F8B8DC461B55E4956.PDF,"Reserve Bank of India (Urban Co-operative Banks – Miscellaneous) Directions, 2025",PDF,cached,2026-08-12T19:00:59.605997+00:00,/Users/karan/Downloads/carbon-tracker 3/Capstone_project/data/raw/master_directions/md_13011.pdf,a946c47bc6b8dc2ffa4655cc7e97ed28f6be9e2f91b3fd8505cfaead849d29e6,Urban Co,operative Banks – Miscellaneous,Urban Co-operative Banks,,rbi_master_directions,primary_corpus
md_13012,https://rbidocs.rbi.org.in/rdocs/notification/PDFs/293MD6D08F6482DFE4A22AF441AD601136473.PDF,"Reserve Bank of India (Urban Co-operative Banks – Managing Risks in Outsourcing) Directions, 2025",PDF,cached,2026-08-12T19:00:59.607082+00:00,/Users/karan/Downloads/carbon-tracker 3/Capstone_project/data/raw/master_directions/md_13012.pdf,18262fe5e013a094be2782a82dbc287d1dec09c33b9388353eb34af6fabd4fc3,Urban Co,operative Banks – Managing Risks in Outsourcing,Urban Co-operative Banks,,rbi_master_directions,primary_corpus
md_13013,https://rbidocs.rbi.org.in/rdocs/notification/PDFs/292MD76099C95D4BD4139A4EBCDA2F50BEFA2.PDF,"Reserve Bank of India (Urban Co-operative Banks – Responsible Business Conduct) Directions, 2025 (Updated as on July 1, 2026)",PDF,cached,2026-08-12T19:00:59.607426+00:00,/Users/karan/Downloads/carbon-tracker 3/Capstone_project/data/raw/master_directions/md_13013.pdf,91577dddd133c159fb13602eb4ed2342a400a30b9e05621477f70b6b79f60432,Urban Co,operative Banks – Responsible Business Conduct,Urban Co-operative Banks,,rbi_master_directions,primary_corpus
md_13014,https://rbidocs.rbi.org.in/rdocs/notification/PDFs/291MDE108E59AC43D4C13B2D06598B296C877.PDF,"Reserve Bank of India (Urban Co-operative Banks – Know Your Customer) Directions, 2025 (Updated as on December 29, 2025)",PDF,cached,2026-08-12T19:00:59.608200+00:00,/Users/karan/Downloads/carbon-tracker 3/Capstone_project/data/raw/master_directions/md_13014.pdf,1bf3fe7c64561ae5c7f56a4f94c820b8c1190cb6be77a764f6ad28ad54161afe,Urban Co,operative Banks – Know Your Customer,Urban Co-operative Banks,,rbi_master_directions,primary_corpus
md_13015,https://rbidocs.rbi.org.in/rdocs/notification/PDFs/290MD616350878BDB425AB674BD8F44CECA6F.PDF,"Reserve Bank of India (Urban Co-operative Banks – Prudential Norms on Declaration of Dividends) Directions, 2025",PDF,cached,2026-08-12T19:00:59.608794+00:00,/Users/karan/Downloads/carbon-tracker 3/Capstone_project/data/raw/master_directions/md_13015.pdf,78fd59d4d01682121d01b78285716f7dc05bc42b713d3dff68f787dacb9c2ed6,Urban Co,operative Banks – Prudential Norms on Declaration of Dividends,Urban Co-operative Banks,,rbi_master_directions,primary_corpus
md_13016,https://rbidocs.rbi.org.in/rdocs/notification/PDFs/289MDA4C31A1342334925BEA8860F1C07A2E2.PDF,"Reserve Bank of India (Urban Co-operative Banks – Financial Statements: Presentation and Disclosures) Directions, 2025 (Updated as on April 1, 2026)",PDF,cached,2026-08-12T19:00:59.609064+00:00,/Users/karan/Downloads/carbon-tracker 3/Capstone_project/data/raw/master_directions/md_13016.pdf,2a109e4252528a31145e58ba8b93cb2c9b45c5dbffe85911db1feea55f1a5175,Urban Co,operative Banks – Financial Statements: Presentation and Disclosures,Urban Co-operative Banks,,rbi_master_directions,primary_corpus
md_13017,https://rbidocs.rbi.org.in/rdocs/notification/PDFs/288MDFF01AB60686C42C3A362F83E87392224.PDF,"Reserve Bank of India (Urban Co-operative Banks – Treatment of Wilful Defaulters and Large Defaulters) Directions, 2025",PDF,cached,2026-08-12T19:00:59.609679+00:00,/Users/karan/Downloads/carbon-tracker 3/Capstone_project/data/raw/master_directions/md_13017.pdf,985e49717a62fe8b4c2603d43c3ef6ce0b358358f9b6b271006b390173ae9348,Urban Co,operative Banks – Treatment of Wilful Defaulters and Large Defaulters,Urban Co-operative Banks,,rbi_master_directions,primary_corpus
md_13018,https://rbidocs.rbi.org.in/rdocs/notification/PDFs/287MDF9C64E970EA74C16A6FEAB59052A0F72.PDF,"Reserve Bank of India (Urban Co-operative Banks – Resolution of Stressed Assets) Directions, 2025 (Updated as on July 1, 2026)",PDF,cached,2026-08-12T19:00:59.610014+00:00,/Users/karan/Downloads/carbon-tracker 3/Capstone_project/data/raw/master_directions/md_13018.pdf,2f4ef7b424388019562aef1918db8a1fc14999d4d268c76accf3ac53ce2eb77a,Urban Co,operative Banks – Resolution of Stressed Assets,Urban Co-operative Banks,,rbi_master_directions,primary_corpus
md_13019,https://rbidocs.rbi.org.in/rdocs/notification/PDFs/286MD85DCC2671BCB41DC8B0714812DAB799A.PDF,"Reserve Bank of India (Urban Co-operative Banks – Income Recognition, Asset Classification and Provisioning) Directions, 2025 (updated as on July 01, 2026)",PDF,cached,2026-08-12T19:00:59.610443+00:00,/Users/karan/Downloads/carbon-tracker 3/Capstone_project/data/raw/master_directions/md_13019.pdf,3f37acbdccc0ccba1d0fd3d263471a0ab928470bded64ae6b5025a4c1373994d,Urban Co,"operative Banks – Income Recognition, Asset Classification and Provisioning",Urban Co-operative Banks,,rbi_master_directions,primary_corpus
md_13020,https://rbidocs.rbi.org.in/rdocs/notification/PDFs/285MDF435283E73444E45A54EC8764ABCC848.PDF,"Reserve Bank of India (Urban Co-operative Banks – Asset Liability Management) Directions, 2025",PDF,cached,2026-08-12T19:00:59.610862+00:00,/Users/karan/Downloads/carbon-tracker 3/Capstone_project/data/raw/master_directions/md_13020.pdf,831f60d49f4fb08ad36e371478c3e329a55600eacada44c1d742b9b44c5a4a82,Urban Co,operative Banks – Asset Liability Management,Urban Co-operative Banks,,rbi_master_directions,primary_corpus
md_13021,https://rbidocs.rbi.org.in/rdocs/notification/PDFs/284MD47AE1D934ED549E2AEB98E30D3A85A57.PDF,"Reserve Bank of India (Urban Co-operative Banks – Classification, Valuation and Operation of Investment Portfolio) Directions, 2025 (Updated as on May 18, 2026)",PDF,cached,2026-08-12T19:00:59.611458+00:00,/Users/karan/Downloads/carbon-tracker 3/Capstone_project/data/raw/master_directions/md_13021.pdf,d785bcbaabf8c6c888a8d84d936f6739bcf6bd5eaf92159bb2f76079e6470211,Urban Co,"operative Banks – Classification, Valuation and Operation of Investment Portfolio",Urban Co-operative Banks,,rbi_master_directions,primary_corpus
md_13022,https://rbidocs.rbi.org.in/rdocs/notification/PDFs/283MDC3CE849D1EE047478359BA164A180EB2.PDF,"Reserve Bank of India (Urban Co-operative Banks – Interest Rates on Advances) Directions, 2025",PDF,cached,2026-08-12T19:00:59.611911+00:00,/Users/karan/Downloads/carbon-tracker 3/Capstone_project/data/raw/master_directions/md_13022.pdf,75b3a9774bc414df7091963449a9212c2947288c7beea9f28e580beb999df8a4,Urban Co,operative Banks – Interest Rates on Advances,Urban Co-operative Banks,,rbi_master_directions,primary_corpus
md_13023,https://rbidocs.rbi.org.in/rdocs/notification/PDFs/282MD963601BD314543AD8105FDAFACD3AA91.PDF,"Reserve Bank of India (Urban Co-operative Banks – Transfer and Distribution of Credit Risk) Directions, 2025",PDF,cached,2026-08-12T19:00:59.612249+00:00,/Users/karan/Downloads/carbon-tracker 3/Capstone_project/data/raw/master_directions/md_13023.pdf,b651c73590adbe296669c1a784d5f5e7d1d3115218f815f5ffd1cd422d1a511a,Urban Co,operative Banks – Transfer and Distribution of Credit Risk,Urban Co-operative Banks,,rbi_master_directions,primary_corpus
md_13024,https://rbidocs.rbi.org.in/rdocs/notification/PDFs/281MD5AD018D50ACD4B10AF51DD504AD3DDB3.PDF,"Reserve Bank of India (Urban Co-operative Banks – Concentration Risk Management) Directions, 2025",PDF,cached,2026-08-12T19:00:59.612586+00:00,/Users/karan/Downloads/carbon-tracker 3/Capstone_project/data/raw/master_directions/md_13024.pdf,7257522c1183b62c1a279fcfff974ab1ffaa487274fdfc102b0e20d24dab474f,Urban Co,operative Banks – Concentration Risk Management,Urban Co-operative Banks,,rbi_master_directions,primary_corpus
md_13025,https://rbidocs.rbi.org.in/rdocs/notification/PDFs/280MD71ABEC5E655C4CE7816646F849E5CB29.PDF,"Reserve Bank of India (Urban Co-operative Banks – Credit Risk Management) Directions, 2025 (Updated as on July 01, 2026)",PDF,cached,2026-08-12T19:00:59.612896+00:00,/Users/karan/Downloads/carbon-tracker 3/Capstone_project/data/raw/master_directions/md_13025.pdf,52d0f3340cd6a5f19e634b5b0a4fde6b6035c1fc0d5c9801031cea3cd72718ec,Urban Co,operative Banks – Credit Risk Management,Urban Co-operative Banks,,rbi_master_directions,primary_corpus
md_13026,https://rbidocs.rbi.org.in/rdocs/notification/PDFs/279MD3334DC0D4F8F43068FA37F74DED62382.PDF,"Reserve Bank of India (Urban Co-operative Banks – Credit Information Reporting) Directions, 2025 (Updated as on July 01, 2026)",PDF,cached,2026-08-12T19:00:59.613290+00:00,/Users/karan/Downloads/carbon-tracker 3/Capstone_project/data/raw/master_directions/md_13026.pdf,5ac6dc31dfb546af4d5da55107c198909097c35a1b4b3dc2404b0dd078b15f54,Urban Co,operative Banks – Credit Information Reporting,Urban Co-operative Banks,,rbi_master_directions,primary_corpus
md_13027,https://rbidocs.rbi.org.in/rdocs/notification/PDFs/278MD2C704B1C34BF4E1BB8F6B710190D4E6C.PDF,"Reserve Bank of India (Urban Co-operative Banks – Credit Cards and Debit Cards: Issuance and Conduct) Directions, 2025",PDF,cached,2026-08-12T19:00:59.614003+00:00,/Users/karan/Downloads/carbon-tracker 3/Capstone_project/data/raw/master_directions/md_13027.pdf,e2db21774820ea4a467fb727fd4f946613fc80d9a41e5abc976fcf5606959bda,Urban Co,operative Banks – Credit Cards and Debit Cards: Issuance and Conduct,Urban Co-operative Banks,,rbi_master_directions,primary_corpus
md_13028,https://rbidocs.rbi.org.in/rdocs/notification/PDFs/277MDFF00147367D64F02899A3A756CDA9093.PDF,"Reserve Bank of India (Urban Co-operative Banks – Credit Facilities) Directions, 2025 (Updated as on July 15, 2026)",PDF,cached,2026-08-12T19:00:59.614314+00:00,/Users/karan/Downloads/carbon-tracker 3/Capstone_project/data/raw/master_directions/md_13028.pdf,2c52eb6e6ca77afd9922a9d4edc4870c02f98d6c1bd7cde14bbb7e4d39da6886,Urban Co,operative Banks – Credit Facilities,Urban Co-operative Banks,,rbi_master_directions,primary_corpus
md_13029,https://rbidocs.rbi.org.in/rdocs/notification/PDFs/276MD926CB0F1D85C4C7981A81F01AAEE0D13.PDF,"Reserve Bank of India (Urban Co-operative Banks – Interest Rate on Deposits) Directions, 2025 (Updated as on June 17, 2026)",PDF,cached,2026-08-12T19:00:59.614965+00:00,/Users/karan/Downloads/carbon-tracker 3/Capstone_project/data/raw/master_directions/md_13029.pdf,5beb798e7750786a7d7017a65630ef92d97fd8d48fac5dc4f2a215d271ffe7fe,Urban Co,operative Banks – Interest Rate on Deposits,Urban Co-operative Banks,,rbi_master_directions,primary_corpus
md_13030,https://rbidocs.rbi.org.in/rdocs/notification/PDFs/275MD3D20366A706C4C13B4FA21A3DC0451A1.PDF,"Reserve Bank of India (Urban Co-operative Banks - Prudential Norms on Capital Adequacy) Directions, 2025 (Updated as on June 16, 2026)",PDF,cached,2026-08-12T19:00:59.615298+00:00,/Users/karan/Downloads/carbon-tracker 3/Capstone_project/data/raw/master_directions/md_13030.pdf,8c1b891be2fe02d91d0881c4f203c16d9478972b5cf169dadf928d25e6cc0417,Urban Co,operative Banks - Prudential Norms on Capital Adequacy,Urban Co-operative Banks,,rbi_master_directions,primary_corpus
md_13031,https://rbidocs.rbi.org.in/rdocs/notification/PDFs/274MD3A0AEE03DF1B4F39BB0F0B91BFC73A05.PDF,"Reserve Bank of India (Urban Co-operative Banks – Cash Reserve Ratio and Statutory Liquidity Ratio) Directions, 2025 (Updated as on June 19, 2026)",PDF,cached,2026-08-12T19:00:59.616010+00:00,/Users/karan/Downloads/carbon-tracker 3/Capstone_project/data/raw/master_directions/md_13031.pdf,a06839f6ec3fd34216f971d85fc5ed78d5b025a422be6b20b0472f375fbaf453,Urban Co,operative Banks – Cash Reserve Ratio and Statutory Liquidity Ratio,Urban Co-operative Banks,,rbi_master_directions,primary_corpus
md_13032,https://rbidocs.rbi.org.in/rdocs/notification/PDFs/273MD1E2C8ADF7F3D4881933547E0AAABCFA4.PDF,"Reserve Bank of India (Urban Co-operative Banks - Governance) Directions, 2025 (Updated as on May 25, 2026)",PDF,cached,2026-08-12T19:00:59.616624+00:00,/Users/karan/Downloads/carbon-tracker 3/Capstone_project/data/raw/master_directions/md_13032.pdf,6295dabfb7833c09775a889cb52de03d5c038914eff38adc842227e1b8ad9c68,Urban Co,operative Banks - Governance,Urban Co-operative Banks,,rbi_master_directions,primary_corpus
md_13033,https://rbidocs.rbi.org.in/rdocs/notification/PDFs/272MD6C9694D129BC4A769CBCD6B206A345B5.PDF,"Reserve Bank of India (Urban Co-operative Banks – Undertaking of Financial Services) Directions, 2025 (Updated as on April 27, 2026)",PDF,cached,2026-08-12T19:00:59.617008+00:00,/Users/karan/Downloads/carbon-tracker 3/Capstone_project/data/raw/master_directions/md_13033.pdf,1cc5a04df30d44f0787cf03b1195f6df834bfeb6267d8ae79476c9a065100782,Urban Co,operative Banks – Undertaking of Financial Services,Urban Co-operative Banks,,rbi_master_directions,primary_corpus
md_13034,https://rbidocs.rbi.org.in/rdocs/notification/PDFs/385MDE9EEBCE5D5EA40C5AD9FD122507E94F8.PDF,"Reserve Bank of India (Urban Co-operative Banks – Digital Banking Channels Authorisation) Directions, 2025",PDF,cached,2026-08-12T19:00:59.617370+00:00,/Users/karan/Downloads/carbon-tracker 3/Capstone_project/data/raw/master_directions/md_13034.pdf,c6f802f37b7217a285b43c96dd3de5cac44687fe10c28d8a1f69446d44e7767b,Urban Co,operative Banks – Digital Banking Channels Authorisation,Urban Co-operative Banks,,rbi_master_directions,primary_corpus
md_13036,https://rbidocs.rbi.org.in/rdocs/notification/PDFs/270MD0F410014D53F4900814935480D096DDA.PDF,"Reserve Bank of India (Urban Co-operative Banks – Voluntary Amalgamation) Directions, 2025",PDF,cached,2026-08-12T19:00:59.617643+00:00,/Users/karan/Downloads/carbon-tracker 3/Capstone_project/data/raw/master_directions/md_13036.pdf,32248033d0f1391bfbcc455534d2bd43b1e0e51b33a1a428e3a8f4abfe5d016c,Urban Co,operative Banks – Voluntary Amalgamation,Urban Co-operative Banks,,rbi_master_directions,primary_corpus
md_12986,https://rbidocs.rbi.org.in/rdocs/notification/PDFs/318MDE0794991DA36479EAF4267E99E78C5D4.PDF,"Reserve Bank of India (Rural Co-operative Banks – Managing Risks in Outsourcing) Directions, 2025",PDF,cached,2026-08-12T19:00:59.617969+00:00,/Users/karan/Downloads/carbon-tracker 3/Capstone_project/data/raw/master_directions/md_12986.pdf,ddc5297a82d8ed9c93e9f2ae8b85cff9a1217d37e16c5e8eca10125b828a753c,Rural Co,operative Banks – Managing Risks in Outsourcing,Rural Co-operative Banks,,rbi_master_directions,primary_corpus
md_12987,https://rbidocs.rbi.org.in/rdocs/notification/PDFs/317MD887462600A924B8CB0DD389AC78041C5.PDF,"Reserve Bank of India (Rural Co-operative Banks – Responsible Business Conduct) Directions, 2025 (Updated as on July 1, 2026)",PDF,cached,2026-08-12T19:00:59.618274+00:00,/Users/karan/Downloads/carbon-tracker 3/Capstone_project/data/raw/master_directions/md_12987.pdf,4e7f77f7d1094336bab44fc3c0de8a7a40c5efa507ac5b024f687e27080f96af,Rural Co,operative Banks – Responsible Business Conduct,Rural Co-operative Banks,,rbi_master_directions,primary_corpus
md_12988,https://rbidocs.rbi.org.in/rdocs/notification/PDFs/316MDC827AC45BD1248DFB272637379D4128C.PDF,"Reserve Bank of India (Rural Co-operative Banks – Know Your Customer) Directions, 2025 (Updated as on December 29, 2025)",PDF,cached,2026-08-12T19:00:59.619476+00:00,/Users/karan/Downloads/carbon-tracker 3/Capstone_project/data/raw/master_directions/md_12988.pdf,37696ba8d25155e73a0fcf94a4fde9a46d75e6bf6d026cd5dc2d74f6786b1642,Rural Co,operative Banks – Know Your Customer,Rural Co-operative Banks,,rbi_master_directions,primary_corpus
md_12989,https://rbidocs.rbi.org.in/rdocs/notification/PDFs/315MDD4D6D28D4BD84F84A93DBB459D696D04.PDF,"Reserve Bank of India (Rural Co-operative Banks – Prudential Norms on Declaration of Dividends) Directions, 2025",PDF,cached,2026-08-12T19:00:59.620076+00:00,/Users/karan/Downloads/carbon-tracker 3/Capstone_project/data/raw/master_directions/md_12989.pdf,382c653595bd01732047152c3480a1858f81562d26dbe53673080232d5276f97,Rural Co,operative Banks – Prudential Norms on Declaration of Dividends,Rural Co-operative Banks,,rbi_master_directions,primary_corpus
md_12990,https://rbidocs.rbi.org.in/rdocs/notification/PDFs/314MD105FDB4D92954DC8A332FDDD468727E2.PDF,"Reserve Bank of India (Rural Co-operative Banks – Financial Statements: Presentation and Disclosures) Directions, 2025 (Updated as on April 1, 2026)",PDF,cached,2026-08-12T19:00:59.620351+00:00,/Users/karan/Downloads/carbon-tracker 3/Capstone_project/data/raw/master_directions/md_12990.pdf,079bfe28d81f75d02f5ef08bd56cfaf7000b977fca4d19e324e34a962df0d1b9,Rural Co,operative Banks – Financial Statements: Presentation and Disclosures,Rural Co-operative Banks,,rbi_master_directions,primary_corpus
md_12991,https://rbidocs.rbi.org.in/rdocs/notification/PDFs/313MD02F712F901B74064B5DFB5389AAF4635.PDF,"Reserve Bank of India (Rural Co-operative Banks – Treatment of Wilful Defaulters and Large Defaulters) Directions, 2025",PDF,cached,2026-08-12T19:00:59.621043+00:00,/Users/karan/Downloads/carbon-tracker 3/Capstone_project/data/raw/master_directions/md_12991.pdf,be8c1e9355ffe784c7966c7230fd7a4fed041b8ec1f0f98527005949593cde85,Rural Co,operative Banks – Treatment of Wilful Defaulters and Large Defaulters,Rural Co-operative Banks,,rbi_master_directions,primary_corpus
md_12992,https://rbidocs.rbi.org.in/rdocs/notification/PDFs/312MDED63664A2FAD47AAA2AF35B21B42D891.PDF,"Reserve Bank of India (Rural Co-operative Banks – Resolution of Stressed Assets) Directions, 2025 (Updated as on July 01, 2026)",PDF,cached,2026-08-12T19:00:59.621481+00:00,/Users/karan/Downloads/carbon-tracker 3/Capstone_project/data/raw/master_directions/md_12992.pdf,91a62938172d3454849ec78c86ea60078490d3f49062f7f3ffb339ef61378761,Rural Co,operative Banks – Resolution of Stressed Assets,Rural Co-operative Banks,,rbi_master_directions,primary_corpus
md_12993,https://rbidocs.rbi.org.in/rdocs/notification/PDFs/311MD325E093FC9B14A5E8D968E2BFC9A7CE2.PDF,"Reserve Bank of India (Rural Co-operative Banks – Income Recognition, Asset Classification and Provisioning) Directions, 2025  (Updated as on July 01, 2026)",PDF,cached,2026-08-12T19:00:59.621986+00:00,/Users/karan/Downloads/carbon-tracker 3/Capstone_project/data/raw/master_directions/md_12993.pdf,b855e8e178925e00f7098b3c70096fdf31c411ce5abbd9a42d93c21474e66752,Rural Co,"operative Banks – Income Recognition, Asset Classification and Provisioning",Rural Co-operative Banks,,rbi_master_directions,primary_corpus
md_12994,https://rbidocs.rbi.org.in/rdocs/notification/PDFs/310MDB3001389A9CC4E929E5C95170219D08C.PDF,"Reserve Bank of India (Rural Co-operative Banks – Asset Liability Management) Directions, 2025",PDF,cached,2026-08-12T19:00:59.622365+00:00,/Users/karan/Downloads/carbon-tracker 3/Capstone_project/data/raw/master_directions/md_12994.pdf,37200b4e6c943dbd5f51689d0879447a2f1b2e67f4f6cb752fb5d5c8bf06a510,Rural Co,operative Banks – Asset Liability Management,Rural Co-operative Banks,,rbi_master_directions,primary_corpus
md_12995,https://rbidocs.rbi.org.in/rdocs/notification/PDFs/309MDA721C4C88C1C47618967DEE0A5DD8ECF.PDF,"Reserve Bank of India (Rural Co-operative Banks – Classification, Valuation and Operation of Investment Portfolio) Directions, 2025 (Updated as on May 18, 2026)",PDF,cached,2026-08-12T19:00:59.622794+00:00,/Users/karan/Downloads/carbon-tracker 3/Capstone_project/data/raw/master_directions/md_12995.pdf,969f7b147c3d0b6c00f30838c4c4aa921faf1405246cb5d1be0812e7bdf144e5,Rural Co,"operative Banks – Classification, Valuation and Operation of Investment Portfolio",Rural Co-operative Banks,,rbi_master_directions,primary_corpus
md_12996,https://rbidocs.rbi.org.in/rdocs/notification/PDFs/308MD5EFEC2756D6C49D89939321BFA1112ED.PDF,"Reserve Bank of India (Rural Co-operative Banks – Interest Rates on Advances) Directions, 2025",PDF,cached,2026-08-12T19:00:59.623184+00:00,/Users/karan/Downloads/carbon-tracker 3/Capstone_project/data/raw/master_directions/md_12996.pdf,39ff812e768b172d34a6077ff559ef7fb195d0a290b8dbe6a3b43d542636364d,Rural Co,operative Banks – Interest Rates on Advances,Rural Co-operative Banks,,rbi_master_directions,primary_corpus
md_12997,https://rbidocs.rbi.org.in/rdocs/notification/PDFs/307MDA2E3C66F4060495EB4262788206D4624.PDF,"Reserve Bank of India (Rural Co-operative Banks – Transfer and Distribution of Credit Risk) Directions, 2025",PDF,cached,2026-08-12T19:00:59.623441+00:00,/Users/karan/Downloads/carbon-tracker 3/Capstone_project/data/raw/master_directions/md_12997.pdf,56ec18d64c0330cbd698da21b9e6bd8154ba858fbb6af41b8de633a407442e4d,Rural Co,operative Banks – Transfer and Distribution of Credit Risk,Rural Co-operative Banks,,rbi_master_directions,primary_corpus
md_12998,https://rbidocs.rbi.org.in/rdocs/notification/PDFs/306MD1B2E712A2C85493B9597D742B7D0723D.PDF,"Reserve Bank of India (Rural Co-operative Banks – Concentration Risk Management) Directions, 2025",PDF,cached,2026-08-12T19:00:59.623739+00:00,/Users/karan/Downloads/carbon-tracker 3/Capstone_project/data/raw/master_directions/md_12998.pdf,3cb23aef89d4e6019fd060ee8a172b37e7a64aef81db01be82b0695a64849694,Rural Co,operative Banks – Concentration Risk Management,Rural Co-operative Banks,,rbi_master_directions,primary_corpus
md_12999,https://rbidocs.rbi.org.in/rdocs/notification/PDFs/305MDBAA8E20812664CD58C98C7436D919C49.PDF,"Reserve Bank of India (Rural Co-operative Banks – Credit Risk Management) Directions, 2025 (Updated as on July 01, 2026)",PDF,cached,2026-08-12T19:00:59.624060+00:00,/Users/karan/Downloads/carbon-tracker 3/Capstone_project/data/raw/master_directions/md_12999.pdf,ff2fec27302cb6652f70e8d3b077244034e02cb13a0f3f8cbcd7b842eed1ac48,Rural Co,operative Banks – Credit Risk Management,Rural Co-operative Banks,,rbi_master_directions,primary_corpus
md_13000,https://rbidocs.rbi.org.in/rdocs/notification/PDFs/304MDB8CFC8C99FB2410A82F9022648786BD0.PDF,"Reserve Bank of India (Rural Co-operative Banks – Credit Information Reporting) Directions, 2025 (Updated as on July 01, 2026)",PDF,cached,2026-08-12T19:00:59.624394+00:00,/Users/karan/Downloads/carbon-tracker 3/Capstone_project/data/raw/master_directions/md_13000.pdf,31d054a88e1bb02ba055e3e035eec82049987e7f195d6cfddf1f69242b75b0f6,Rural Co,operative Banks – Credit Information Reporting,Rural Co-operative Banks,,rbi_master_directions,primary_corpus
md_13001,https://rbidocs.rbi.org.in/rdocs/notification/PDFs/303MD6394576E32E84D3FA6634CBA70F0291A.PDF,"Reserve Bank of India (Rural Co-operative Banks – Debit Cards: Issuance and Conduct) Directions, 2025",PDF,cached,2026-08-12T19:00:59.625146+00:00,/Users/karan/Downloads/carbon-tracker 3/Capstone_project/data/raw/master_directions/md_13001.pdf,61d83b00e22fdd9aaace8f172457fe63281e75bafefefabe265dec87940f02c6,Rural Co,operative Banks – Debit Cards: Issuance and Conduct,Rural Co-operative Banks,,rbi_master_directions,primary_corpus
md_13002,https://rbidocs.rbi.org.in/rdocs/notification/PDFs/302MD9447AEE4C3A543AA970CAF17ECD0E440.PDF,"Reserve Bank of India (Rural Co-operative Banks – Credit Facilities) Directions, 2025 (Updated as on April 01, 2026)",PDF,cached,2026-08-12T19:00:59.625477+00:00,/Users/karan/Downloads/carbon-tracker 3/Capstone_project/data/raw/master_directions/md_13002.pdf,4bff79487ad0d25f4054bd97c59fd4cbeb9f3bb5a909db60229daf4e76636d54,Rural Co,operative Banks – Credit Facilities,Rural Co-operative Banks,,rbi_master_directions,primary_corpus
md_13003,https://rbidocs.rbi.org.in/rdocs/notification/PDFs/301MD61FDD3EB323E49EEA9A1DFCE704E5BF9.PDF,"Reserve Bank of India (Rural Co-operative Banks – Interest Rate on Deposits) Directions, 2025 (Updated as on June 17, 2026)",PDF,cached,2026-08-12T19:00:59.625919+00:00,/Users/karan/Downloads/carbon-tracker 3/Capstone_project/data/raw/master_directions/md_13003.pdf,8bebe77e9ede012e571cf5e239e6513eb39818c3b391784c1cf7049fd95e6d97,Rural Co,operative Banks – Interest Rate on Deposits,Rural Co-operative Banks,,rbi_master_directions,primary_corpus
md_13004,https://rbidocs.rbi.org.in/rdocs/notification/PDFs/300MDF58DB7A7A9564C0CA00ABE5D6A0A07F1.PDF,"Reserve Bank of India (Rural Co-operative Banks – Prudential Norms on Capital Adequacy) Directions, 2025 (Updated as on May 15, 2026)",PDF,cached,2026-08-12T19:00:59.626272+00:00,/Users/karan/Downloads/carbon-tracker 3/Capstone_project/data/raw/master_directions/md_13004.pdf,a98ddbb4530f6d69d04291fdfd24cc7891a50aa203d51daaf370258595e9290d,Rural Co,operative Banks – Prudential Norms on Capital Adequacy,Rural Co-operative Banks,,rbi_master_directions,primary_corpus
md_13005,https://rbidocs.rbi.org.in/rdocs/notification/PDFs/299MDEC55794FB96E4E52A5B5D0893EBE36F6.PDF,"Reserve Bank of India (Rural Co-operative Banks – Cash Reserve Ratio and Statutory Liquidity Ratio) Directions, 2025 (Updated as on June 19, 2026)",PDF,cached,2026-08-12T19:00:59.626751+00:00,/Users/karan/Downloads/carbon-tracker 3/Capstone_project/data/raw/master_directions/md_13005.pdf,5dea0580f3a2b86f89bdde5b6785d9580e3f0bfb42acada793b0e076dc66c27d,Rural Co,operative Banks – Cash Reserve Ratio and Statutory Liquidity Ratio,Rural Co-operative Banks,,rbi_master_directions,primary_corpus
md_13006,https://rbidocs.rbi.org.in/rdocs/notification/PDFs/298MD47439C1E67454650A666D90BDDE73AC3.PDF,"Reserve Bank of India (Rural Co-operative Banks - Governance) Directions, 2025 (Updated as on May 25, 2026)",PDF,cached,2026-08-12T19:00:59.627359+00:00,/Users/karan/Downloads/carbon-tracker 3/Capstone_project/data/raw/master_directions/md_13006.pdf,fdbd9be42986e6fe4bed8f731c63a32c2d3556e2edcfe83ffa7227702e54ba27,Rural Co,operative Banks - Governance,Rural Co-operative Banks,,rbi_master_directions,primary_corpus
md_13007,https://rbidocs.rbi.org.in/rdocs/notification/PDFs/297MD8B97C3B046D84D0BAA969029B3B4F39F.PDF,"Reserve Bank of India (Rural Co-operative Banks – Undertaking of Financial Services) Directions, 2025 (Updated as on April 27, 2026)",PDF,cached,2026-08-12T19:00:59.627805+00:00,/Users/karan/Downloads/carbon-tracker 3/Capstone_project/data/raw/master_directions/md_13007.pdf,14e8ff528f04a2395e53ab57ddc338ec341fa9cb68e3696a36afdef31b1c3d5f,Rural Co,operative Banks – Undertaking of Financial Services,Rural Co-operative Banks,,rbi_master_directions,primary_corpus
md_13008,https://rbidocs.rbi.org.in/rdocs/notification/PDFs/386MD2EA5A2249DB94541B485F19F9D6CEC6C.PDF,"Reserve Bank of India (Rural Co-operative Banks – Digital Banking Channels Authorisation) Directions, 2025",PDF,cached,2026-08-12T19:00:59.628157+00:00,/Users/karan/Downloads/carbon-tracker 3/Capstone_project/data/raw/master_directions/md_13008.pdf,675d8f02909781a8506d45c43abfcaad24462d4a0750da319052545d0d12406f,Rural Co,operative Banks – Digital Banking Channels Authorisation,Rural Co-operative Banks,,rbi_master_directions,primary_corpus
md_13010,https://rbidocs.rbi.org.in/rdocs/notification/PDFs/295MD1EAD13C6D93B44E98AB6A4353542054E.PDF,"Reserve Bank of India (Rural Co-operative Banks - Voluntary Amalgamation) Directions, 2025",PDF,cached,2026-08-12T19:00:59.628443+00:00,/Users/karan/Downloads/carbon-tracker 3/Capstone_project/data/raw/master_directions/md_13010.pdf,298f4d81982e1039137324a694bfc3a86c6701f3a40e0f5b279df4caf89d700f,Rural Co,operative Banks - Voluntary Amalgamation,Rural Co-operative Banks,,rbi_master_directions,primary_corpus
md_13205,https://rbidocs.rbi.org.in/rdocs/notification/PDFs/296MD3B084D4247B940E782DCF35DE02806CB.PDF,"Reserve Bank of India (Rural Co-operative Banks - Branch Authorisation) Directions, 2025",PDF,cached,2026-08-12T19:00:59.628774+00:00,/Users/karan/Downloads/carbon-tracker 3/Capstone_project/data/raw/master_directions/md_13205.pdf,52a76b6adeeae183a169439e7dee40a5438fff8a36bcbfd34b395a43cd909fe7,Rural Co,operative Banks - Branch Authorisation,Rural Co-operative Banks,,rbi_master_directions,primary_corpus
md_13202,https://rbidocs.rbi.org.in/rdocs/notification/PDFs/319MDD6043B8B7A0A49CFA8C29881AE174DD6.PDF,"Reserve Bank of India (Rural Co-operative Banks – Miscellaneous) Directions, 2025",PDF,cached,2026-08-12T19:00:59.629143+00:00,/Users/karan/Downloads/carbon-tracker 3/Capstone_project/data/raw/master_directions/md_13202.pdf,3cc7f50d0e517a90c09e50357ae5e517ffda7293e066ed74aa10aee5adae02d3,Rural Co,operative Banks – Miscellaneous,Rural Co-operative Banks,,rbi_master_directions,primary_corpus
md_12966,https://rbidocs.rbi.org.in/rdocs/notification/PDFs/338MD82DA791B78C840DA9CE556AD2F6A099E.PDF,"Reserve Bank of India (All India Financial Institutions – Miscellaneous) Directions, 2025",PDF,cached,2026-08-12T19:00:59.629515+00:00,/Users/karan/Downloads/carbon-tracker 3/Capstone_project/data/raw/master_directions/md_12966.pdf,5de6bc03ac400ad313c1ba656901be095ec792634fcce717d02422d2458aacf7,All India Financial Institutions,Miscellaneous,All India Financial Institutions,,rbi_master_directions,primary_corpus
md_12967,https://rbidocs.rbi.org.in/rdocs/notification/PDFs/337MD82046EB95DF047E7B6D4977E1D1B344E.PDF,"Reserve Bank of India (All India Financial Institutions – Managing Risks in Outsourcing) Directions, 2025",PDF,cached,2026-08-12T19:00:59.629783+00:00,/Users/karan/Downloads/carbon-tracker 3/Capstone_project/data/raw/master_directions/md_12967.pdf,348c8121884f68a73ed484cf8934dfe75204d95631077aa15673a7bfef8761d1,All India Financial Institutions,Managing Risks in Outsourcing,All India Financial Institutions,,rbi_master_directions,primary_corpus
md_12968,https://rbidocs.rbi.org.in/rdocs/notification/PDFs/336MDE82A669C159C41D09B212DDF2908364A.PDF,"Reserve Bank of India (All India Financial Institutions – Responsible Business Conduct) Directions, 2025 (Updated as on July 1, 2026)",PDF,cached,2026-08-12T19:00:59.630118+00:00,/Users/karan/Downloads/carbon-tracker 3/Capstone_project/data/raw/master_directions/md_12968.pdf,85a2951e0116a443c68f65826f4ba53ee216f513c3842c79ab2c53c62b7a1585,All India Financial Institutions,Responsible Business Conduct,All India Financial Institutions,,rbi_master_directions,primary_corpus
md_12969,https://rbidocs.rbi.org.in/rdocs/notification/PDFs/335MDB36143CAC69041858F40094B961AD8D1.PDF,"Reserve Bank of India (All India Financial Institutions – Know Your Customer) Directions, 2025 (Updated as on December 29, 2025)",PDF,cached,2026-08-12T19:00:59.630489+00:00,/Users/karan/Downloads/carbon-tracker 3/Capstone_project/data/raw/master_directions/md_12969.pdf,442a9a96501a2dc00d687512d9370df8c38d08008a7f03f5a76cb779d586d036,All India Financial Institutions,Know Your Customer,All India Financial Institutions,,rbi_master_directions,primary_corpus
md_12970,https://rbidocs.rbi.org.in/rdocs/notification/PDFs/334MDBA729BB698594DF88D0C0F8AD14D6051.PDF,"Reserve Bank of India (All India Financial Institutions – Financial Statements: Presentation and Disclosures) Directions, 2025 (Updated as on April 1, 2026)",PDF,cached,2026-08-12T19:00:59.631168+00:00,/Users/karan/Downloads/carbon-tracker 3/Capstone_project/data/raw/master_directions/md_12970.pdf,159f78f6866ae8cf52f9bbfde117d56f4ccd898eb4e7c8bbbcc0869861027887,All India Financial Institutions,Financial Statements: Presentation and Disclosures,All India Financial Institutions,,rbi_master_directions,primary_corpus
md_12971,https://rbidocs.rbi.org.in/rdocs/notification/PDFs/333MD5058C30FAE2B4BF7A6FA46FBF5BA1860.PDF,"Reserve Bank of India (All India Financial Institutions – Treatment of Wilful Defaulters and Large Defaulters) Directions, 2025",PDF,cached,2026-08-12T19:00:59.632099+00:00,/Users/karan/Downloads/carbon-tracker 3/Capstone_project/data/raw/master_directions/md_12971.pdf,e62347e56ab77cbc604e3662f6c34147996a4a88a420bd21a36d50e28a888cd3,All India Financial Institutions,Treatment of Wilful Defaulters and Large Defaulters,All India Financial Institutions,,rbi_master_directions,primary_corpus
md_12972,https://rbidocs.rbi.org.in/rdocs/notification/PDFs/332MD172466A0BC46438DB5E53C03F90E5D97.PDF,"Reserve Bank of India (All India Financial Institutions – Resolution of Stressed Assets) Directions, 2025 (Updated as on July 1, 2026)",PDF,cached,2026-08-12T19:00:59.632681+00:00,/Users/karan/Downloads/carbon-tracker 3/Capstone_project/data/raw/master_directions/md_12972.pdf,eacee986283395f814f005355b94faa8a3ca65dc231da95a7f67004c0b84b5ed,All India Financial Institutions,Resolution of Stressed Assets,All India Financial Institutions,,rbi_master_directions,primary_corpus
md_12973,https://rbidocs.rbi.org.in/rdocs/notification/PDFs/331MD8F94924174D045A9A61DB7472C935BBB.PDF,"Reserve Bank of India (All India Financial Institutions – Income Recognition, Asset Classification and Provisioning) Directions, 2025 (Updated as on July 01, 2026)",PDF,cached,2026-08-12T19:00:59.633318+00:00,/Users/karan/Downloads/carbon-tracker 3/Capstone_project/data/raw/master_directions/md_12973.pdf,9df2cf9a38e556d760f41b1600a9e813d2a20d90dc20d70771b3b7eabff4fedf,All India Financial Institutions,"Income Recognition, Asset Classification and Provisioning",All India Financial Institutions,,rbi_master_directions,primary_corpus
md_12974,https://rbidocs.rbi.org.in/rdocs/notification/PDFs/330MD8EE03EACE9C840B78782487A56262606.PDF,"Reserve Bank of India (All India Financial Institutions – Asset Liability Management) Directions, 2025",PDF,cached,2026-08-12T19:00:59.633986+00:00,/Users/karan/Downloads/carbon-tracker 3/Capstone_project/data/raw/master_directions/md_12974.pdf,baf14d1be57890c2bdaf0b64fca0d1095c84ba12f2d45527fb3c767f86b8ca5c,All India Financial Institutions,Asset Liability Management,All India Financial Institutions,,rbi_master_directions,primary_corpus
md_12975,https://rbidocs.rbi.org.in/rdocs/notification/PDFs/329MDB471ED6596B74577A0D9BC3296ECC859.PDF,"Reserve Bank of India (All India Financial Institutions – Classification, Valuation and Operation of Investment Portfolio) Directions, 2025",PDF,cached,2026-08-12T19:00:59.634564+00:00,/Users/karan/Downloads/carbon-tracker 3/Capstone_project/data/raw/master_directions/md_12975.pdf,916b64c825312258a63c9792d6a4081460e93c0bd0d3450451ae75241b398d69,All India Financial Institutions,"Classification, Valuation and Operation of Investment Portfolio",All India Financial Institutions,,rbi_master_directions,primary_corpus
md_12976,https://rbidocs.rbi.org.in/rdocs/notification/PDFs/328MDCA89E7AD35574A5E8A94F83F329293A2.PDF,"Reserve Bank of India (All India Financial Institutions – Securitisation Transactions) Directions, 2025",PDF,cached,2026-08-12T19:00:59.634988+00:00,/Users/karan/Downloads/carbon-tracker 3/Capstone_project/data/raw/master_directions/md_12976.pdf,3cdbaf74e30511635b6447851da1cb4fc01d30545bdcdfd99c9c85c642faa877,All India Financial Institutions,Securitisation Transactions,All India Financial Institutions,,rbi_master_directions,primary_corpus
md_12977,https://rbidocs.rbi.org.in/rdocs/notification/PDFs/327MD7EA8E880A8D64D06B8AE74D8EDF60F17.PDF,"Reserve Bank of India (All India Financial Institutions – Transfer and Distribution of Credit Risk) Directions, 2025",PDF,cached,2026-08-12T19:00:59.635415+00:00,/Users/karan/Downloads/carbon-tracker 3/Capstone_project/data/raw/master_directions/md_12977.pdf,e2f561032d8e9214095efcb105abc572b1a1f44c63ac68c85cd182162af875e3,All India Financial Institutions,Transfer and Distribution of Credit Risk,All India Financial Institutions,,rbi_master_directions,primary_corpus
md_12978,https://rbidocs.rbi.org.in/rdocs/notification/PDFs/326MD7CB162D66FB043AFA384B6ED63EFA5D7.PDF,"Reserve Bank of India (All India Financial Institutions – Concentration Risk Management) Directions, 2025",PDF,cached,2026-08-12T19:00:59.635932+00:00,/Users/karan/Downloads/carbon-tracker 3/Capstone_project/data/raw/master_directions/md_12978.pdf,2f0e7457e75e20cc33847fb191ef7145554caa12a455ff374e2ccb29012e671e,All India Financial Institutions,Concentration Risk Management,All India Financial Institutions,,rbi_master_directions,primary_corpus
md_12979,https://rbidocs.rbi.org.in/rdocs/notification/PDFs/325MD9D1E9340756A42F183443F73A0B46998.PDF,"Reserve Bank of India (All India Financial Institutions – Credit Risk Management) Directions, 2025 (Updated as on July 01, 2026)",PDF,cached,2026-08-12T19:00:59.636504+00:00,/Users/karan/Downloads/carbon-tracker 3/Capstone_project/data/raw/master_directions/md_12979.pdf,bd401527cd21ba05cac2c45358983e7d4f87890c9d9c2783e81aad6b77a6c7a0,All India Financial Institutions,Credit Risk Management,All India Financial Institutions,,rbi_master_directions,primary_corpus
md_12980,https://rbidocs.rbi.org.in/rdocs/notification/PDFs/324MD7A26BF797952433E8A8D59AA98A79999.PDF,"Reserve Bank of India (All India Financial Institutions – Credit Information Reporting) Directions, 2025 (Updated as on July 01, 2026)",PDF,cached,2026-08-12T19:00:59.636941+00:00,/Users/karan/Downloads/carbon-tracker 3/Capstone_project/data/raw/master_directions/md_12980.pdf,fe7b1b0f16148fd768c5ee69241e2ff0d9f0f5928e5e91760fd91471ac63482f,All India Financial Institutions,Credit Information Reporting,All India Financial Institutions,,rbi_master_directions,primary_corpus
md_12981,https://rbidocs.rbi.org.in/rdocs/notification/PDFs/323MDC03F7527B77E43B586042F9F3104C2B7.PDF,"Reserve Bank of India (All India Financial Institutions – Credit Facilities) Directions, 2025 (Updated as on July 15, 2026)",PDF,cached,2026-08-12T19:00:59.637677+00:00,/Users/karan/Downloads/carbon-tracker 3/Capstone_project/data/raw/master_directions/md_12981.pdf,b24cc5e0526aa4839a9f0a41b1db8af9d91b33bd6b5e142a079c73084b2ffc23,All India Financial Institutions,Credit Facilities,All India Financial Institutions,,rbi_master_directions,primary_corpus
md_12982,https://rbidocs.rbi.org.in/rdocs/notification/PDFs/322MD52B038D169F34D5C9851D5F02E1C7044.PDF,"Reserve Bank of India (All India Financial Institutions– Resource Raising Norms) Directions, 2025",PDF,cached,2026-08-12T19:00:59.638111+00:00,/Users/karan/Downloads/carbon-tracker 3/Capstone_project/data/raw/master_directions/md_12982.pdf,2a12e5150df81c9166ab9428202fc8124b4864853440ecbd337878be5d3f4908,All India Financial Institutions,Resource Raising Norms,All India Financial Institutions,,rbi_master_directions,primary_corpus
md_12983,https://rbidocs.rbi.org.in/rdocs/notification/PDFs/321MDD26060BC94C943C8B5907F5E328E0F1B.PDF,"Reserve Bank of India (All India Financial Institutions - Prudential Norms on Capital Adequacy) Directions, 2025 (Updated as on June 16, 2026)",PDF,cached,2026-08-12T19:00:59.638398+00:00,/Users/karan/Downloads/carbon-tracker 3/Capstone_project/data/raw/master_directions/md_12983.pdf,9d689b17cc7cccb957948fbdb8c38efa4ee1def07c77bc9c2a46071254ad1e59,All India Financial Institutions,Prudential Norms on Capital Adequacy,All India Financial Institutions,,rbi_master_directions,primary_corpus
md_12984,https://rbidocs.rbi.org.in/rdocs/notification/PDFs/320MDC5714911D38A471980DD2D5D9DB3AECD.PDF,"Reserve Bank of India (All India Financial Institutions – Undertaking of Financial Services) Directions, 2025 (Updated as on April 27, 2026)",PDF,cached,2026-08-12T19:00:59.640950+00:00,/Users/karan/Downloads/carbon-tracker 3/Capstone_project/data/raw/master_directions/md_12984.pdf,1e6cd4a17f320221c344778bc6dde2526a77b71f005c4932bcf5dff7205735ba,All India Financial Institutions,Undertaking of Financial Services,All India Financial Institutions,,rbi_master_directions,primary_corpus
md_12931,https://rbidocs.rbi.org.in/rdocs/notification/PDFs/373MD7F3656C99F764E2F9CE1BC4A1337861F.PDF,"Reserve Bank of India (Non-Banking Financial Companies – Miscellaneous) Directions, 2025 (Updated as on February 26, 2026)",PDF,cached,2026-08-12T19:00:59.641317+00:00,/Users/karan/Downloads/carbon-tracker 3/Capstone_project/data/raw/master_directions/md_12931.pdf,445795a68ca5fab8fe782400a67f0688068ddeea38cce327825c2deb912a2045,Non,Banking Financial Companies – Miscellaneous,Non-Banking Financial Companies,,rbi_master_directions,primary_corpus
md_12932,https://rbidocs.rbi.org.in/rdocs/notification/PDFs/372MD72894C1BCD6646C582BDF57824ED849B.PDF,"Reserve Bank of India (Non-Operative Financial Holding Companies) Directions, 2025 (Updated as on December 05, 2025)",PDF,cached,2026-08-12T19:00:59.641606+00:00,/Users/karan/Downloads/carbon-tracker 3/Capstone_project/data/raw/master_directions/md_12932.pdf,c2798eb0f38ca66d8c20984594395f02202a3618c5907a65b96104778191ea73,Non,Operative Financial Holding Companies,Non-Banking Financial Companies,,rbi_master_directions,primary_corpus
md_12933,https://rbidocs.rbi.org.in/rdocs/notification/PDFs/371MD93444E1CFB2749C6A9F8F0182794522B.PDF,"Reserve Bank of India (Non-Banking Financial Companies – Microfinance Institution) Directions, 2025",PDF,cached,2026-08-12T19:00:59.641926+00:00,/Users/karan/Downloads/carbon-tracker 3/Capstone_project/data/raw/master_directions/md_12933.pdf,9af415e391a84dc0c41726ebac92e919ce8582173ac6b1e01971cc67af1eeaba,Non,Banking Financial Companies – Microfinance Institution,Non-Banking Financial Companies,,rbi_master_directions,primary_corpus
md_12934,https://rbidocs.rbi.org.in/rdocs/notification/PDFs/370MD60843CF99DE6468CA026BF367311796E.PDF,"Reserve Bank of India (Non-Banking Financial Companies – Peer to Peer Lending Platform) Directions, 2025",PDF,cached,2026-08-12T19:00:59.642235+00:00,/Users/karan/Downloads/carbon-tracker 3/Capstone_project/data/raw/master_directions/md_12934.pdf,e58407bf01d28b308d6b8c9cb21e9b029e6ef9b410cccca8738d1111c3ef3342,Non,Banking Financial Companies – Peer to Peer Lending Platform,Non-Banking Financial Companies,,rbi_master_directions,primary_corpus
md_12935,https://rbidocs.rbi.org.in/rdocs/notification/PDFs/369MD595FB8D5A60A4858AEADC3DA61569214.PDF,"Reserve Bank of India (Mortgage Guarantee Companies) Directions, 2025 (Updated as on March 10, 2026)",PDF,cached,2026-08-12T19:00:59.642845+00:00,/Users/karan/Downloads/carbon-tracker 3/Capstone_project/data/raw/master_directions/md_12935.pdf,49324ac5b62421233623f5b2fdba14b54cf786633233216b832e4326c04ac987,Non-Banking Financial Companies,(Mortgage Guarantee Companies),Non-Banking Financial Companies,,rbi_master_directions,primary_corpus
md_12936,https://rbidocs.rbi.org.in/rdocs/notification/PDFs/368MDA3A72C813679452CB0A291E6B300DB59.PDF,"Reserve Bank of India (Non-Banking Financial Companies - Account Aggregator) Directions, 2025",PDF,cached,2026-08-12T19:00:59.643259+00:00,/Users/karan/Downloads/carbon-tracker 3/Capstone_project/data/raw/master_directions/md_12936.pdf,6cfa6b0832d208e6d91de07267da0d19c7269bcd5662237109b8891c6c739354,Non,Banking Financial Companies - Account Aggregator,Non-Banking Financial Companies,,rbi_master_directions,primary_corpus
md_12937,https://rbidocs.rbi.org.in/rdocs/notification/PDFs/367MD6F29605A9F984829B1DDFA72799197BB.PDF,"Reserve Bank of India (Core Investment Companies) Directions, 2025 (Updated as on March 10, 2026)",PDF,cached,2026-08-12T19:00:59.643577+00:00,/Users/karan/Downloads/carbon-tracker 3/Capstone_project/data/raw/master_directions/md_12937.pdf,e72d7c3f35371bd1068eb01e0de9f7900d17c5a0668f585d384c792c48da8701,Non-Banking Financial Companies,(Core Investment Companies),Non-Banking Financial Companies,,rbi_master_directions,primary_corpus
md_12938,https://rbidocs.rbi.org.in/rdocs/notification/PDFs/366MDF8A3AEF00BF24FFC8FA8F1B096F8E054.PDF,"Reserve Bank of India (Standalone Primary Dealers) Directions, 2025 (Updated as on March 10, 2026)",PDF,cached,2026-08-12T19:00:59.643999+00:00,/Users/karan/Downloads/carbon-tracker 3/Capstone_project/data/raw/master_directions/md_12938.pdf,d2698c92fd599ff74418b029b579bf48db6ee9888398c78cb0b31429621fc7da,Non-Banking Financial Companies,(Standalone Primary Dealers),Non-Banking Financial Companies,,rbi_master_directions,primary_corpus
md_12939,https://rbidocs.rbi.org.in/rdocs/notification/PDFs/365MD8214102C853241B98E06B2123AB42657.PDF,"Reserve Bank of India (Housing Finance Companies) Directions, 2025 (Updated as on April 15, 2026)",PDF,cached,2026-08-12T19:00:59.644647+00:00,/Users/karan/Downloads/carbon-tracker 3/Capstone_project/data/raw/master_directions/md_12939.pdf,bd48be1fede71b1589a63922c3b39d8972a58006a08051342676a744dda8da74,Non-Banking Financial Companies,(Housing Finance Companies),Non-Banking Financial Companies,,rbi_master_directions,primary_corpus
md_12940,https://rbidocs.rbi.org.in/rdocs/notification/PDFs/364MD89C593EA3A124B1491E797D1A752110F.PDF,"Reserve Bank of India (Non-Banking Financial Companies – Climate Finance and Management of Climate Change Risks) Directions, 2025",PDF,cached,2026-08-12T19:00:59.645305+00:00,/Users/karan/Downloads/carbon-tracker 3/Capstone_project/data/raw/master_directions/md_12940.pdf,ef3945704c5ebe7bddfb4b398160cd4a4d38ab686d944b30b8a20afde13a52fb,Non,Banking Financial Companies – Climate Finance and Management of Climate Change Risks,Non-Banking Financial Companies,,rbi_master_directions,primary_corpus
md_12941,https://rbidocs.rbi.org.in/rdocs/notification/PDFs/363MD40F22B0CDF734E3C884A9CBCE5DF9194.PDF,"Reserve Bank of India (Non-Banking Financial Companies – Managing Risks in Outsourcing) Directions, 2025",PDF,cached,2026-08-12T19:00:59.645714+00:00,/Users/karan/Downloads/carbon-tracker 3/Capstone_project/data/raw/master_directions/md_12941.pdf,6e2d95d37c50ae00989c162d35c99d83927e8345de08aaabbbaa74d12210015f,Non,Banking Financial Companies – Managing Risks in Outsourcing,Non-Banking Financial Companies,,rbi_master_directions,primary_corpus
md_12942,https://rbidocs.rbi.org.in/rdocs/notification/PDFs/362MD26CA543937BA439A97E1BCFC08CF5808.PDF,"Reserve Bank of India (Non-Banking Financial Companies – Responsible Business Conduct) Directions, 2025 (Updated as on July 1, 2026)",PDF,cached,2026-08-12T19:00:59.646304+00:00,/Users/karan/Downloads/carbon-tracker 3/Capstone_project/data/raw/master_directions/md_12942.pdf,baed420340e983d696cc1b6546bdd4513bd4e658977715c5f00a096714a3a559,Non,Banking Financial Companies – Responsible Business Conduct,Non-Banking Financial Companies,,rbi_master_directions,primary_corpus
md_12943,https://rbidocs.rbi.org.in/rdocs/notification/PDFs/361MD1E2F8EA063454AD5AFA1D02A1BA5ACA7.PDF,"Reserve Bank of India (Non-Banking Financial Companies – Know Your Customer) Directions, 2025 (Updated as on December 29, 2025)",PDF,cached,2026-08-12T19:00:59.646759+00:00,/Users/karan/Downloads/carbon-tracker 3/Capstone_project/data/raw/master_directions/md_12943.pdf,c7c2dbdaa1917169a7c5e7b369058d6502b171b81d6a69a4b061d9391fa7cc77,Non,Banking Financial Companies – Know Your Customer,Non-Banking Financial Companies,,rbi_master_directions,primary_corpus
md_12944,https://rbidocs.rbi.org.in/rdocs/notification/PDFs/360MD1E07039E1DCA455B8CCB9D0C4BFD4BBE.PDF,"Reserve Bank of India (Non-Banking Financial Companies – Prudential Norms on Declaration of Dividends) Directions, 2025 (Updated as on July 01, 2026)",PDF,cached,2026-08-12T19:00:59.647339+00:00,/Users/karan/Downloads/carbon-tracker 3/Capstone_project/data/raw/master_directions/md_12944.pdf,37b3359d2f6240b536b735fd8ee437229a5b690604f9063929d218e3023e3194,Non,Banking Financial Companies – Prudential Norms on Declaration of Dividends,Non-Banking Financial Companies,,rbi_master_directions,primary_corpus
md_12945,https://rbidocs.rbi.org.in/rdocs/notification/PDFs/359MD22B81FAE1AB9481BA79541602ADD032D.PDF,"Reserve Bank of India (Non-Banking Financial Companies – Financial Statements: Presentation and Disclosures) Directions, 2025 (Updated as on July 01, 2026)",PDF,cached,2026-08-12T19:00:59.647721+00:00,/Users/karan/Downloads/carbon-tracker 3/Capstone_project/data/raw/master_directions/md_12945.pdf,1013ed1323f25fa04c7f8c5e59c547cb8cb42b6d668e48e0787cf40f20646b65,Non,Banking Financial Companies – Financial Statements: Presentation and Disclosures,Non-Banking Financial Companies,,rbi_master_directions,primary_corpus
md_12946,https://rbidocs.rbi.org.in/rdocs/notification/PDFs/358MDB0FF0CDD07C04BFAB5A97494E9BB7104.PDF,"Reserve Bank of India (Non-Banking Financial Companies – Treatment of Wilful Defaulters and Large Defaulters) Directions, 2025 (Updated as on July 01, 2026)",PDF,cached,2026-08-12T19:00:59.648576+00:00,/Users/karan/Downloads/carbon-tracker 3/Capstone_project/data/raw/master_directions/md_12946.pdf,fe282b515cb569c5e2469a0a7e232a6e87e6761486f17d493d75d8af90855d4b,Non,Banking Financial Companies – Treatment of Wilful Defaulters and Large Defaulters,Non-Banking Financial Companies,,rbi_master_directions,primary_corpus
md_12947,https://rbidocs.rbi.org.in/rdocs/notification/PDFs/357MD501BDDC9758E40B592D1AD2D919CC6AF.PDF,"Reserve Bank of India (Non-Banking Financial Companies – Resolution of Stressed Assets) Directions, 2025 (updated as on July 1, 2026)",PDF,cached,2026-08-12T19:00:59.649306+00:00,/Users/karan/Downloads/carbon-tracker 3/Capstone_project/data/raw/master_directions/md_12947.pdf,4c0fb9d20a6e58e47f15c7b2ddfbe0a6cf5241583fd956819963f3732b83dafd,Non,Banking Financial Companies – Resolution of Stressed Assets,Non-Banking Financial Companies,,rbi_master_directions,primary_corpus
md_12948,https://rbidocs.rbi.org.in/rdocs/notification/PDFs/356MD4F8109CA54BE44A9805C5300601F8A11.PDF,"Reserve Bank of India (Non-Banking Financial Companies – Income Recognition, Asset Classification and Provisioning) Directions, 2025 (updated as on July 01, 2026)",PDF,cached,2026-08-12T19:00:59.649963+00:00,/Users/karan/Downloads/carbon-tracker 3/Capstone_project/data/raw/master_directions/md_12948.pdf,b19fcbcd614f025b7064d5d7ec4fd95da99db8b2f3b4e19ab778b6f750ded754,Non,"Banking Financial Companies – Income Recognition, Asset Classification and Provisioning",Non-Banking Financial Companies,,rbi_master_directions,primary_corpus
md_12949,https://rbidocs.rbi.org.in/rdocs/notification/PDFs/355MDDFD8E87964DD4F529248131781B5812F.PDF,"Reserve Bank of India (Non-Banking Financial Companies – Asset Liability Management) Directions, 2025 (Updated as on July 01, 2026)",PDF,cached,2026-08-12T19:00:59.650380+00:00,/Users/karan/Downloads/carbon-tracker 3/Capstone_project/data/raw/master_directions/md_12949.pdf,7106366142c0e6182c36df5f10809aad4bbd13e316c5f382079f4933bd3f2f75,Non,Banking Financial Companies – Asset Liability Management,Non-Banking Financial Companies,,rbi_master_directions,primary_corpus
md_12950,https://rbidocs.rbi.org.in/rdocs/notification/PDFs/354MD1F909E42C44E481085D47ECF16A9EE26.PDF,"Reserve Bank of India (Non-Banking Financial Companies – Classification, Valuation and Operation of Investment Portfolio) Directions, 2025 (Updated as on July 01, 2026)",PDF,cached,2026-08-12T19:00:59.650987+00:00,/Users/karan/Downloads/carbon-tracker 3/Capstone_project/data/raw/master_directions/md_12950.pdf,9c66c38d957c01467704a82b69c556e074546e82b8ff8d47aa65218da7a4de24,Non,"Banking Financial Companies – Classification, Valuation and Operation of Investment Portfolio",Non-Banking Financial Companies,,rbi_master_directions,primary_corpus
md_12951,https://rbidocs.rbi.org.in/rdocs/notification/PDFs/353MD9A35481FC07E4D1199A62E5C2356B0C4.PDF,"Reserve Bank of India (Non-Banking Financial Companies – Securitisation Transactions) Directions, 2025 (Updated as on July 01, 2026)",PDF,cached,2026-08-12T19:00:59.651321+00:00,/Users/karan/Downloads/carbon-tracker 3/Capstone_project/data/raw/master_directions/md_12951.pdf,877909011f8613afd71e321300daae8745bc481441c202dc82a6049a57f1726d,Non,Banking Financial Companies – Securitisation Transactions,Non-Banking Financial Companies,,rbi_master_directions,primary_corpus
md_12952,https://rbidocs.rbi.org.in/rdocs/notification/PDFs/352MDCF4E55B0ACD24FCC8AED1C715997F0F9.PDF,"Reserve Bank of India (Non-Banking Financial Companies - Transfer and Distribution of Credit Risk) Directions, 2025 (Updated as on July 01, 2026)",PDF,cached,2026-08-12T19:00:59.651759+00:00,/Users/karan/Downloads/carbon-tracker 3/Capstone_project/data/raw/master_directions/md_12952.pdf,68bbf3be408d9f07bb82ea9af1fb37cfa382fe4eb8202e045a2f9a22d233af7e,Non,Banking Financial Companies - Transfer and Distribution of Credit Risk,Non-Banking Financial Companies,,rbi_master_directions,primary_corpus
md_12953,https://rbidocs.rbi.org.in/rdocs/notification/PDFs/351MD74108723E6DA484E954DB9D2C7ED184C.PDF,"Reserve Bank of India (Non-Banking Financial Companies - Concentration Risk Management) Directions, 2025 (Updated as on July 01, 2026)",PDF,cached,2026-08-12T19:00:59.652132+00:00,/Users/karan/Downloads/carbon-tracker 3/Capstone_project/data/raw/master_directions/md_12953.pdf,ca56a0ec88a9e17570207aad23dbb2b6d677873a4bf508452b7544567acafe05,Non,Banking Financial Companies - Concentration Risk Management,Non-Banking Financial Companies,,rbi_master_directions,primary_corpus
md_12954,https://rbidocs.rbi.org.in/rdocs/notification/PDFs/350MDEF81E70DAB50429898EB2CF07BBCA09E.PDF,"Reserve Bank of India (Non-Banking Financial Companies – Credit Risk Management) Directions, 2025 (Updated as on July 01, 2026)",PDF,cached,2026-08-12T19:00:59.652515+00:00,/Users/karan/Downloads/carbon-tracker 3/Capstone_project/data/raw/master_directions/md_12954.pdf,da6c970ead77ae1894508cbeb15137fdcbfe829bf6eb479bfe82d3b759baa80e,Non,Banking Financial Companies – Credit Risk Management,Non-Banking Financial Companies,,rbi_master_directions,primary_corpus
md_12955,https://rbidocs.rbi.org.in/rdocs/notification/PDFs/349MD04B1F5EC16D84779BC61D9CC40552401.PDF,"Reserve Bank of India (Non-Banking Financial Companies – Credit Information Reporting) Directions, 2025 (Updated as on July 01, 2026)",PDF,cached,2026-08-12T19:00:59.652873+00:00,/Users/karan/Downloads/carbon-tracker 3/Capstone_project/data/raw/master_directions/md_12955.pdf,f16abb3d840c78202cee6843815b83a20888008fce8934ef01590556aed14cf0,Non,Banking Financial Companies – Credit Information Reporting,Non-Banking Financial Companies,,rbi_master_directions,primary_corpus
md_12956,https://rbidocs.rbi.org.in/rdocs/notification/PDFs/348MD993245D8570047299D1814811F20AFEE.PDF,"Reserve Bank of India (Non-Banking Financial Companies – Credit Cards: Issuance and Conduct) Directions, 2025",PDF,cached,2026-08-12T19:00:59.653587+00:00,/Users/karan/Downloads/carbon-tracker 3/Capstone_project/data/raw/master_directions/md_12956.pdf,7b2049f104535ba830a337db31cdef6cea68a4b6a61b2cdf4ffd5c2bfbe8b5e0,Non,Banking Financial Companies – Credit Cards: Issuance and Conduct,Non-Banking Financial Companies,,rbi_master_directions,primary_corpus
md_12957,https://rbidocs.rbi.org.in/rdocs/notification/PDFs/347MD5CC21D3597C04354B67A42A1A4CB439C.PDF,"Reserve Bank of India (Non-Banking Financial Companies – Credit Facilities) Directions, 2025 (updated as on July 15, 2026)",PDF,cached,2026-08-12T19:00:59.653996+00:00,/Users/karan/Downloads/carbon-tracker 3/Capstone_project/data/raw/master_directions/md_12957.pdf,0b5f49f8de6cc832e17de1298fd705764c907b819d9e2db97b4af3b909b5ccb7,Non,Banking Financial Companies – Credit Facilities,Non-Banking Financial Companies,,rbi_master_directions,primary_corpus
md_12958,https://rbidocs.rbi.org.in/rdocs/notification/PDFs/346MD6C1FC3FFE3E84415B12A1C05642FD3E3.PDF,"Reserve Bank of India (Non-Banking Financial Companies – Acceptance of Public Deposits) Directions, 2025 (Updated as on April 15, 2026)",PDF,cached,2026-08-12T19:00:59.654483+00:00,/Users/karan/Downloads/carbon-tracker 3/Capstone_project/data/raw/master_directions/md_12958.pdf,9210f1b0020f475e0b4519e66edbdb339d7b5b2581c40a0b8e3a6ebf319c6a78,Non,Banking Financial Companies – Acceptance of Public Deposits,Non-Banking Financial Companies,,rbi_master_directions,primary_corpus
md_12959,https://rbidocs.rbi.org.in/rdocs/notification/PDFs/345MDAB71EF5B2D534D7B92C654742BDF9A77.PDF,"Reserve Bank of India (Non-Banking Financial Companies – Prudential Norms on Capital Adequacy) Directions, 2025 (Updated as on July 01, 2026)",PDF,cached,2026-08-12T19:00:59.654835+00:00,/Users/karan/Downloads/carbon-tracker 3/Capstone_project/data/raw/master_directions/md_12959.pdf,2083b2cccd8f8ade565f9a6706ffe24323b69c1271481bd635c5ea7db237f450,Non,Banking Financial Companies – Prudential Norms on Capital Adequacy,Non-Banking Financial Companies,,rbi_master_directions,primary_corpus
md_12960,https://rbidocs.rbi.org.in/rdocs/notification/PDFs/344MD22F0E87F6DD848919A6459236939D76F.PDF,"Reserve Bank of India (Non-Banking Financial Companies – Governance) Directions, 2025 (Updated as on June 24, 2026)",PDF,cached,2026-08-12T19:00:59.655392+00:00,/Users/karan/Downloads/carbon-tracker 3/Capstone_project/data/raw/master_directions/md_12960.pdf,6b6633061bdf45caa0e31834b5fd7a518b3eeaba8ed8f42a5fb8b3af9f6b588a,Non,Banking Financial Companies – Governance,Non-Banking Financial Companies,,rbi_master_directions,primary_corpus
md_12961,https://rbidocs.rbi.org.in/rdocs/notification/PDFs/343MD54448C9FA65A429BB5AFADBB162904F1.PDF,"Reserve Bank of India (Non-Banking Financial Companies – Undertaking of Financial Services) Directions, 2025 (Updated as on July 01, 2026)",PDF,cached,2026-08-12T19:00:59.655831+00:00,/Users/karan/Downloads/carbon-tracker 3/Capstone_project/data/raw/master_directions/md_12961.pdf,a3f0b7bdda6febffb8fe7bc548141c6ca911e657b35870dc890eb219aba4f166,Non,Banking Financial Companies – Undertaking of Financial Services,Non-Banking Financial Companies,,rbi_master_directions,primary_corpus
md_12962,https://rbidocs.rbi.org.in/rdocs/notification/PDFs/342MD6D0E541E684A451BB4BB80C4819B2BB1.PDF,"Reserve Bank of India (Non-Banking Financial Companies – Branch Authorisation) Directions, 2025 (Updated as on April 15, 2026)",PDF,cached,2026-08-12T19:00:59.656280+00:00,/Users/karan/Downloads/carbon-tracker 3/Capstone_project/data/raw/master_directions/md_12962.pdf,3df79695c1f1bddee2de651ca3db0e2a8e67313ddc6c5d6fc96b3c404a56ff8b,Non,Banking Financial Companies – Branch Authorisation,Non-Banking Financial Companies,,rbi_master_directions,primary_corpus
md_12963,https://rbidocs.rbi.org.in/rdocs/notification/PDFs/341MDDF7F3A9C8BF2439D828E773D444D7FD3.PDF,"Reserve Bank of India (Non-Banking Financial Companies – Voluntary Amalgamation) Directions, 2025",PDF,cached,2026-08-12T19:00:59.656547+00:00,/Users/karan/Downloads/carbon-tracker 3/Capstone_project/data/raw/master_directions/md_12963.pdf,f87293bb7d5fdc7d988f46c68f8077379ac40053892d774b6c7c47d6b0053a0f,Non,Banking Financial Companies – Voluntary Amalgamation,Non-Banking Financial Companies,,rbi_master_directions,primary_corpus
md_12964,https://rbidocs.rbi.org.in/rdocs/notification/PDFs/340MD4B77ED4B942E4F9FBECA5673D0360BA3.PDF,"Reserve Bank of India (Non-Banking Financial Companies – Acquisition of Shareholding or Control) Directions, 2025",PDF,cached,2026-08-12T19:00:59.656828+00:00,/Users/karan/Downloads/carbon-tracker 3/Capstone_project/data/raw/master_directions/md_12964.pdf,eed3b953e66a8af9aab48199b5b18a03d10c6ce6c9b074f07426c60a6dd751ac,Non,Banking Financial Companies – Acquisition of Shareholding or Control,Non-Banking Financial Companies,,rbi_master_directions,primary_corpus
md_12965,https://rbidocs.rbi.org.in/rdocs/notification/PDFs/339MD7166A79E96D64572B378949D3972DBD1.PDF,"Reserve Bank of India (Non-Banking Financial Companies – Registration, Exemptions and Framework for Scale Based Regulation) Directions, 2025 (Updated as on July 01, 2026)",PDF,cached,2026-08-12T19:00:59.657134+00:00,/Users/karan/Downloads/carbon-tracker 3/Capstone_project/data/raw/master_directions/md_12965.pdf,19726084fc4cadbe15d3d4fa7db6f7fa8d852010305bd89389093577c6d83c6c,Non,"Banking Financial Companies – Registration, Exemptions and Framework for Scale Based Regulation",Non-Banking Financial Companies,,rbi_master_directions,primary_corpus
md_12927,https://rbidocs.rbi.org.in/rdocs/notification/PDFs/377MDC2C0B12BF5FA4716B1186CBAFBAEE6DC.PDF,"Reserve Bank of India (Asset Reconstruction Companies – Know Your Customer) Directions, 2025 (Updated as on December 29, 2025)",PDF,cached,2026-08-12T19:00:59.657554+00:00,/Users/karan/Downloads/carbon-tracker 3/Capstone_project/data/raw/master_directions/md_12927.pdf,cc45594558f7806412d894c655d463e03377d73d67231c8e38ea5f2ad7cf930e,Asset Reconstruction Companies,Know Your Customer,Asset Reconstruction Companies,,rbi_master_directions,primary_corpus
md_12928,https://rbidocs.rbi.org.in/rdocs/notification/PDFs/376MD90C9663D1BA3430989254B93FFC0C975.PDF,"Reserve Bank of India (Asset Reconstruction Companies – Treatment of Wilful Defaulters and Large Defaulters) Directions, 2025",PDF,cached,2026-08-12T19:00:59.658047+00:00,/Users/karan/Downloads/carbon-tracker 3/Capstone_project/data/raw/master_directions/md_12928.pdf,4fc291aa732e534ac6a04ce2c5bed9d842b20926a8147e68f4e25e2769e93f70,Asset Reconstruction Companies,Treatment of Wilful Defaulters and Large Defaulters,Asset Reconstruction Companies,,rbi_master_directions,primary_corpus
md_12929,https://rbidocs.rbi.org.in/rdocs/notification/PDFs/375MD4501F9CAB74942A5862702FA20D4F275.PDF,"Reserve Bank of India (Asset Reconstruction Companies  – Credit Information Reporting) Directions, 2025 (Updated as on July 01, 2026)",PDF,cached,2026-08-12T19:00:59.658418+00:00,/Users/karan/Downloads/carbon-tracker 3/Capstone_project/data/raw/master_directions/md_12929.pdf,2ee0eb12e47a92f90df497265d009aac7558e185b20098abde7d82c56bc6ea87,Asset Reconstruction Companies,Credit Information Reporting,Asset Reconstruction Companies,,rbi_master_directions,primary_corpus
md_12930,https://rbidocs.rbi.org.in/rdocs/notification/PDFs/374MD5EB12B213C134165BBC19F6F9B01434A.PDF,"Reserve Bank of India (Asset Reconstruction Companies) Directions, 2025 (Updated as on March 10, 2026)",PDF,cached,2026-08-12T19:00:59.659100+00:00,/Users/karan/Downloads/carbon-tracker 3/Capstone_project/data/raw/master_directions/md_12930.pdf,1f9918b66ab13acf1d76cdba9adf9ba5b08fe2d66bdebeedf6eaa32e2df20f77,Asset Reconstruction Companies,(Asset Reconstruction Companies),Asset Reconstruction Companies,,rbi_master_directions,primary_corpus
md_12925,https://rbidocs.rbi.org.in/rdocs/notification/PDFs/379MD4FB63C400E634A6EA5E9F800150E0643.PDF,"Reserve Bank of India (Credit Information Companies – Managing Risks in Outsourcing) Directions, 2025",PDF,cached,2026-08-12T19:00:59.659684+00:00,/Users/karan/Downloads/carbon-tracker 3/Capstone_project/data/raw/master_directions/md_12925.pdf,9d2eed0d194b3d6c4835588e947c298881225fe9e9dc67d1883ea6444b760b74,Credit Information Companies,Managing Risks in Outsourcing,Credit Information Companies,,rbi_master_directions,primary_corpus
md_12926,https://rbidocs.rbi.org.in/rdocs/notification/PDFs/378MD65D46FCCF0C34491B34505C6E1DACFFE.PDF,"Reserve Bank of India (Credit Information Companies) Directions, 2025 (Updated as on July 01, 2026)",PDF,cached,2026-08-12T19:00:59.660026+00:00,/Users/karan/Downloads/carbon-tracker 3/Capstone_project/data/raw/master_directions/md_12926.pdf,d20454db99869c186119fa3064cacc31faf7f6ad5d0a28f27a4ee42c14f8a7df,Credit Information Companies,(Credit Information Companies),Credit Information Companies,,rbi_master_directions,primary_corpus
md_13637,https://rbidocs.rbi.org.in/rdocs/notification/PDFs/416MD53D6A6765E6649B6AAABB58C0E4C7EFB.PDF,"Reserve Bank of India (Commercial Banks – Miscellaneous) Supervisory Directions, 2026",PDF,cached,2026-08-12T19:00:59.660868+00:00,/Users/karan/Downloads/carbon-tracker 3/Capstone_project/data/raw/master_directions/md_13637.pdf,861821ae1e71b3c901f6550f49d1bf62629d9240760c23294e035405f66002d7,Commercial Banks,(Commercial Banks – Miscellaneous) Supervisory,Commercial Banks,,rbi_master_directions,primary_corpus
md_13638,https://rbidocs.rbi.org.in/rdocs/notification/PDFs/415MD17AD8787C68848D58600F61E35468861.PDF,"Reserve Bank of India (Commercial Banks – Supervisory Returns) Directions, 2026",PDF,cached,2026-08-12T19:00:59.661299+00:00,/Users/karan/Downloads/carbon-tracker 3/Capstone_project/data/raw/master_directions/md_13638.pdf,ca25c8082d031ce1fef76ec271c268b37c6ee63843bce9aedccd59bd4779318d,Commercial Banks,Supervisory Returns,Commercial Banks,,rbi_master_directions,primary_corpus
md_13639,https://rbidocs.rbi.org.in/rdocs/notification/PDFs/414MDEB929BD427B7443C98B182F2A13E1396.PDF,"Reserve Bank of India (Commercial Banks – Statutory Audit) Directions, 2026",PDF,cached,2026-08-12T19:00:59.662076+00:00,/Users/karan/Downloads/carbon-tracker 3/Capstone_project/data/raw/master_directions/md_13639.pdf,a06925127d98c226c5cac176f78778773ffb05c638aef6104111f33dae8e2985,Commercial Banks,Statutory Audit,Commercial Banks,,rbi_master_directions,primary_corpus
md_13640,https://rbidocs.rbi.org.in/rdocs/notification/PDFs/413MD4F9FF319B5954ED1998D65025BDCBFDA.PDF,"Reserve Bank of India (Commercial Banks - Internal Audit Function) Directions, 2026",PDF,cached,2026-08-12T19:00:59.664369+00:00,/Users/karan/Downloads/carbon-tracker 3/Capstone_project/data/raw/master_directions/md_13640.pdf,226fead073961971beb479381fb2b286c0447fd8fbc58ec5f1df9f6679700b4e,Commercial Banks,Internal Audit Function,Commercial Banks,,rbi_master_directions,primary_corpus
md_13641,https://rbidocs.rbi.org.in/rdocs/notification/PDFs/412MD5B6CA712E156413BACDEA9DD5CF5D1EF.PDF,"Reserve Bank of India (Commercial Banks – Fraud Risk Management) Directions, 2026",PDF,cached,2026-08-12T19:00:59.665043+00:00,/Users/karan/Downloads/carbon-tracker 3/Capstone_project/data/raw/master_directions/md_13641.pdf,cc99949ff53030c0877bbc48c3014978d9e800703036810736212fa75c09c401,Commercial Banks,Fraud Risk Management,Commercial Banks,,rbi_master_directions,primary_corpus
md_13642,https://rbidocs.rbi.org.in/rdocs/notification/PDFs/411MD1918998D1AD74F159D57664FB10E053F.PDF,"Reserve Bank of India (Commercial Banks – Digital Payment Security Controls) Directions, 2026",PDF,cached,2026-08-12T19:00:59.665961+00:00,/Users/karan/Downloads/carbon-tracker 3/Capstone_project/data/raw/master_directions/md_13642.pdf,9ed7827af0b3925b54448c4e3717fd7d5422389b181c1f974ae1c037c23c6c53,Commercial Banks,Digital Payment Security Controls,Commercial Banks,,rbi_master_directions,primary_corpus
md_13643,https://rbidocs.rbi.org.in/rdocs/notification/PDFs/410MD1C1DD4C43C9C49ED9033D64902636D9C.PDF,"Reserve Bank of India (Commercial Banks – Cybersecurity, Technology: Risk, Resilience and Assurance Framework) Directions, 2026",PDF,cached,2026-08-12T19:00:59.666335+00:00,/Users/karan/Downloads/carbon-tracker 3/Capstone_project/data/raw/master_directions/md_13643.pdf,93b71d78de055e224131f5028f97b070b8f83b2e40df08bbb833d70f833a7c4b,Commercial Banks,"Cybersecurity, Technology: Risk, Resilience and Assurance Framework",Commercial Banks,,rbi_master_directions,primary_corpus
md_13644,https://rbidocs.rbi.org.in/rdocs/notification/PDFs/409MD13EB09368FC543A2BEDF3B9E8F2C9A6A.PDF,"Reserve Bank of India (Commercial Banks – Concurrent Audit) Directions, 2026",PDF,cached,2026-08-12T19:00:59.666795+00:00,/Users/karan/Downloads/carbon-tracker 3/Capstone_project/data/raw/master_directions/md_13644.pdf,5e045948c84eb8f7d15839d0bbf0832ab44b6d42ce51260f723f64c167bd70e6,Commercial Banks,Concurrent Audit,Commercial Banks,,rbi_master_directions,primary_corpus
md_13645,https://rbidocs.rbi.org.in/rdocs/notification/PDFs/408MD83CAFF1305FB4180A6C3B4E68C88ED09.PDF,"Reserve Bank of India (Commercial Banks - Compliance Function) Directions, 2026",PDF,cached,2026-08-12T19:00:59.667285+00:00,/Users/karan/Downloads/carbon-tracker 3/Capstone_project/data/raw/master_directions/md_13645.pdf,8add83ff0207fc1d0744dffd553d3c9ccec96f2ca7f45c3a014f3c6390dec4bd,Commercial Banks,Compliance Function,Commercial Banks,,rbi_master_directions,primary_corpus
md_13628,https://rbidocs.rbi.org.in/rdocs/notification/PDFs/425MD0436481B095C48CD89101DA2ACCD152E.PDF,"Reserve Bank of India (Small Finance Banks – Miscellaneous) Supervisory Directions, 2026",PDF,cached,2026-08-12T19:00:59.668074+00:00,/Users/karan/Downloads/carbon-tracker 3/Capstone_project/data/raw/master_directions/md_13628.pdf,aa63d44001ee81eddf57a4a3931974d56bec4e52f0c9ec5beb17f953530181a4,Small Finance Banks,(Small Finance Banks – Miscellaneous) Supervisory,Small Finance Banks,,rbi_master_directions,primary_corpus
md_13629,https://rbidocs.rbi.org.in/rdocs/notification/PDFs/424MD2CF5C97A54FA4C2883108496BBEF2D80.PDF,"Reserve Bank of India (Small Finance Banks - Supervisory Returns) Directions, 2026",PDF,cached,2026-08-12T19:00:59.668484+00:00,/Users/karan/Downloads/carbon-tracker 3/Capstone_project/data/raw/master_directions/md_13629.pdf,076a2f6ce7968eda52322062791edd30bc451629e6e952f831087afd3f517da1,Small Finance Banks,Supervisory Returns,Small Finance Banks,,rbi_master_directions,primary_corpus
md_13630,https://rbidocs.rbi.org.in/rdocs/notification/PDFs/423MD425FF643D83E4234949863E6681E0BC3.PDF,"Reserve Bank of India (Small Finance Banks – Statutory Audit) Directions, 2026",PDF,cached,2026-08-12T19:00:59.669193+00:00,/Users/karan/Downloads/carbon-tracker 3/Capstone_project/data/raw/master_directions/md_13630.pdf,f496ea420dc2ad5e47e4fa7d1fa09463e61cb11acc1911b08f8beecb660ea7bf,Small Finance Banks,Statutory Audit,Small Finance Banks,,rbi_master_directions,primary_corpus
md_13631,https://rbidocs.rbi.org.in/rdocs/notification/PDFs/422MD40D63D4AC3564816952B97A16E1AFABD.PDF,"Reserve Bank of India (Small Finance Banks - Internal Audit Function) Directions, 2026",PDF,cached,2026-08-12T19:00:59.670907+00:00,/Users/karan/Downloads/carbon-tracker 3/Capstone_project/data/raw/master_directions/md_13631.pdf,902b5be51017658ba4743112bd76699af9d9a5f786081470d46a01f647d367d7,Small Finance Banks,Internal Audit Function,Small Finance Banks,,rbi_master_directions,primary_corpus
md_13632,https://rbidocs.rbi.org.in/rdocs/notification/PDFs/421MD045AAA3F34354D88B80AB52E2EFBBBA1.PDF,"Reserve Bank of India (Small Finance Banks – Fraud Risk Management) Directions, 2026",PDF,cached,2026-08-12T19:00:59.671564+00:00,/Users/karan/Downloads/carbon-tracker 3/Capstone_project/data/raw/master_directions/md_13632.pdf,203f74b22f40bfdf3cdcda32c90b02f0bf15be0b69f4a0dd5dec4c6b567ac0f9,Small Finance Banks,Fraud Risk Management,Small Finance Banks,,rbi_master_directions,primary_corpus
md_13633,https://rbidocs.rbi.org.in/rdocs/notification/PDFs/420MD29384D707EBB4C938067734D3B24D278.PDF,"Reserve Bank of India (Small Finance Banks – Digital Payment Security Controls) Directions, 2026",PDF,cached,2026-08-12T19:00:59.672450+00:00,/Users/karan/Downloads/carbon-tracker 3/Capstone_project/data/raw/master_directions/md_13633.pdf,8d3bdb46ab0833456b82e467c8c1261d712a7067e36f7eac623dc5fbe606a728,Small Finance Banks,Digital Payment Security Controls,Small Finance Banks,,rbi_master_directions,primary_corpus
md_13634,https://rbidocs.rbi.org.in/rdocs/notification/PDFs/419MD2FBDBDE1A8C948B79579A76A9BC83E21.PDF,"Reserve Bank of India (Small Finance Banks - Cybersecurity, Technology: Risk, Resilience and Assurance Framework) Directions, 2026",PDF,cached,2026-08-12T19:00:59.672812+00:00,/Users/karan/Downloads/carbon-tracker 3/Capstone_project/data/raw/master_directions/md_13634.pdf,a3c27ccd0acecdb80ca6ecfad5e5c688a3bca960397b6ae52ba11ff764ac79b3,Small Finance Banks,"Cybersecurity, Technology: Risk, Resilience and Assurance Framework",Small Finance Banks,,rbi_master_directions,primary_corpus
md_13635,https://rbidocs.rbi.org.in/rdocs/notification/PDFs/418MD59AF663B94CE4CA4AED6B0F320D63F27.PDF,"Reserve Bank of India (Small Finance Banks – Concurrent Audit) Directions, 2026",PDF,cached,2026-08-12T19:00:59.673250+00:00,/Users/karan/Downloads/carbon-tracker 3/Capstone_project/data/raw/master_directions/md_13635.pdf,b07cb83c710634d9951ba60ce9e10ea57b86e31871c71d17a36faf41c522230f,Small Finance Banks,Concurrent Audit,Small Finance Banks,,rbi_master_directions,primary_corpus
md_13636,https://rbidocs.rbi.org.in/rdocs/notification/PDFs/417MDBF2FB62647A34F518725C7419A522A1A.PDF,"Reserve Bank of India (Small Finance Banks - Compliance Function) Directions, 2026",PDF,cached,2026-08-12T19:00:59.673707+00:00,/Users/karan/Downloads/carbon-tracker 3/Capstone_project/data/raw/master_directions/md_13636.pdf,60935e451c543024549752b8db85972ed5837f9972cf547807a5d8d348c47808,Small Finance Banks,Compliance Function,Small Finance Banks,,rbi_master_directions,primary_corpus
md_13619,https://rbidocs.rbi.org.in/rdocs/notification/PDFs/434MDB0864F4A89F445818734DA5107794020.PDF,"Reserve Bank of India (Payments Banks – Miscellaneous) Supervisory Directions, 2026",PDF,cached,2026-08-12T19:00:59.674486+00:00,/Users/karan/Downloads/carbon-tracker 3/Capstone_project/data/raw/master_directions/md_13619.pdf,cc6b16f14abeaed4c1fac024ee21be3b5c55e0aa143207c861c75c7b3ca7934d,Payments Banks,(Payments Banks – Miscellaneous) Supervisory,Payments Banks,,rbi_master_directions,primary_corpus
md_13620,https://rbidocs.rbi.org.in/rdocs/notification/PDFs/433MD144CFE8D6C744FDABF82F09A06E54704.PDF,"Reserve Bank of India (Payments Banks - Supervisory Returns) Directions, 2026",PDF,cached,2026-08-12T19:00:59.674851+00:00,/Users/karan/Downloads/carbon-tracker 3/Capstone_project/data/raw/master_directions/md_13620.pdf,3ea0b283f187e8f2b54edeca4d15a05137fd68d4be0b676d5c65ad8a18719508,Payments Banks,Supervisory Returns,Payments Banks,,rbi_master_directions,primary_corpus
md_13621,https://rbidocs.rbi.org.in/rdocs/notification/PDFs/432MD02061AE612F1453BAD8A821EBECC8F58.PDF,"Reserve Bank of India (Payments Banks – Statutory Audit) Directions, 2026",PDF,cached,2026-08-12T19:00:59.675408+00:00,/Users/karan/Downloads/carbon-tracker 3/Capstone_project/data/raw/master_directions/md_13621.pdf,e5849a1f4000c88a1255e146e896f6b8b7c80811d2a10b9eb7d25e5a8f4f2848,Payments Banks,Statutory Audit,Payments Banks,,rbi_master_directions,primary_corpus
md_13622,https://rbidocs.rbi.org.in/rdocs/notification/PDFs/431MDACE5BE38F43D4579B03E9DF6F96DA7B7.PDF,"Reserve Bank of India (Payments Banks - Internal Audit Function) Directions, 2026",PDF,cached,2026-08-12T19:00:59.676551+00:00,/Users/karan/Downloads/carbon-tracker 3/Capstone_project/data/raw/master_directions/md_13622.pdf,a50e6cf09625928666722d1a97be416ee8af05a9b56a2e6df10fc5994f92b208,Payments Banks,Internal Audit Function,Payments Banks,,rbi_master_directions,primary_corpus
md_13623,https://rbidocs.rbi.org.in/rdocs/notification/PDFs/430MD8AFE9055BACE46968BC6E8CB3112471B.PDF,"Reserve Bank of India (Payments Banks – Fraud Risk Management) Directions, 2026",PDF,cached,2026-08-12T19:00:59.677194+00:00,/Users/karan/Downloads/carbon-tracker 3/Capstone_project/data/raw/master_directions/md_13623.pdf,45d4a633145603418bf972681d43dac75cb6a64ad2e94ab57285cdec81d4abcd,Payments Banks,Fraud Risk Management,Payments Banks,,rbi_master_directions,primary_corpus
md_13624,https://rbidocs.rbi.org.in/rdocs/notification/PDFs/429MD335484C7D27C4AC58720D636CA735A25.PDF,"Reserve Bank of India (Payments Banks – Digital Payment Security Controls) Directions, 2026",PDF,cached,2026-08-12T19:00:59.677984+00:00,/Users/karan/Downloads/carbon-tracker 3/Capstone_project/data/raw/master_directions/md_13624.pdf,e89e478dccc89661c5c9408fc9efe663d9efdbcc250982591c91766a80b7cfe8,Payments Banks,Digital Payment Security Controls,Payments Banks,,rbi_master_directions,primary_corpus
md_13625,https://rbidocs.rbi.org.in/rdocs/notification/PDFs/428MD47757204F5E54CE99FB1E19E8C458655.PDF,"Reserve Bank of India (Payments Banks - Cybersecurity, Technology: Risk, Resilience and Assurance Framework) Directions, 2026",PDF,cached,2026-08-12T19:00:59.678377+00:00,/Users/karan/Downloads/carbon-tracker 3/Capstone_project/data/raw/master_directions/md_13625.pdf,82df77bda93223e252c7b809463e8316e55759cfebde720aaeebe45c343568e4,Payments Banks,"Cybersecurity, Technology: Risk, Resilience and Assurance Framework",Payments Banks,,rbi_master_directions,primary_corpus
md_13626,https://rbidocs.rbi.org.in/rdocs/notification/PDFs/427MD7FCE1B261A9043DC9F6B526DAC24BCF3.PDF,"Reserve Bank of India (Payments Banks – Concurrent Audit) Directions, 2026",PDF,cached,2026-08-12T19:00:59.678898+00:00,/Users/karan/Downloads/carbon-tracker 3/Capstone_project/data/raw/master_directions/md_13626.pdf,c21c7493000c64fca0568478b19ca799c2949b1507a447a0d2a9e44f71dad40b,Payments Banks,Concurrent Audit,Payments Banks,,rbi_master_directions,primary_corpus
md_13627,https://rbidocs.rbi.org.in/rdocs/notification/PDFs/426MDAC33102EE3FA40DA842AAF54921D76DD.PDF,"Reserve Bank of India (Payments Banks - Compliance Function) Directions, 2026",PDF,cached,2026-08-12T19:00:59.679638+00:00,/Users/karan/Downloads/carbon-tracker 3/Capstone_project/data/raw/master_directions/md_13627.pdf,a5f1044f333999066f03ff71806a7446b31f68750b1faf58c946d9463545b3d5,Payments Banks,Compliance Function,Payments Banks,,rbi_master_directions,primary_corpus
md_13603,https://rbidocs.rbi.org.in/rdocs/notification/PDFs/450MD9EEAB01F633148768CC03DEEA746654E.PDF,"Reserve Bank of India (Local Area Banks – Miscellaneous) Supervisory Directions, 2026",PDF,cached,2026-08-12T19:00:59.680554+00:00,/Users/karan/Downloads/carbon-tracker 3/Capstone_project/data/raw/master_directions/md_13603.pdf,c2a62c03c038b215b68a4e6b6b7392be2622eaac2fed180dc0ad93d0b76b9692,Local Area Banks,(Local Area Banks – Miscellaneous) Supervisory,Local Area Banks,,rbi_master_directions,primary_corpus
md_13604,https://rbidocs.rbi.org.in/rdocs/notification/PDFs/449MD116AEA06D1C141EDA717FDD5B72BB988.PDF,"Reserve Bank of India (Local Area Banks - Supervisory Returns) Directions, 2026",PDF,cached,2026-08-12T19:00:59.681005+00:00,/Users/karan/Downloads/carbon-tracker 3/Capstone_project/data/raw/master_directions/md_13604.pdf,4a20f3e2910c37cfa9f8b37a2132892787af2dd3f287503dd117bd98f6cda6fb,Local Area Banks,Supervisory Returns,Local Area Banks,,rbi_master_directions,primary_corpus
md_13605,https://rbidocs.rbi.org.in/rdocs/notification/PDFs/448MDEB239D081FB94715A7DA64D5F34CC51D.PDF,"Reserve Bank of India (Local Area Banks – Statutory Audit) Directions, 2026",PDF,cached,2026-08-12T19:00:59.681613+00:00,/Users/karan/Downloads/carbon-tracker 3/Capstone_project/data/raw/master_directions/md_13605.pdf,e09adf650a807dd40dcee87f0a05539e1947011a49a0d4f55551e7881d64cb2f,Local Area Banks,Statutory Audit,Local Area Banks,,rbi_master_directions,primary_corpus
md_13606,https://rbidocs.rbi.org.in/rdocs/notification/PDFs/447MDBF165A2602F944F79E739038F8807402.PDF,"Reserve Bank of India (Local Area Banks - Internal Audit Function) Directions, 2026",PDF,cached,2026-08-12T19:00:59.683231+00:00,/Users/karan/Downloads/carbon-tracker 3/Capstone_project/data/raw/master_directions/md_13606.pdf,5b7f2bf1ee76828b3ded8454fd2ee93eeea38364de64b8c1d6266a86010c69ef,Local Area Banks,Internal Audit Function,Local Area Banks,,rbi_master_directions,primary_corpus
md_13607,https://rbidocs.rbi.org.in/rdocs/notification/PDFs/446MDF0DB1395806B4600842005FCA98583BE.PDF,"Reserve Bank of India (Local Area Banks – Fraud Risk Management) Directions, 2026",PDF,cached,2026-08-12T19:00:59.683877+00:00,/Users/karan/Downloads/carbon-tracker 3/Capstone_project/data/raw/master_directions/md_13607.pdf,caaf5512f57ab7bc6b921bcea372fd039eb9463468fa657ea39e91bbc22ee508,Local Area Banks,Fraud Risk Management,Local Area Banks,,rbi_master_directions,primary_corpus
md_13608,https://rbidocs.rbi.org.in/rdocs/notification/PDFs/445MD0C4C20C6998646ABAC1E8634D932999D.PDF,"Reserve Bank of India (Local Area Banks – Concurrent Audit) Directions, 2026",PDF,cached,2026-08-12T19:00:59.684743+00:00,/Users/karan/Downloads/carbon-tracker 3/Capstone_project/data/raw/master_directions/md_13608.pdf,b793beb77badc12d197cc13045239ae98e424db64033055d732f823bcfebe5b1,Local Area Banks,Concurrent Audit,Local Area Banks,,rbi_master_directions,primary_corpus
md_13609,https://rbidocs.rbi.org.in/rdocs/notification/PDFs/444MDF1F447E6FD10463DAEDCAA55AEBC11ED.PDF,"Reserve Bank of India (Local Area Banks - Compliance Function) Directions, 2026",PDF,cached,2026-08-12T19:00:59.685213+00:00,/Users/karan/Downloads/carbon-tracker 3/Capstone_project/data/raw/master_directions/md_13609.pdf,4a81d60bea5a117e6f708519b8759016130ebb0fdce8e34439c01d34fe02ab1c,Local Area Banks,Compliance Function,Local Area Banks,,rbi_master_directions,primary_corpus
md_13598,https://rbidocs.rbi.org.in/rdocs/notification/PDFs/455MDC05EBF7DB224411BA9BCFB752F1AA5C3.PDF,"Reserve Bank of India (Regional Rural Banks - Miscellaneous) Supervisory Directions, 2026",PDF,cached,2026-08-12T19:00:59.685997+00:00,/Users/karan/Downloads/carbon-tracker 3/Capstone_project/data/raw/master_directions/md_13598.pdf,8258366d99b31c89e0bb2a9467a3b24c138fd65279a4bb4c36e793b197657dc4,Regional Rural Banks,(Regional Rural Banks - Miscellaneous) Supervisory,Regional Rural Banks,,rbi_master_directions,primary_corpus
md_13599,https://rbidocs.rbi.org.in/rdocs/notification/PDFs/454MD3627FA91C182430CB1E49367CA5A9896.PDF,"Reserve Bank of India (Regional Rural Banks – Fraud Risk Management) Directions, 2026",PDF,cached,2026-08-12T19:00:59.686396+00:00,/Users/karan/Downloads/carbon-tracker 3/Capstone_project/data/raw/master_directions/md_13599.pdf,2e135e61ebb75950593edaa5fcaaaefc4433c1116f30417c396c724281d5d46e,Regional Rural Banks,Fraud Risk Management,Regional Rural Banks,,rbi_master_directions,primary_corpus
md_13610,https://rbidocs.rbi.org.in/rdocs/notification/PDFs/443MD40CA627030B44C78A2B73D3CE3BE4E98.PDF,"Reserve Bank of India (Urban Co-operative Banks - Miscellaneous) Supervisory Directions, 2026",PDF,cached,2026-08-12T19:00:59.687188+00:00,/Users/karan/Downloads/carbon-tracker 3/Capstone_project/data/raw/master_directions/md_13610.pdf,a23d07ff0a703bb4f550ea1faa8e1b4cee57d6bf0c9f6e4af28033fc5d2309dc,Urban Co-operative Banks,(Urban Co-operative Banks - Miscellaneous) Supervisory,Urban Co-operative Banks,,rbi_master_directions,primary_corpus
md_13611,https://rbidocs.rbi.org.in/rdocs/notification/PDFs/442MD0BA25C6023EF4C10A10B90D638D6B00D.PDF,"Reserve Bank of India (Urban Co-operative Banks - Supervisory Returns) Directions, 2026",PDF,cached,2026-08-12T19:00:59.687585+00:00,/Users/karan/Downloads/carbon-tracker 3/Capstone_project/data/raw/master_directions/md_13611.pdf,ee01bbccdf28baca9d769d8cf27e14d2357ef360a19fc1d8d73576ca3db96f1b,Urban Co,operative Banks - Supervisory Returns,Urban Co-operative Banks,,rbi_master_directions,primary_corpus
md_13612,https://rbidocs.rbi.org.in/rdocs/notification/PDFs/441MD53753CC8209F499E84242D70BF5AAB9F.PDF,"Reserve Bank of India (Urban Co-operative Banks - Statutory Audit) Directions, 2026",PDF,cached,2026-08-12T19:00:59.688302+00:00,/Users/karan/Downloads/carbon-tracker 3/Capstone_project/data/raw/master_directions/md_13612.pdf,07afdbf33e36c670b4dc95b7fb9be87716b13ac9f6d646ee968ace8c7be5d557,Urban Co,operative Banks - Statutory Audit,Urban Co-operative Banks,,rbi_master_directions,primary_corpus
md_13613,https://rbidocs.rbi.org.in/rdocs/notification/PDFs/440MDAD4DA76A732549728DFC3DC643051CA0.PDF,"Reserve Bank of India (Urban Co-operative Banks - Internal Audit Function) Directions, 2026",PDF,cached,2026-08-12T19:00:59.689068+00:00,/Users/karan/Downloads/carbon-tracker 3/Capstone_project/data/raw/master_directions/md_13613.pdf,a137fda97b5b033191c1fe960eb1a254714fdc84c0bf82491611f072acf2faff,Urban Co,operative Banks - Internal Audit Function,Urban Co-operative Banks,,rbi_master_directions,primary_corpus
md_13614,https://rbidocs.rbi.org.in/rdocs/notification/PDFs/439MD31E8DC47A27C4FE6B43005D22E4F6CB7.PDF,"Reserve Bank of India (Urban Co-operative Banks – Fraud Risk Management) Directions, 2026",PDF,cached,2026-08-12T19:00:59.689798+00:00,/Users/karan/Downloads/carbon-tracker 3/Capstone_project/data/raw/master_directions/md_13614.pdf,71ae25ca4c4f2a74894ab9b969601469f0ecf77885f1280395a3a4a27aa9bf88,Urban Co,operative Banks – Fraud Risk Management,Urban Co-operative Banks,,rbi_master_directions,primary_corpus
md_13615,https://rbidocs.rbi.org.in/rdocs/notification/PDFs/438MDD999C3E155F8479AA7075B10FAF82870.PDF,"Reserve Bank of India (Urban Co-operative Banks – Digital Payment Security Controls) Directions, 2026",PDF,cached,2026-08-12T19:00:59.690564+00:00,/Users/karan/Downloads/carbon-tracker 3/Capstone_project/data/raw/master_directions/md_13615.pdf,427728c0b1b18e164b6b8d679d791f2b8e16964bf57e230e019a5ac174800566,Urban Co,operative Banks – Digital Payment Security Controls,Urban Co-operative Banks,,rbi_master_directions,primary_corpus
md_13616,https://rbidocs.rbi.org.in/rdocs/notification/PDFs/437MDA9AD9C6F79B74CC8ABD98AAB32B1CD7D.PDF,"Reserve Bank of India (Urban Co-operative Banks – Cybersecurity, Technology: Risk, Resilience and Assurance Framework) Directions, 2026",PDF,cached,2026-08-12T19:00:59.690969+00:00,/Users/karan/Downloads/carbon-tracker 3/Capstone_project/data/raw/master_directions/md_13616.pdf,c0225a9b1eed70d2900dd81eaeab7ec5be5e9574e64e84edbb7a33f434b593f9,Urban Co,"operative Banks – Cybersecurity, Technology: Risk, Resilience and Assurance Framework",Urban Co-operative Banks,,rbi_master_directions,primary_corpus
md_13617,https://rbidocs.rbi.org.in/rdocs/notification/PDFs/436MD1749C7AECBD84DA589A814082520A61A.PDF,"Reserve Bank of India (Urban Co-operative Banks – Concurrent Audit) Directions, 2026",PDF,cached,2026-08-12T19:00:59.691417+00:00,/Users/karan/Downloads/carbon-tracker 3/Capstone_project/data/raw/master_directions/md_13617.pdf,e58d091fc4f45e607539b33768d1baee8455531e5b0e3b847bfab32623100a19,Urban Co,operative Banks – Concurrent Audit,Urban Co-operative Banks,,rbi_master_directions,primary_corpus
md_13618,https://rbidocs.rbi.org.in/rdocs/notification/PDFs/435MD3E78BD10EF6B4B0D8E7A686F5515990E.PDF,"Reserve Bank of India (Urban Co-operative Banks - Compliance Function) Directions, 2026",PDF,cached,2026-08-12T19:00:59.692047+00:00,/Users/karan/Downloads/carbon-tracker 3/Capstone_project/data/raw/master_directions/md_13618.pdf,cdba47fedfe28a423262f6948fdd01ca835e3582cbfbc05bcd92635d38ebdaec,Urban Co,operative Banks - Compliance Function,Urban Co-operative Banks,,rbi_master_directions,primary_corpus
md_13600,https://rbidocs.rbi.org.in/rdocs/notification/PDFs/453MD62DE2F74F5754FF89FCE75096ADFA2AF.PDF,"Reserve Bank of India (Rural Co-operative Banks - Miscellaneous) Supervisory Directions, 2026",PDF,cached,2026-08-12T19:00:59.692697+00:00,/Users/karan/Downloads/carbon-tracker 3/Capstone_project/data/raw/master_directions/md_13600.pdf,5c23cd43433ea0b8e73c40de66f8e9b2d7c7578ea1341905b16bc6cbbb13a709,Rural Co-operative Banks,(Rural Co-operative Banks - Miscellaneous) Supervisory,Rural Co-operative Banks,,rbi_master_directions,primary_corpus
md_13601,https://rbidocs.rbi.org.in/rdocs/notification/PDFs/452MD687C391BD41D4A4BA803192EC00E5334.PDF,"Reserve Bank of India (Rural Co-operative Banks - Statutory Audit) Directions, 2026",PDF,cached,2026-08-12T19:00:59.693079+00:00,/Users/karan/Downloads/carbon-tracker 3/Capstone_project/data/raw/master_directions/md_13601.pdf,e25ac5c60e06c51ea413cd7a7d160da90fdbf3af864134ead1ca912e05657d88,Rural Co,operative Banks - Statutory Audit,Rural Co-operative Banks,,rbi_master_directions,primary_corpus
md_13602,https://rbidocs.rbi.org.in/rdocs/notification/PDFs/451MD722AF863DDEA43F29EA4828F2038670D.PDF,"Reserve Bank of India (Rural Co-operative Banks – Fraud Risk Management) Directions, 2026",PDF,cached,2026-08-12T19:00:59.693837+00:00,/Users/karan/Downloads/carbon-tracker 3/Capstone_project/data/raw/master_directions/md_13602.pdf,47477442b6b05d737a60cfb7423f57226c1a0af09f938746be70cf5b7551d9d9,Rural Co,operative Banks – Fraud Risk Management,Rural Co-operative Banks,,rbi_master_directions,primary_corpus
md_13594,https://rbidocs.rbi.org.in/rdocs/notification/PDFs/459MD246DBC64D787490CA734181844D21432.PDF,"Reserve Bank of India (All India Financial Institutions - Miscellaneous) Supervisory Directions, 2026",PDF,cached,2026-08-12T19:00:59.694610+00:00,/Users/karan/Downloads/carbon-tracker 3/Capstone_project/data/raw/master_directions/md_13594.pdf,814e7f256c7ecbf79a67b855e1d4125900057865903e1c85a6a5fd2d31cdba83,All India Financial Institutions,(All India Financial Institutions - Miscellaneous) Supervisory,All India Financial Institutions,,rbi_master_directions,primary_corpus
md_13595,https://rbidocs.rbi.org.in/rdocs/notification/PDFs/458MD364EFCA1964B4A9D88DBC6F0D774C920.PDF,"Reserve Bank of India (All India Financial Institutions - Supervisory Returns) Directions, 2026",PDF,cached,2026-08-12T19:00:59.695034+00:00,/Users/karan/Downloads/carbon-tracker 3/Capstone_project/data/raw/master_directions/md_13595.pdf,14e22f10e90e5db3b1ddbfce0cdaf5ebce26b75805bdc4a5e9f4811bd845d8bf,All India Financial Institutions,Supervisory Returns,All India Financial Institutions,,rbi_master_directions,primary_corpus
md_13596,https://rbidocs.rbi.org.in/rdocs/notification/PDFs/457MDAC203EBBDF604A81958E02BB2C4BB1B1.PDF,"Reserve Bank of India (All India Financial Institutions – Fraud Risk Management) Directions, 2026",PDF,cached,2026-08-12T19:00:59.695746+00:00,/Users/karan/Downloads/carbon-tracker 3/Capstone_project/data/raw/master_directions/md_13596.pdf,cebde1b825659322bfc383537539577cb5cda1c38d34d13150aee681fbfa9b77,All India Financial Institutions,Fraud Risk Management,All India Financial Institutions,,rbi_master_directions,primary_corpus
md_13597,https://rbidocs.rbi.org.in/rdocs/notification/PDFs/456MDC4C94C45185348009970C11F344F27C4.PDF,"Reserve Bank of India (All India Financial Institutions – Cybersecurity, Technology: Risk, Resilience and Assurance Framework) Directions, 2026",PDF,cached,2026-08-12T19:00:59.696849+00:00,/Users/karan/Downloads/carbon-tracker 3/Capstone_project/data/raw/master_directions/md_13597.pdf,9658157f623bc8e8d60cec88948c4f2ce3146570c54f1094cf04bdd44c0e468a,All India Financial Institutions,"Cybersecurity, Technology: Risk, Resilience and Assurance Framework",All India Financial Institutions,,rbi_master_directions,primary_corpus
md_13585,https://rbidocs.rbi.org.in/rdocs/notification/PDFs/468MDF194492AB28E4600BEA9DFBF8D32CC13.PDF,"Reserve Bank of India (Non-Banking Financial Companies - Auditor’s Report) Directions, 2026",PDF,cached,2026-08-12T19:00:59.697390+00:00,/Users/karan/Downloads/carbon-tracker 3/Capstone_project/data/raw/master_directions/md_13585.pdf,ec42ab062acc8bfe0de7fbbe379d4a567dc6484233ad864868a5b85d57a443c3,Non,Banking Financial Companies - Auditor’s Report,Non-Banking Financial Companies,,rbi_master_directions,primary_corpus
md_13586,https://rbidocs.rbi.org.in/rdocs/notification/PDFs/467MD9CF8CD4ED6364DEEAB5E2638BC39ABA8.PDF,"Reserve Bank of India (Non-Banking Financial Companies – Miscellaneous) Supervisory Directions, 2026",PDF,cached,2026-08-12T19:00:59.697953+00:00,/Users/karan/Downloads/carbon-tracker 3/Capstone_project/data/raw/master_directions/md_13586.pdf,032027b9bac6a349c70a624fc1474162b917419aa25548bb1a8350ae42eca785,Non-Banking Financial Companies,(Non-Banking Financial Companies – Miscellaneous) Supervisory,Non-Banking Financial Companies,,rbi_master_directions,primary_corpus
md_13587,https://rbidocs.rbi.org.in/rdocs/notification/PDFs/466MD8895831DD9DF4F4ABD6342045EB4509C.PDF,"Reserve Bank of India (Non-Banking Financial Companies - Supervisory Returns) Directions, 2026",PDF,cached,2026-08-12T19:00:59.698292+00:00,/Users/karan/Downloads/carbon-tracker 3/Capstone_project/data/raw/master_directions/md_13587.pdf,2471a55f6331555738c2b8fb7af599de6cb8f78395765e7ffad5b9b156706d29,Non,Banking Financial Companies - Supervisory Returns,Non-Banking Financial Companies,,rbi_master_directions,primary_corpus
md_13588,https://rbidocs.rbi.org.in/rdocs/notification/PDFs/465MD03A0FCE0832642DDAAE82DB2FBC920C8.PDF,"Reserve Bank of India (Non-Banking Financial Companies - Statutory Audit) Directions, 2026",PDF,cached,2026-08-12T19:00:59.698936+00:00,/Users/karan/Downloads/carbon-tracker 3/Capstone_project/data/raw/master_directions/md_13588.pdf,aea37e87305809c185adabd0ddc70d994c4e6244df7d18d122f1c92b593307e6,Non,Banking Financial Companies - Statutory Audit,Non-Banking Financial Companies,,rbi_master_directions,primary_corpus
md_13589,https://rbidocs.rbi.org.in/rdocs/notification/PDFs/464MD4F5E2EE83BB848DFB6B3475F8B91F45B.PDF,"Reserve Bank of India (Non-Banking Financial Companies - Internal Audit Function) Directions, 2026",PDF,cached,2026-08-12T19:00:59.699716+00:00,/Users/karan/Downloads/carbon-tracker 3/Capstone_project/data/raw/master_directions/md_13589.pdf,a010e5ccc1e557bead1986ae69ec31669ffead0fb81b26920acc1845f45f4028,Non,Banking Financial Companies - Internal Audit Function,Non-Banking Financial Companies,,rbi_master_directions,primary_corpus
md_13590,https://rbidocs.rbi.org.in/rdocs/notification/PDFs/463MDC5167A28A3B24A2B856804E201261635.PDF,"Reserve Bank of India (Non-Banking Financial Companies – Fraud Risk Management) Directions, 2026",PDF,cached,2026-08-12T19:00:59.700339+00:00,/Users/karan/Downloads/carbon-tracker 3/Capstone_project/data/raw/master_directions/md_13590.pdf,c1a3f72fe987e363c589457093082dbc24cb058109a290ca6c092c26d041ad12,Non,Banking Financial Companies – Fraud Risk Management,Non-Banking Financial Companies,,rbi_master_directions,primary_corpus
md_13591,https://rbidocs.rbi.org.in/rdocs/notification/PDFs/462MD7323FF342D124FAF9BC3B3F7E4F837A5.PDF,"Reserve Bank of India (Non-Banking Financial Companies – Digital Payment Security Controls) Directions, 2026",PDF,cached,2026-08-12T19:00:59.701196+00:00,/Users/karan/Downloads/carbon-tracker 3/Capstone_project/data/raw/master_directions/md_13591.pdf,d198ab377880f7bc2569a1fc894a1a7636f672522b6d8bbd6a6431c9c92af9de,Non,Banking Financial Companies – Digital Payment Security Controls,Non-Banking Financial Companies,,rbi_master_directions,primary_corpus
md_13592,https://rbidocs.rbi.org.in/rdocs/notification/PDFs/461MD9FAF2CD7550844EE9A70C884DBE4A8A6.PDF,"Reserve Bank of India (Non-Banking Financial Companies – Cybersecurity, Technology: Risk, Resilience and Assurance Framework) Directions, 2026",PDF,cached,2026-08-12T19:00:59.701585+00:00,/Users/karan/Downloads/carbon-tracker 3/Capstone_project/data/raw/master_directions/md_13592.pdf,5b2432e53e1b1d1b500fb21ebe6176d28bcf3386543097b6c53aeb43ad860073,Non,"Banking Financial Companies – Cybersecurity, Technology: Risk, Resilience and Assurance Framework",Non-Banking Financial Companies,,rbi_master_directions,primary_corpus
md_13593,https://rbidocs.rbi.org.in/rdocs/notification/PDFs/460MD930686EC27D04B4AA9DF4A3481CDD465.PDF,"Reserve Bank of India (Non-Banking Financial Companies - Compliance Function) Directions, 2026",PDF,cached,2026-08-12T19:00:59.702075+00:00,/Users/karan/Downloads/carbon-tracker 3/Capstone_project/data/raw/master_directions/md_13593.pdf,0086830dfc9691eddc13275339b9e8803c2609aff3220ae5d86817e31c74225e,Non,Banking Financial Companies - Compliance Function,Non-Banking Financial Companies,,rbi_master_directions,primary_corpus
md_13584,https://rbidocs.rbi.org.in/rdocs/notification/PDFs/469MDD14C26A537384DFA85C27DFF81A91765.PDF,"Reserve Bank of India (Asset Reconstruction Companies - Supervisory Returns) Directions, 2026",PDF,cached,2026-08-12T19:00:59.702687+00:00,/Users/karan/Downloads/carbon-tracker 3/Capstone_project/data/raw/master_directions/md_13584.pdf,a884c592c4b64277c1a48524d2838435fe9bbc9d0265e619e4bc3fb826c0c852,Asset Reconstruction Companies,Supervisory Returns,Asset Reconstruction Companies,,rbi_master_directions,primary_corpus
md_13582,https://rbidocs.rbi.org.in/rdocs/notification/PDFs/471MD76C394F39ABC4C0998D865E923481A06.PDF,"Reserve Bank of India (Credit Information Companies - Miscellaneous) Supervisory Directions, 2026",PDF,cached,2026-08-12T19:00:59.703211+00:00,/Users/karan/Downloads/carbon-tracker 3/Capstone_project/data/raw/master_directions/md_13582.pdf,d940903a6564888088d7a6d52d8a03de5043249e65d6a25b08703c504311d441,Credit Information Companies,(Credit Information Companies - Miscellaneous) Supervisory,Credit Information Companies,,rbi_master_directions,primary_corpus
md_13583,https://rbidocs.rbi.org.in/rdocs/notification/PDFs/470MD9D03D4E25E864955B59B7A17DA164DB9.PDF,"Reserve Bank of India (Credit Information Companies – Cybersecurity, Technology: Risk, Resilience and Assurance Framework) Directions, 2026",PDF,cached,2026-08-12T19:00:59.703599+00:00,/Users/karan/Downloads/carbon-tracker 3/Capstone_project/data/raw/master_directions/md_13583.pdf,f2030693f830aa1953fecc5e028e356cee324eab00497403ef3d3cbbaa75dc14,Credit Information Companies,"Cybersecurity, Technology: Risk, Resilience and Assurance Framework",Credit Information Companies,,rbi_master_directions,primary_corpus
md_13522,https://rbidocs.rbi.org.in/rdocs/notification/PDFs/402MD09973277BFE449CC8E21A0C9634191F2.PDF,"Reserve Bank of India [Commercial Banks - Kisan Credit Card (KCC) Scheme] Directions, 2026",PDF,cached,2026-08-12T19:00:59.704036+00:00,/Users/karan/Downloads/carbon-tracker 3/Capstone_project/data/raw/master_directions/md_13522.pdf,e44d73538cb9d61faffa4878b9714cc7ef7eaca67f42eaafff95396fe7496213,Financial Inclusion and Development,[Commercial Banks - Kisan Credit Card (KCC) Scheme],Financial Inclusion and Development,,rbi_master_directions,primary_corpus
md_13523,https://rbidocs.rbi.org.in/rdocs/notification/PDFs/403MDB87EB105BA0A40E18A89C5231E301639.PDF,"Reserve Bank of India [Small Finance Banks - Kisan Credit Card (KCC) Scheme] Directions, 2026",PDF,cached,2026-08-12T19:00:59.704404+00:00,/Users/karan/Downloads/carbon-tracker 3/Capstone_project/data/raw/master_directions/md_13523.pdf,8e6a398cedebfaf32bf449ad914ec10920d9ceffd4bb1d3d520058152c9b9a69,Financial Inclusion and Development,[Small Finance Banks - Kisan Credit Card (KCC) Scheme],Financial Inclusion and Development,,rbi_master_directions,primary_corpus
md_13524,https://rbidocs.rbi.org.in/rdocs/notification/PDFs/404MDE8BE807BACAC4DA09EA3561C820C7A13.PDF,"Reserve Bank of India [Regional Rural Banks - Kisan Credit Card (KCC) Scheme] Directions, 2026",PDF,cached,2026-08-12T19:00:59.704777+00:00,/Users/karan/Downloads/carbon-tracker 3/Capstone_project/data/raw/master_directions/md_13524.pdf,ba582879e5c5a942836e767e16950fef91d424670b93c2e9b691b3f2f6f685a5,Financial Inclusion and Development,[Regional Rural Banks - Kisan Credit Card (KCC) Scheme],Financial Inclusion and Development,,rbi_master_directions,primary_corpus
md_13525,https://rbidocs.rbi.org.in/rdocs/notification/PDFs/405MDD58E90A39C3D479CB0CF706F173BF58F.PDF,"Reserve Bank of India [Rural Co-operative Banks - Kisan Credit Card (KCC) Scheme] Directions, 2026",PDF,cached,2026-08-12T19:00:59.705133+00:00,/Users/karan/Downloads/carbon-tracker 3/Capstone_project/data/raw/master_directions/md_13525.pdf,94f331a9869b9c854573cc645254b250b41c43d4394a75ca69f9337ff6b753e1,Financial Inclusion and Development,[Rural Co-operative Banks - Kisan Credit Card (KCC) Scheme],Financial Inclusion and Development,,rbi_master_directions,primary_corpus
md_12799,https://rbidocs.rbi.org.in/rdocs/notification/PDFs/128MD66C4DDCB167C4DC9A5BD913570CB3D47.PDF,"Master Directions - Reserve Bank of India (Priority Sector Lending – Targets and Classification) Directions, 2025 ( Updated as on August 07, 2026 )",PDF,cached,2026-08-12T19:00:59.705500+00:00,/Users/karan/Downloads/carbon-tracker 3/Capstone_project/data/raw/master_directions/md_12799.pdf,7e1c94dfad28393daf9f32f2a3e9cec7592d3c2c86fd0bfefb5d26630bef4f82,Priority Sector Lending,Targets and Classification,Financial Inclusion and Development,,rbi_master_directions,primary_corpus
md_11959,https://rbidocs.rbi.org.in/rdocs/notification/PDFs/MDPSL803EE903174E4C85AFA14C335A5B0909.PDF,,PDF,cached,2026-08-12T19:00:59.706178+00:00,/Users/karan/Downloads/carbon-tracker 3/Capstone_project/data/raw/master_directions/md_11959.pdf,31dfd5bc3086d191cabebdcdb8edb5e5b48e26d6adb2eebb93e4bc0787fdba46,Financial Inclusion and Development,,Financial Inclusion and Development,,rbi_master_directions,primary_corpus
md_11060,https://rbidocs.rbi.org.in/rdocs/notification/PDFs/56MD24072017E50D0ED63F9B4414AA756FF0FC72FB66.PDF,"Master Direction - Lending to Micro, Small & Medium Enterprises (MSME) Sector ( Updated as on February 09, 2026 )",PDF,cached,2026-08-12T19:00:59.707391+00:00,/Users/karan/Downloads/carbon-tracker 3/Capstone_project/data/raw/master_directions/md_11060.pdf,ccc5c07c7e80c8a0ea5657bfd57f2ea5bb9634189cd14db2732b2ea204999d25,Financial Inclusion and Development,"Lending to Micro, Small & Medium Enterprises (MSME) Sector ( Updated as on February 09, 2026 )",Financial Inclusion and Development,,rbi_master_directions,primary_corpus
md_11037,https://rbidocs.rbi.org.in/rdocs/notification/PDFs/55MD0A0C769D62074BCEAEC6F40FD8356870.PDF,Master Direction – Reserve Bank of India (Relief Measures by banks in areas affected by Natural Calamities) Directions 2017,PDF,cached,2026-08-12T19:00:59.707775+00:00,/Users/karan/Downloads/carbon-tracker 3/Capstone_project/data/raw/master_directions/md_11037.pdf,47b9d332c3f444018396276dd9698f7339aa342c7c8c7fea6ad1adfca02514fc,Financial Inclusion and Development,Reserve Bank of India (Relief Measures by banks in areas affected by Natural Calamities),Financial Inclusion and Development,,rbi_master_directions,primary_corpus
md_13552,https://rbidocs.rbi.org.in/rdocs/notification/PDFs/407MD23637C77AC6742318BC8906ED8B98BEC.PDF,"Master Direction – Reserve Bank of India (Credit Derivatives) Directions, 2026",PDF,cached,2026-08-12T19:00:59.707955+00:00,/Users/karan/Downloads/carbon-tracker 3/Capstone_project/data/raw/master_directions/md_13552.pdf,3bcf8000c58ae348d5988e6090c1f8ca2121a36ab304f7501473bd07500ffccb,Financial Market,Reserve Bank of India (Credit Derivatives),Financial Market,,rbi_master_directions,primary_corpus
md_13343,https://rbidocs.rbi.org.in/rdocs/notification/PDFs/392MD270320266188FCF9FF0D4C51913E2DD577796EA4.PDF,"Master Direction - Reserve Bank of India (Unique Identifiers in Financial Markets) Directions, 2026",PDF,cached,2026-08-12T19:00:59.708256+00:00,/Users/karan/Downloads/carbon-tracker 3/Capstone_project/data/raw/master_directions/md_13343.pdf,b43476e09b6dd77f4302bd16269153d8473771b07c08c0923ac30ef85b2d8081,Financial Market,Reserve Bank of India (Unique Identifiers in Financial Markets),Financial Market,,rbi_master_directions,primary_corpus
md_13214,https://rbidocs.rbi.org.in/rdocs/notification/PDFs/281MD4079EF84173847849A50F7A00FB229F5.PDF,"Master Direction – Reserve Bank of India (Rupee Interest Rate Derivatives) Directions, 2025",PDF,cached,2026-08-12T19:00:59.708542+00:00,/Users/karan/Downloads/carbon-tracker 3/Capstone_project/data/raw/master_directions/md_13214.pdf,e14526fc361a54ebe5db4c51c082c6ec975736b5448bb94e3d0b376411a84a16,Financial Market,Reserve Bank of India (Rupee Interest Rate Derivatives),Financial Market,,rbi_master_directions,primary_corpus
md_12920,https://rbidocs.rbi.org.in/rdocs/notification/PDFs/142MD1111202598527CBD7B6D4BFC9792D568AD07F27D.PDF,"Master Direction – Reserve Bank of India (Repurchase Transactions (Repo)) Directions, 2025",PDF,cached,2026-08-12T19:00:59.708873+00:00,/Users/karan/Downloads/carbon-tracker 3/Capstone_project/data/raw/master_directions/md_12920.pdf,f7f226867bb283ca0ae0cc20a74887f4d43d85cf9766dd946b3d774696b86efb,Financial Market,Reserve Bank of India (Repurchase Transactions (Repo)),Financial Market,,rbi_master_directions,primary_corpus
md_12870,https://rbidocs.rbi.org.in/rdocs/notification/PDFs/137MDEF04E0A142F948C58A9503C136E565AF.PDF,"Master Direction – Reserve Bank of India (Electronic Trading Platforms) Directions, 2025",PDF,cached,2026-08-12T19:00:59.709085+00:00,/Users/karan/Downloads/carbon-tracker 3/Capstone_project/data/raw/master_directions/md_12870.pdf,134a69680d0f919023a940abfc3fdf6ead901281de86b0d757220c92ebf778cf,Financial Market,Reserve Bank of India (Electronic Trading Platforms),Financial Market,,rbi_master_directions,primary_corpus
md_12784,https://rbidocs.rbi.org.in/rdocs/notification/PDFs/NT117115BA3350C4D4AEABEF8DE4C2BCDE7BB.PDF,"Reserve Bank of India (Forward Contracts in Government Securities) Directions, 2025",PDF,cached,2026-08-12T19:00:59.709458+00:00,/Users/karan/Downloads/carbon-tracker 3/Capstone_project/data/raw/master_directions/md_12784.pdf,d3ad679cb2d1f613ff14c09392d3cf7ad79e2dbae7771fbd2a9ba009ba6f09ad,Financial Market,(Forward Contracts in Government Securities),Financial Market,,rbi_master_directions,primary_corpus
md_13376,https://rbidocs.rbi.org.in/rdocs/notification/PDFs/MD12777A587A04E134163B2F6F574B44F9F1C.PDF,"Master Direction - Reserve Bank of India (Access Criteria for NDS-OM) Directions, 2025 ( Updated as on April 27, 2026 )",PDF,cached,2026-08-12T19:00:59.709799+00:00,/Users/karan/Downloads/carbon-tracker 3/Capstone_project/data/raw/master_directions/md_13376.pdf,f90d4f464e245e0e9b4a443c6dea9c95bd1790ef9e7cc0ec38b3a57db1d142ec,Access Criteria for NDS,OM,Financial Market,,rbi_master_directions,primary_corpus
md_12765,https://rbidocs.rbi.org.in/rdocs/notification/PDFs/MD126B9CF2E0CABD14471955E50A54D8291F2.PDF,"Master Direction - Reserve Bank of India (Non-resident Investment in Debt Instruments) Directions, 2025 ( Updated as on June 05, 2026 )",PDF,cached,2026-08-12T19:00:59.710061+00:00,/Users/karan/Downloads/carbon-tracker 3/Capstone_project/data/raw/master_directions/md_12765.pdf,a8cff6b568542c117e1157ad66eb1a228a72ad164c1ef757f83eee99d62c2642,Non,resident Investment in Debt Instruments,Financial Market,,rbi_master_directions,primary_corpus
md_12682,https://rbidocs.rbi.org.in/rdocs/notification/PDFs/117MDRBIOTCDERIVATIVES20245DEA695183554A20B155CE65F58944DD.PDF,"Master Direction – Reserve Bank of India (Margining for Non-Centrally Cleared OTC Derivatives) Directions, 2024 ( Updated as on February 21, 2025 )",PDF,cached,2026-08-12T19:00:59.710529+00:00,/Users/karan/Downloads/carbon-tracker 3/Capstone_project/data/raw/master_directions/md_12682.pdf,5d7f7f409feb16c5ae34025a8d4b33b7341703c0443d4028009e1b6caa79a23b,Margining for Non,Centrally Cleared OTC Derivatives,Financial Market,,rbi_master_directions,primary_corpus
md_12592,https://rbidocs.rbi.org.in/rdocs/notification/PDFs/109MDCPNCD797F42D139D741169EB58E637B243FF6.PDF,"Master Direction – Reserve Bank of India (Commercial Paper and Non-Convertible Debentures of original or initial maturity upto one year) Directions, 2024",PDF,cached,2026-08-12T19:00:59.711022+00:00,/Users/karan/Downloads/carbon-tracker 3/Capstone_project/data/raw/master_directions/md_12592.pdf,284d7197ce02a13c16c22c1bf0ed75834a10a943fdd3a4d912bca8ece6d0f29b,Commercial Paper and Non,Convertible Debentures of original or initial maturity upto one year,Financial Market,,rbi_master_directions,primary_corpus
md_12581,https://rbidocs.rbi.org.in/rdocs/notification/PDFs/NOTI98FBA281220235418D645715946F7A2C8905B39411F40.PDF,"Reserve Bank of India (Financial Benchmark Administrators) Directions, 2023",PDF,cached,2026-08-12T19:00:59.711366+00:00,/Users/karan/Downloads/carbon-tracker 3/Capstone_project/data/raw/master_directions/md_12581.pdf,87b0f3ce952dced67e1ad3c628ce7b8c4e1f4e6d84dd98fbacf4929c82a586bf,Financial Market,(Financial Benchmark Administrators),Financial Market,,rbi_master_directions,primary_corpus
md_12580,https://rbidocs.rbi.org.in/rdocs/notification/PDFs/GSLDIRECTIONS0AF9CACC130344C0A261EAD47F277AF0.PDF,"Reserve Bank of India (Government Securities Lending) Directions, 2023",PDF,cached,2026-08-12T19:00:59.711926+00:00,/Users/karan/Downloads/carbon-tracker 3/Capstone_project/data/raw/master_directions/md_12580.pdf,0f711e8b0d0b6de04d571cbdb240ddac8c3d889c76ca6ccb19bec77783d129fd,Financial Market,(Government Securities Lending),Financial Market,,rbi_master_directions,primary_corpus
md_12427,https://rbidocs.rbi.org.in/rdocs/notification/PDFs/94MDHEDGIN0DE447B3472143D6B3237D5F605E2ADB.PDF,"Master Direction – Foreign Exchange Management (Hedging of Commodity Price Risk  and Freight Risk in Overseas Markets) Directions, 2022 (Updated as on April 15, 2024)",PDF,cached,2026-08-12T19:00:59.712389+00:00,/Users/karan/Downloads/carbon-tracker 3/Capstone_project/data/raw/master_directions/md_12427.pdf,55e205efbb6cd02bc87b06e2ddad429ffe564ed52da4127b0a337abecdd9bfc9,Financial Market,Foreign Exchange Management (Hedging of Commodity Price Risk  and Freight Risk in Overseas Markets),Financial Market,,rbi_master_directions,primary_corpus
md_12163,https://rbidocs.rbi.org.in/rdocs/notification/PDFs/84MD8DAD7C4F379B4875AC9C2D398646B42D.PDF,"Master Direction – Reserve Bank of India (Market-makers in OTC Derivatives) Directions, 2021 ( Updated as on February 21, 2025 )",PDF,cached,2026-08-12T19:00:59.712838+00:00,/Users/karan/Downloads/carbon-tracker 3/Capstone_project/data/raw/master_directions/md_12163.pdf,3f9554d1a55eaf3fbd0c97a9f51a918b2462058ae292b4a327c61b3dc0417ada,Market,makers in OTC Derivatives,Financial Market,,rbi_master_directions,primary_corpus
md_12108,https://rbidocs.rbi.org.in/rdocs/notification/PDFs/NT5080C62E3929DE4D70AABB8136B7B5F647.PDF,"Master Direction – Reserve Bank of India (Certificate of Deposit) Directions, 2021",PDF,cached,2026-08-12T19:00:59.713164+00:00,/Users/karan/Downloads/carbon-tracker 3/Capstone_project/data/raw/master_directions/md_12108.pdf,7607167ae69de4b9dfb1d636d59a09de590702448d20ab89fa381451f47a2aab,Financial Market,Reserve Bank of India (Certificate of Deposit),Financial Market,,rbi_master_directions,primary_corpus
md_12061,https://rbidocs.rbi.org.in/rdocs/notification/PDFs/78CALL95561D4E6ED4441EAE8AB0763E9B5DAE.PDF,"Master Direction - Reserve Bank of India (Call, Notice and Term Money Markets) Directions, 2021 (Updated as on June 08, 2023)",PDF,cached,2026-08-12T19:00:59.713449+00:00,/Users/karan/Downloads/carbon-tracker 3/Capstone_project/data/raw/master_directions/md_12061.pdf,aeaec014a5fac8796a5a1feb2ba4b3f347a0ea8ae7d1f73b3c08d8bef33ab60d,Financial Market,"Reserve Bank of India (Call, Notice and Term Money Markets)",Financial Market,,rbi_master_directions,primary_corpus
md_11500,https://rbidocs.rbi.org.in/rdocs/notification/PDFs/NT141DCB01288F6D24552A898041355981711.PDF,"Reserve Bank of India (Prevention of Market Abuse) Directions, 2019",PDF,cached,2026-08-12T19:00:59.713723+00:00,/Users/karan/Downloads/carbon-tracker 3/Capstone_project/data/raw/master_directions/md_11500.pdf,8d7acaf0de604601465d0284fde5c7437e9a2bb3bd1695ed0b368c8d92711367,Financial Market,(Prevention of Market Abuse),Financial Market,,rbi_master_directions,primary_corpus
md_10495,https://rbidocs.rbi.org.in/rdocs/notification/PDFs/32MD3991CCC227A24E61B8EFF6F7DBA065E2.PDF,"Master Direction on Money Market Instruments: Call/Notice Money Market, Commercial Paper, Certificates of Deposit and Non-Convertible Debentures (original maturity up to one year) ( This Master Direction has been superseded )",PDF,cached,2026-08-12T19:00:59.713929+00:00,/Users/karan/Downloads/carbon-tracker 3/Capstone_project/data/raw/master_directions/md_10495.pdf,e2637ea99588b791791619f677f8165dff0e4c4242f747ae834172441336814e,Financial Market,"on Money Market Instruments: Call/Notice Money Market, Commercial Paper, Certificates of Deposit and Non-Convertible Debentures (original maturity up to one year) ( This Master Direction has been superseded )",Financial Market,,rbi_master_directions,primary_corpus
md_10485,https://rbidocs.rbi.org.in/rdocs/notification/PDFs/MD3191FD1C01B7704FB9B24E7073F651AB51.PDF,"Master Direction - Risk Management and Inter-Bank Dealings ( Updated as on September 22, 2025 )",PDF,cached,2026-08-12T19:00:59.714781+00:00,/Users/karan/Downloads/carbon-tracker 3/Capstone_project/data/raw/master_directions/md_10485.pdf,aa6c6216f99876ebf040896761efeb966436383b82743bf3f577ca0cc5f41695,Financial Market,"Risk Management and Inter-Bank Dealings ( Updated as on September 22, 2025 )",Financial Market,,rbi_master_directions,primary_corpus
md_12839,https://rbidocs.rbi.org.in/rdocs/notification/PDFs/135MD89B55F672F36443FA02C0C53DC207FFF.PDF,,PDF,cached,2026-08-12T19:00:59.715262+00:00,/Users/karan/Downloads/carbon-tracker 3/Capstone_project/data/raw/master_directions/md_12839.pdf,11536ce2e75ee0dc55e27a18ca8c11b505efacce3c2d4d0f6413dd8d764b17c4,Foreign Exchange Management,,Foreign Exchange Management,,rbi_master_directions,primary_corpus
md_12710,https://rbidocs.rbi.org.in/rdocs/notification/PDFs/121MDOI2507202427D16C96B42C4E0B849FFD9732752B68.PDF,"Master Direction - Overseas Investment ( Updated as on April 01, 2026 )",PDF,cached,2026-08-12T19:00:59.715560+00:00,/Users/karan/Downloads/carbon-tracker 3/Capstone_project/data/raw/master_directions/md_12710.pdf,c33590dfc274497d4122584e55e859e6eb93ca6e91b21ac70a2469b06989d437,Foreign Exchange Management,"Overseas Investment ( Updated as on April 01, 2026 )",Foreign Exchange Management,,rbi_master_directions,primary_corpus
md_11510,https://rbidocs.rbi.org.in/rdocs/notification/PDFs/5MD2603201979CA1390E9E546869B2A9A92614DEDBF.PDF,,PDF,cached,2026-08-12T19:00:59.715891+00:00,/Users/karan/Downloads/carbon-tracker 3/Capstone_project/data/raw/master_directions/md_11510.pdf,89098643bce5a8a436abba4f265975cfcf35dba4162f0fc85a1b07d9fefec673,Foreign Exchange Management,,Foreign Exchange Management,,rbi_master_directions,primary_corpus
md_11200,https://rbidocs.rbi.org.in/rdocs/notification/PDFs/MD11_04012018B4D0DB4E6DA04CC4B7AF62AA03D902BE.PDF,"Master Direction – Foreign Investment in India ( Updated up to June 15, 2026 )",PDF,cached,2026-08-12T19:00:59.716304+00:00,/Users/karan/Downloads/carbon-tracker 3/Capstone_project/data/raw/master_directions/md_11200.pdf,a5d22827d4a588483a6ad41431f45184b5039a471a1b62d17e0de630a160a3a5,Foreign Exchange Management,"Foreign Investment in India ( Updated up to June 15, 2026 )",Foreign Exchange Management,,rbi_master_directions,primary_corpus
md_10868,https://rbidocs.rbi.org.in/rdocs/notification/PDFs/MD01220220176458378BB80A417592B7CE4DB57B123A.PDF,"Master Direction – Money Transfer Service Scheme (MTSS) ( Updated as on November 28, 2025 )",PDF,cached,2026-08-12T19:00:59.716740+00:00,/Users/karan/Downloads/carbon-tracker 3/Capstone_project/data/raw/master_directions/md_10868.pdf,936ff993b03ccc694c89e832c5dc1bd2a73a1b3ceb3114d751a16b90e0e1f8b7,Foreign Exchange Management,"Money Transfer Service Scheme (MTSS) ( Updated as on November 28, 2025 )",Foreign Exchange Management,,rbi_master_directions,primary_corpus
md_10738,https://rbidocs.rbi.org.in/rdocs/notification/PDFs/05MD56DF4232873F466191DC23F39F1012DD.PDF,"Master Direction - Insurance (Updated as on December 07, 2021)",PDF,cached,2026-08-12T19:00:59.716971+00:00,/Users/karan/Downloads/carbon-tracker 3/Capstone_project/data/raw/master_directions/md_10738.pdf,2515f8cd82ea0f572d68ea87912f1528257d5bcfbdc2b80bbb647f827940bd61,Foreign Exchange Management,Insurance,Foreign Exchange Management,,rbi_master_directions,primary_corpus
md_10404,https://rbidocs.rbi.org.in/rdocs/notification/PDFs/06MDE170516F633150EBCFE438084174F7DECCDC20C.PDF,"Master Direction - Establishment of Branch Office (BO)/ Liaison Office (LO)/ Project Office (PO) or any other place of business in India by foreign entities (Updated as on May 18, 2021)",PDF,cached,2026-08-12T19:00:59.717161+00:00,/Users/karan/Downloads/carbon-tracker 3/Capstone_project/data/raw/master_directions/md_10404.pdf,d0eeacfcbf8f123de7ba15fa7acd35828cc2cae86a41c1d00d617fbb2c0e4e5d,Foreign Exchange Management,Establishment of Branch Office (BO)/ Liaison Office (LO)/ Project Office (PO) or any other place of business in India by foreign entities,Foreign Exchange Management,,rbi_master_directions,primary_corpus
md_10637,https://rbidocs.rbi.org.in/rdocs/notification/PDFs/10MD06102016E550559916C346E0BC93720658286729.PDF,"Master Direction – Direct Investment by Residents in Joint Venture (JV) / Wholly Owned Subsidiary (WOS) Abroad (Updated as on June 24, 2021)",PDF,cached,2026-08-12T19:00:59.717470+00:00,/Users/karan/Downloads/carbon-tracker 3/Capstone_project/data/raw/master_directions/md_10637.pdf,f6e1df37bb343a41fb343c9aff0483bb9fd443c6e0dd29ca090c1723d9ad1f9b,Foreign Exchange Management,Direct Investment by Residents in Joint Venture (JV) / Wholly Owned Subsidiary (WOS) Abroad,Foreign Exchange Management,,rbi_master_directions,primary_corpus
md_10191,https://rbidocs.rbi.org.in/rdocs/notification/PDFs/02MD787706E669D641C090B415DBE22DEE29.PDF,"Master Direction – Borrowing and Lending transactions in Indian Rupee between Persons Resident in India and Non-Resident Indians/ Persons of Indian Origin ( Updated as on February 16, 2026 )",PDF,cached,2026-08-12T19:00:59.718488+00:00,/Users/karan/Downloads/carbon-tracker 3/Capstone_project/data/raw/master_directions/md_10191.pdf,d9a1db332471091203890955710073620d497915a25c96f4a4f6ee438cd3bb1f,Foreign Exchange Management,"Borrowing and Lending transactions in Indian Rupee between Persons Resident in India and Non-Resident Indians/ Persons of Indian Origin ( Updated as on February 16, 2026 )",Foreign Exchange Management,,rbi_master_directions,primary_corpus
md_10192,https://rbidocs.rbi.org.in/rdocs/notification/PDFs/03MD945692290C104C5595AEDAC89AE78788.PDF,"Master Direction - Liberalised Remittance Scheme (LRS) ( Updated as on September 06, 2024 )",PDF,cached,2026-08-12T19:00:59.718810+00:00,/Users/karan/Downloads/carbon-tracker 3/Capstone_project/data/raw/master_directions/md_10192.pdf,986cd851b1e14de8a31eba2b032da142b12b1c7cd5b2330ba3cc7c0a116183e7,Foreign Exchange Management,"Liberalised Remittance Scheme (LRS) ( Updated as on September 06, 2024 )",Foreign Exchange Management,,rbi_master_directions,primary_corpus
md_10193,https://rbidocs.rbi.org.in/rdocs/notification/PDFs/04MD5127742FD0914D54B5EC4ECA8076F325.PDF,"Master Direction - Other Remittance Facilities ( Updated as on May 06, 2026 )",PDF,cached,2026-08-12T19:00:59.719193+00:00,/Users/karan/Downloads/carbon-tracker 3/Capstone_project/data/raw/master_directions/md_10193.pdf,e18a207a87e1b637b3ed16d1c95ae8b2c968f11ffbd96e0ab909b8f1c0faede5,Foreign Exchange Management,"Other Remittance Facilities ( Updated as on May 06, 2026 )",Foreign Exchange Management,,rbi_master_directions,primary_corpus
md_10196,https://rbidocs.rbi.org.in/rdocs/notification/PDFs/07MIP0101168C51C4CB845342D09E8A4A613B1F1C6D.PDF,"Master Direction – Acquisition or Transfer of Immovable Property under Foreign Exchange Management Act, 1999 (Updated as on September 01, 2022)",PDF,cached,2026-08-12T19:00:59.719625+00:00,/Users/karan/Downloads/carbon-tracker 3/Capstone_project/data/raw/master_directions/md_10196.pdf,4421659d82aa603481039bcabead2dcdf10a38c823bb0cf278d9c51cc6ec12ce,Foreign Exchange Management,"Acquisition or Transfer of Immovable Property under Foreign Exchange Management Act, 1999",Foreign Exchange Management,,rbi_master_directions,primary_corpus
md_10197,https://rbidocs.rbi.org.in/rdocs/notification/PDFs/08MDROA112016989330DF1FF9494784DAC32B488E6AE4.PDF,"Master Direction - Remittance of Assets ( Updated as on June 29, 2026 )",PDF,cached,2026-08-12T19:00:59.719901+00:00,/Users/karan/Downloads/carbon-tracker 3/Capstone_project/data/raw/master_directions/md_10197.pdf,dc0b20f5e40f4a41970d9f974cac3eab1f15110d7b99d833b281d23da1b7b300,Foreign Exchange Management,"Remittance of Assets ( Updated as on June 29, 2026 )",Foreign Exchange Management,,rbi_master_directions,primary_corpus
md_10198,https://rbidocs.rbi.org.in/rdocs/notification/PDFs/09MDD593B2F2D48648C8AB3D37625C9F245D.PDF,"Master Direction - Deposits and Accounts ( Updated as on June 29, 2026 )",PDF,cached,2026-08-12T19:00:59.720124+00:00,/Users/karan/Downloads/carbon-tracker 3/Capstone_project/data/raw/master_directions/md_10198.pdf,fed559dac9b9821af4a2b390ce6545b90ef2571efdef673b37e925a4dbc929e5,Foreign Exchange Management,"Deposits and Accounts ( Updated as on June 29, 2026 )",Foreign Exchange Management,,rbi_master_directions,primary_corpus
md_10201,https://rbidocs.rbi.org.in/rdocs/notification/PDFs/12MDFB8AD1B34BCB4D0A8F6869DA4A53082E.PDF,"Master Direction – Import of Goods and Services ( Updated as on January 12, 2026 )",PDF,cached,2026-08-12T19:00:59.720601+00:00,/Users/karan/Downloads/carbon-tracker 3/Capstone_project/data/raw/master_directions/md_10201.pdf,5f4b10def6fea7e98a8f8700fc9e9478a3488ffa893aa1f8eb78f0680aed8142,Foreign Exchange Management,"Import of Goods and Services ( Updated as on January 12, 2026 )",Foreign Exchange Management,,rbi_master_directions,primary_corpus
md_10202,https://rbidocs.rbi.org.in/rdocs/notification/PDFs/13MDRD77DCF42C4E64B6C9A83C24EF5D4E188.PDF,"Master Direction – Reporting under Foreign Exchange Management Act, 1999 ( Updated as on June 24, 2026 )",PDF,cached,2026-08-12T19:00:59.721032+00:00,/Users/karan/Downloads/carbon-tracker 3/Capstone_project/data/raw/master_directions/md_10202.pdf,dec5ea0c93a9050ae369549f26c6dba9ae9a0e6b08cfa3ca950ca5dfeb25f60b,Foreign Exchange Management,"Reporting under Foreign Exchange Management Act, 1999 ( Updated as on June 24, 2026 )",Foreign Exchange Management,,rbi_master_directions,primary_corpus
md_10203,https://rbidocs.rbi.org.in/rdocs/notification/PDFs/14MDM1120153F2FD5CC455640E78D139304BC7C080F.PDF,"Master Direction - Miscellaneous ( Updated as on May 13, 2026 )",PDF,cached,2026-08-12T19:00:59.722179+00:00,/Users/karan/Downloads/carbon-tracker 3/Capstone_project/data/raw/master_directions/md_10203.pdf,f0e251f38d55d0304cc687e3aa269a3759d7dcb2ede430044c062ab7c0a6aeca,Foreign Exchange Management,"Miscellaneous ( Updated as on May 13, 2026 )",Foreign Exchange Management,,rbi_master_directions,primary_corpus
md_10205,https://rbidocs.rbi.org.in/rdocs/notification/PDFs/16MCDF82CC17C279247FCB66E2A39BDAD38F6.PDF,"Master Direction – Opening and Maintenance of Rupee/Foreign Currency Vostro Accounts of Non-resident Exchange Houses (Updated as on December 22, 2022)",PDF,cached,2026-08-12T19:00:59.722428+00:00,/Users/karan/Downloads/carbon-tracker 3/Capstone_project/data/raw/master_directions/md_10205.pdf,2b3cd642008628c68f516ba03f0f72ab4e4d7b36d9c9ad6fe49f09e4135d3e4e,Foreign Exchange Management,Opening and Maintenance of Rupee/Foreign Currency Vostro Accounts of Non-resident Exchange Houses,Foreign Exchange Management,,rbi_master_directions,primary_corpus
md_10395,https://rbidocs.rbi.org.in/rdocs/notification/PDFs/11MDEGS1205163428383952204B77831A3A086E82FDDF.PDF,"Master Direction – Export of Goods and Services ( Updated as on July 17, 2026 )",PDF,cached,2026-08-12T19:00:59.722664+00:00,/Users/karan/Downloads/carbon-tracker 3/Capstone_project/data/raw/master_directions/md_10395.pdf,4d46626c7a1ac3ca61e514bfca59de2058eb9de466d82e0fd1a9141b7c621cac,Foreign Exchange Management,"Export of Goods and Services ( Updated as on July 17, 2026 )",Foreign Exchange Management,,rbi_master_directions,primary_corpus
md_11518,https://rbidocs.rbi.org.in/rdocs/notification/PDFs/MD03_29031928C70FB929814CFCA72C7D3ED5A0EDE4.PDF,"Master Direction - Money Changing Activities ( Updated as on June 24, 2026 )",PDF,cached,2026-08-12T19:00:59.723114+00:00,/Users/karan/Downloads/carbon-tracker 3/Capstone_project/data/raw/master_directions/md_11518.pdf,9bfcb679701347fdd0f03ee7355ab44c7ef96ec01c17fb3571b1248bdbe72461,Foreign Exchange Management,"Money Changing Activities ( Updated as on June 24, 2026 )",Foreign Exchange Management,,rbi_master_directions,primary_corpus
md_13362,https://rbidocs.rbi.org.in/rdocs/notification/PDFs/395MDDCEE303B29F7409B867FAAEC10242C4A.PDF,Master Direction – Facility for Exchange of Notes and Coins,PDF,cached,2026-08-12T19:00:59.723442+00:00,/Users/karan/Downloads/carbon-tracker 3/Capstone_project/data/raw/master_directions/md_13362.pdf,041d32ee6dc7ea8de63a561a526702a69a738278dba8890bb5bd3cce1a53bc19,Issuer of Currency,Facility for Exchange of Notes and Coins,Issuer of Currency,,rbi_master_directions,primary_corpus
md_13361,https://rbidocs.rbi.org.in/rdocs/notification/PDFs/MD39472AB49ECE87F40868FBB8F0714E1627F.PDF,"Master Direction on Counterfeit Notes – Detection, Reporting and Monitoring",PDF,cached,2026-08-12T19:00:59.723884+00:00,/Users/karan/Downloads/carbon-tracker 3/Capstone_project/data/raw/master_directions/md_13361.pdf,5e10a24cd6592d65214b67c8f57e2f445d9a26b00176138e1f42fa5508af28f0,Issuer of Currency,"on Counterfeit Notes – Detection, Reporting and Monitoring",Issuer of Currency,,rbi_master_directions,primary_corpus
md_13360,https://rbidocs.rbi.org.in/rdocs/notification/PDFs/393MD748717FE591F47CA86031C181677D39B.PDF,"Master Direction on Incentives for Currency Distribution and Exchange and Penalties / Penal Provisions for Bank Branches and Currency Chests for Deficiency in Rendering Customer Service and Reporting of Transactions / Balances ( Updated as on May 27, 2026 )",PDF,cached,2026-08-12T19:00:59.724441+00:00,/Users/karan/Downloads/carbon-tracker 3/Capstone_project/data/raw/master_directions/md_13360.pdf,1ab4043235da209034a253a410f7330d99d53862dcf66b0a4ceadec17331fca9,Issuer of Currency,"on Incentives for Currency Distribution and Exchange and Penalties / Penal Provisions for Bank Branches and Currency Chests for Deficiency in Rendering Customer Service and Reporting of Transactions / Balances ( Updated as on May 27, 2026 )",Issuer of Currency,,rbi_master_directions,primary_corpus
md_13526,https://rbidocs.rbi.org.in/rdocs/notification/PDFs/406MD184DBA53FAE148368AD6D3ACF0DB824E.PDF,"Reserve Bank of India (Trade Receivables Discounting System) Directions, 2026",PDF,cached,2026-08-12T19:00:59.724834+00:00,/Users/karan/Downloads/carbon-tracker 3/Capstone_project/data/raw/master_directions/md_13526.pdf,d2237b2eefcf65c703013448111a13ca165d83984ec0467c00b3e206efc5fc8c,Payment and Settlement System,(Trade Receivables Discounting System),Payment and Settlement System,,rbi_master_directions,primary_corpus
md_13502,https://rbidocs.rbi.org.in/rdocs/notification/PDFs/401MDDAB7489361B4431DB9A075997E990529.PDF,Master Directions on Authorisation to operate a Payment System,PDF,cached,2026-08-12T19:00:59.725098+00:00,/Users/karan/Downloads/carbon-tracker 3/Capstone_project/data/raw/master_directions/md_13502.pdf,1b109c7a6271da3e64c52a70969dad072648e1e017e9023c687c5331449d8965,Payment and Settlement System,Authorisation to operate a Payment System,Payment and Settlement System,,rbi_master_directions,primary_corpus
md_13374,https://rbidocs.rbi.org.in/rdocs/notification/PDFs/396MDD002E435ECA145509929FC3ACBCFD0E9.PDF,"Digital Payments – E-mandate Framework, 2026",PDF,cached,2026-08-12T19:00:59.725499+00:00,/Users/karan/Downloads/carbon-tracker 3/Capstone_project/data/raw/master_directions/md_13374.pdf,1b8c8e39a4498d83025a7d0183d4cc5e045ce237d0745b8978e677646bcfdf9c,Payment and Settlement System,"Digital Payments – E-mandate Framework, 2026",Payment and Settlement System,,rbi_master_directions,primary_corpus
md_12898,https://rbidocs.rbi.org.in/rdocs/notification/PDFs/NT79258FF36ECA8F4886B3B01F55D166C2B2.PDF,"Reserve Bank of India (Authentication mechanisms for  digital payment transactions) Directions, 2025",PDF,cached,2026-08-12T19:00:59.725920+00:00,/Users/karan/Downloads/carbon-tracker 3/Capstone_project/data/raw/master_directions/md_12898.pdf,312cf71c163c0fa84dca397d75def2d67e408ccbb387a6b80909964836c662ee,Payment and Settlement System,(Authentication mechanisms for  digital payment transactions),Payment and Settlement System,,rbi_master_directions,primary_corpus
md_12896,https://rbidocs.rbi.org.in/rdocs/notification/PDFs/141MD7D7F25DEBF1F48449E20D685E4B014E5.PDF,Master Direction on Regulation of Payment Aggregator (PA),PDF,cached,2026-08-12T19:00:59.726487+00:00,/Users/karan/Downloads/carbon-tracker 3/Capstone_project/data/raw/master_directions/md_12896.pdf,4463e369582b44f20b9bc3c45e39ed4695174f3c8119168184480e39ef816fd7,Payment and Settlement System,on Regulation of Payment Aggregator (PA),Payment and Settlement System,,rbi_master_directions,primary_corpus
md_12715,https://rbidocs.rbi.org.in/rdocs/notification/PDFs/MD123C0C6F7FF70E34F3DA5623B9E72AB3181.PDF,Master Directions on Cyber Resilience and Digital Payment Security Controls for non-bank Payment System Operators,PDF,cached,2026-08-12T19:00:59.726913+00:00,/Users/karan/Downloads/carbon-tracker 3/Capstone_project/data/raw/master_directions/md_12715.pdf,72caa082f56115744b79a8f552e526e3d492247b2fd3d253318b562c3652e2e4,Payment and Settlement System,Cyber Resilience and Digital Payment Security Controls for non-bank Payment System Operators,Payment and Settlement System,,rbi_master_directions,primary_corpus
md_12616,https://rbidocs.rbi.org.in/rdocs/notification/PDFs/111MDONBBPS87BA4103916D4B21AE117F1443020ADB.PDF,"Master Direction – Reserve Bank of India (Bharat Bill Payment System) Directions, 2024",PDF,cached,2026-08-12T19:00:59.727755+00:00,/Users/karan/Downloads/carbon-tracker 3/Capstone_project/data/raw/master_directions/md_12616.pdf,86f2b9e94427aede4b0e638d58c39338798d2ce73ebcfe863f8906b0b093b737,Payment and Settlement System,Reserve Bank of India (Bharat Bill Payment System),Payment and Settlement System,,rbi_master_directions,primary_corpus
md_12156,https://rbidocs.rbi.org.in/rdocs/notification/PDFs/82MDPPIS2708202181CF0A6FCD1B47B88CAE8E92A228B160.PDF,"Master Directions on Prepaid Payment Instruments (PPIs) ( Updated as on December 27, 2024 )",PDF,cached,2026-08-12T19:00:59.728108+00:00,/Users/karan/Downloads/carbon-tracker 3/Capstone_project/data/raw/master_directions/md_12156.pdf,29599050a9da0cb2c38026f4fa74ba64fa04342f0ad843985facd70369152b42,Payment and Settlement System,"Prepaid Payment Instruments (PPIs) ( Updated as on December 27, 2024 )",Payment and Settlement System,,rbi_master_directions,primary_corpus
md_10833,https://rbidocs.rbi.org.in/rdocs/notification/PDFs/MD51170116C65788DE8A564165B74D5FECE0626A73.PDF,"Master Directions on Access Criteria for Payment Systems (Updated as on July 28, 2021)",PDF,cached,2026-08-12T19:00:59.728849+00:00,/Users/karan/Downloads/carbon-tracker 3/Capstone_project/data/raw/master_directions/md_10833.pdf,c9d10c8bb22c4ea10eb561bf835c8779277f25858167261ab8b32dc1a1e167af,Payment and Settlement System,Access Criteria for Payment Systems,Payment and Settlement System,,rbi_master_directions,primary_corpus
