entity_class,subject_family,subject_family_raw,document_id,source_url,title,category_heading
Banker and Debt Manager to Government,Relief/Savings Bonds,Relief/Savings Bonds,md_11322,https://rbidocs.rbi.org.in/rdocs/notification/PDFs/61MD0825F724310142CBB351B33F9C3F80FA.PDF,Master Directions on Relief/Savings Bonds,Banker and Debt Manager to Government
Banker and Debt Manager to Government,Operational Guidelines for Primary Dealers,Operational Guidelines for Primary Dealers,md_10476,https://rbidocs.rbi.org.in/rdocs/notification/PDFs/29MD8B47C911ECA14450AACBAEF6D7981EF8.PDF,"Master Direction – Operational Guidelines for Primary Dealers  (Updated as on November 22, 2018)",Banker and Debt Manager to Government
Banker to Governments and Banks,[Conduct of Government Business by Agency Banks (ABs) – Payment of Agency Commission and Oversight of ABs],[Conduct of Government Business by Agency Banks (ABs) – Payment of Agency Commission and Oversight of ABs],md_13443,https://rbidocs.rbi.org.in/rdocs/notification/PDFs/400MDEF6FB735DC5A48308F688DCB9BA11A65.PDF,"Reserve Bank of India [Conduct of Government Business by Agency Banks (ABs) – Payment of Agency Commission and Oversight of ABs] Directions, 2026",Banker to Governments and Banks
Banker to Governments and Banks,[Disbursement of Government Pension by Agency Banks (ABs)],[Disbursement of Government Pension by Agency Banks (ABs)],md_13442,https://rbidocs.rbi.org.in/rdocs/notification/PDFs/399MDAD236E83FDD240EEB29F1F5E2DBAD333.PDF,"Reserve Bank of India [Disbursement of Government Pension by Agency Banks (ABs)] Directions, 2026 (Updated as on June 24, 2026)",Banker to Governments and Banks
Commercial Banks,Internal Ombudsman,Internal Ombudsman,md_13271,https://rbidocs.rbi.org.in/rdocs/notification/PDFs/380MD14012026DAD56B73DC944F02AEA4530EC779AD7F.PDF,"Reserve Bank of India (Commercial Banks - Internal Ombudsman) Directions, 2026",Consumer Education and Protection
Small Finance Banks,Internal Ombudsman,Internal Ombudsman,md_13272,https://rbidocs.rbi.org.in/rdocs/notification/PDFs/381MD140120267212A1D4EF8349448E9416EF8F2D19B5.PDF,"Reserve Bank of India (Small Finance Banks - Internal Ombudsman) Directions, 2026",Consumer Education and Protection
Payments Banks,Internal Ombudsman,Internal Ombudsman,md_13273,https://rbidocs.rbi.org.in/rdocs/notification/PDFs/NOT3821EAEF90E037B4061A91775A5525510C3.PDF,"Reserve Bank of India (Payments Banks - Internal Ombudsman) Directions, 2026",Consumer Education and Protection
Non-Banking Financial Companies,Internal Ombudsman,Internal Ombudsman,md_13274,https://rbidocs.rbi.org.in/rdocs/notification/PDFs/383MD14012026559E41DD96224880B75EDB2B96E4BD8B.PDF,"Reserve Bank of India (Non-Banking Financial Companies - Internal Ombudsman) Directions, 2026",Consumer Education and Protection
Non-Bank Prepaid Payment Instruments Issuers,Internal Ombudsman,Internal Ombudsman,md_13275,https://rbidocs.rbi.org.in/rdocs/notification/PDFs/384MD14012026E275757688DE4E68AF9813B3B9491E4B.PDF,"Reserve Bank of India (Non-Bank Prepaid Payment Instruments Issuers - Internal Ombudsman) Directions, 2026",Consumer Education and Protection
Credit Information Companies,Internal Ombudsman,Internal Ombudsman,md_13276,https://rbidocs.rbi.org.in/rdocs/notification/PDFs/NOT38578CF3B232A694DBEAB2A9CE71848DCA1.PDF,"Reserve Bank of India (Credit Information Companies - Internal Ombudsman) Directions, 2026",Consumer Education and Protection
Consumer Education and Protection,Reserve Bank of India (Internal Ombudsman for Regulated Entities),Reserve Bank of India (Internal Ombudsman for Regulated Entities),md_12586,https://rbidocs.rbi.org.in/rdocs/notification/PDFs/108MDINTERNALOMBUDSMANCC05402F77BE4F229B59877F341386A4.PDF,"Master Direction - Reserve Bank of India (Internal Ombudsman for Regulated Entities) Directions, 2023",Consumer Education and Protection
Commercial Banks - Capital Charge for Credit Risk,Standardised Approach,Standardised Approach,md_13399,https://rbidocs.rbi.org.in/rdocs/notification/PDFs/397MD7DCC951F9F014A738C60E0FBC1A73D70.PDF,"Reserve Bank of India (Commercial Banks - Capital Charge for Credit Risk – Standardised Approach) Directions, 2026 (Effective from April 1, 2027)",Commercial Banks
Commercial Banks,"Asset Classification, Provisioning and Income Recognition","Asset Classification, Provisioning and Income Recognition",md_13400,https://rbidocs.rbi.org.in/rdocs/notification/PDFs/MD39857992A3DBE7946619F0F76DF81E472CF.PDF,"Reserve Bank of India (Commercial Banks - Asset Classification, Provisioning and Income Recognition) Directions, 2026",Commercial Banks
Commercial Banks,Prudential Norms on Declaration of Dividend and Remittances of Profits,Prudential Norms on Declaration of Dividend and Remittances of Profits,md_13319,https://rbidocs.rbi.org.in/rdocs/notification/PDFs/387MD1003202698CBFA3D29254532B33C97C231B6F7D8.PDF,"Reserve Bank of India (Commercial Banks – Prudential Norms on Declaration of Dividend and Remittances of Profits) Directions, 2026",Commercial Banks
Commercial Banks,Miscellaneous,Miscellaneous,md_13136,https://rbidocs.rbi.org.in/rdocs/notification/PDFs/174MD.PDF,"Reserve Bank of India (Commercial Banks – Miscellaneous) Directions, 2025",Commercial Banks
Commercial Banks,Forthcoming Instructions,Forthcoming Instructions,md_13137,https://rbidocs.rbi.org.in/rdocs/notification/PDFs/173MD.PDF,"Reserve Bank of India (Commercial Banks – Forthcoming Instructions) Directions, 2025",Commercial Banks
Commercial Banks,Climate Finance and Management of Climate Change Risks,Climate Finance and Management of Climate Change Risks,md_13138,https://rbidocs.rbi.org.in/rdocs/notification/PDFs/172MD.PDF,"Reserve Bank of India (Commercial Banks - Climate Finance and Management of Climate Change Risks) Directions, 2025",Commercial Banks
Commercial Banks,Managing Risks in Outsourcing,Managing Risks in Outsourcing,md_13139,https://rbidocs.rbi.org.in/rdocs/notification/PDFs/171MD.PDF,"Reserve Bank of India (Commercial Banks – Managing Risks in Outsourcing) Directions, 2025",Commercial Banks
Commercial Banks,Responsible Business Conduct,Responsible Business Conduct,md_13140,https://rbidocs.rbi.org.in/rdocs/notification/PDFs/170MD.PDF,"Reserve Bank of India (Commercial Banks – Responsible Business Conduct) Directions, 2025 (Updated as on July 1, 2026)",Commercial Banks
Commercial Banks,Know Your Customer,Know Your Customer,md_13141,https://rbidocs.rbi.org.in/rdocs/notification/PDFs/169MD.PDF,"Reserve Bank of India (Commercial Banks – Know Your Customer) Directions, 2025 (Updated as on December 29, 2025)",Commercial Banks
Commercial Banks,Financial Statements: Presentation and Disclosures,Financial Statements: Presentation and Disclosures,md_13143,https://rbidocs.rbi.org.in/rdocs/notification/PDFs/167MD.PDF,"Reserve Bank of India (Commercial Banks - Financial Statements: Presentation and Disclosures) Directions, 2025 (Updated as on July 01, 2026)",Commercial Banks
Commercial Banks,Treatment of Wilful Defaulters and Large Defaulters,Treatment of Wilful Defaulters and Large Defaulters,md_13144,https://rbidocs.rbi.org.in/rdocs/notification/PDFs/166MD.PDF,"Reserve Bank of India (Commercial Banks – Treatment of Wilful Defaulters and Large Defaulters) Directions, 2025",Commercial Banks
Commercial Banks,Resolution of Stressed Assets,Resolution of Stressed Assets,md_13145,https://rbidocs.rbi.org.in/rdocs/notification/PDFs/165MD.PDF,"Reserve Bank of India (Commercial Banks – Resolution of Stressed Assets) Directions, 2025 (updated as on July 01, 2026)",Commercial Banks
Commercial Banks,"Income Recognition, Asset Classification and Provisioning","Income Recognition, Asset Classification and Provisioning",md_13146,https://rbidocs.rbi.org.in/rdocs/notification/PDFs/164MD.PDF,"Reserve Bank of India (Commercial Banks – Income Recognition, Asset Classification and Provisioning) Directions, 2025 (updated as on July 01, 2026)",Commercial Banks
Commercial Banks,Asset Liability Management,Asset Liability Management,md_13147,https://rbidocs.rbi.org.in/rdocs/notification/PDFs/163MD.PDF,"Reserve Bank of India (Commercial Banks – Asset Liability Management) Directions, 2025",Commercial Banks
Commercial Banks,"Classification, Valuation and Operation of Investment Portfolio","Classification, Valuation and Operation of Investment Portfolio",md_13148,https://rbidocs.rbi.org.in/rdocs/notification/PDFs/162MD.PDF,"Reserve Bank of India (Commercial Banks – Classification, Valuation and Operation of Investment Portfolio) Directions, 2025 (Updated as on May 18, 2026)",Commercial Banks
Commercial Banks,Interest Rates on Advances,Interest Rates on Advances,md_13149,https://rbidocs.rbi.org.in/rdocs/notification/PDFs/161MD.PDF,"Reserve Bank of India (Commercial Banks – Interest Rates on Advances) Directions, 2025",Commercial Banks
Commercial Banks,Securitisation Transactions,Securitisation Transactions,md_13150,https://rbidocs.rbi.org.in/rdocs/notification/PDFs/160MD.PDF,"Reserve Bank of India (Commercial Banks – Securitisation Transactions) Directions, 2025",Commercial Banks
Commercial Banks,Transfer and Distribution of Credit Risk,Transfer and Distribution of Credit Risk,md_13151,https://rbidocs.rbi.org.in/rdocs/notification/PDFs/159MD.PDF,"Reserve Bank of India (Commercial Banks - Transfer and Distribution of Credit Risk) Directions, 2025",Commercial Banks
Commercial Banks,Concentration Risk Management,Concentration Risk Management,md_13152,https://rbidocs.rbi.org.in/rdocs/notification/PDFs/158MD.PDF,"Reserve Bank of India (Commercial Banks – Concentration Risk Management) Directions, 2025 (Updated as on July 01, 2026)",Commercial Banks
Commercial Banks,Credit Risk Management,Credit Risk Management,md_13153,https://rbidocs.rbi.org.in/rdocs/notification/PDFs/157MD.PDF,"Reserve Bank of India (Commercial Banks – Credit Risk Management) Directions, 2025 (Updated as on July 01, 2026)",Commercial Banks
Commercial Banks,Credit Information Reporting,Credit Information Reporting,md_13154,https://rbidocs.rbi.org.in/rdocs/notification/PDFs/156MD.PDF,"Reserve Bank of India (Commercial Banks – Credit Information Reporting) Directions, 2025 (Updated as on July 01, 2026)",Commercial Banks
Commercial Banks,Credit Cards and Debit Cards: Issuance and Conduct,Credit Cards and Debit Cards: Issuance and Conduct,md_13155,https://rbidocs.rbi.org.in/rdocs/notification/PDFs/155MD.PDF,"Reserve Bank of India (Commercial Banks – Credit Cards and Debit Cards: Issuance and Conduct) Directions, 2025",Commercial Banks
Commercial Banks,Credit Facilities,Credit Facilities,md_13156,https://rbidocs.rbi.org.in/rdocs/notification/PDFs/154MD.PDF,"Reserve Bank of India (Commercial Banks – Credit Facilities) Directions, 2025 (Updated as on July 15, 2026)",Commercial Banks
Commercial Banks,Interest Rate on Deposits,Interest Rate on Deposits,md_13157,https://rbidocs.rbi.org.in/rdocs/notification/PDFs/153MD.PDF,"Reserve Bank of India (Commercial Banks – Interest Rate on Deposits) Directions, 2025 (Updated as on June 17, 2026)",Commercial Banks
Commercial Banks,Resource Raising Norms,Resource Raising Norms,md_13158,https://rbidocs.rbi.org.in/rdocs/notification/PDFs/152MD.PDF,"Reserve Bank of India (Commercial Banks – Resource Raising Norms) Directions, 2025",Commercial Banks
Commercial Banks,Prudential Norms on Capital Adequacy,Prudential Norms on Capital Adequacy,md_13159,https://rbidocs.rbi.org.in/rdocs/notification/PDFs/151MD.PDF,"Reserve Bank of India (Commercial Banks - Prudential Norms on Capital Adequacy) Directions, 2025 (Updated as on July 01, 2026)",Commercial Banks
Commercial Banks,Cash Reserve Ratio and Statutory Liquidity Ratio,Cash Reserve Ratio and Statutory Liquidity Ratio,md_13160,https://rbidocs.rbi.org.in/rdocs/notification/PDFs/150MD.PDF,"Reserve Bank of India (Commercial Banks – Cash Reserve Ratio and Statutory Liquidity Ratio) Directions, 2025 (Updated as on June 19, 2026)",Commercial Banks
Commercial Banks,Governance,Governance,md_13161,https://rbidocs.rbi.org.in/rdocs/notification/PDFs/149MD.PDF,"Reserve Bank of India (Commercial Banks - Governance) Directions, 2025",Commercial Banks
Commercial Banks,Undertaking of Financial Services,Undertaking of Financial Services,md_13162,https://rbidocs.rbi.org.in/rdocs/notification/PDFs/148MD.PDF,"Reserve Bank of India (Commercial Banks – Undertaking of Financial Services) Directions, 2025 (Updated as on July 01, 2026)",Commercial Banks
Commercial Banks,Digital Banking Channels Authorisation,Digital Banking Channels Authorisation,md_13163,https://rbidocs.rbi.org.in/rdocs/notification/PDFs/380MD.PDF,"Reserve Bank of India (Commercial Banks – Digital Banking Channels Authorisation) Directions, 2025",Commercial Banks
Commercial Banks,Branch Authorisation,Branch Authorisation,md_13164,https://rbidocs.rbi.org.in/rdocs/notification/PDFs/147MD.PDF,"Reserve Bank of India (Commercial Banks - Branch Authorisation) Directions, 2025",Commercial Banks
Commercial Banks,Voluntary Amalgamation,Voluntary Amalgamation,md_13165,https://rbidocs.rbi.org.in/rdocs/notification/PDFs/146MD.PDF,"Reserve Bank of India (Commercial Banks – Voluntary Amalgamation) Directions, 2025",Commercial Banks
Commercial Banks,Acquisition and Holding of Shares or Voting Rights,Acquisition and Holding of Shares or Voting Rights,md_13166,https://rbidocs.rbi.org.in/rdocs/notification/PDFs/145MD.PDF,"Reserve Bank of India (Commercial Banks – Acquisition and Holding of Shares or Voting Rights) Directions, 2025",Commercial Banks
Commercial Banks,(Setting Up of Wholly Owned Subsidiaries by Foreign Banks),(Setting Up of Wholly Owned Subsidiaries by Foreign Banks),md_13167,https://rbidocs.rbi.org.in/rdocs/notification/PDFs/144MD.PDF,"Reserve Bank of India (Setting Up of Wholly Owned Subsidiaries by Foreign Banks) Guidelines, 2025 (Updated as on April 1, 2026)",Commercial Banks
Universal Banks,Licensing,Licensing,md_13168,https://rbidocs.rbi.org.in/rdocs/notification/PDFs/143MD.PDF,"Reserve Bank of India (Universal Banks – Licensing) Guidelines, 2025",Commercial Banks
Small Finance Banks,Prudential Norms on Declaration of Dividend,Prudential Norms on Declaration of Dividend,md_13328,https://rbidocs.rbi.org.in/rdocs/notification/PDFs/391MD10032026DEA2C866625C478D9F4CC695FCA60B68.PDF,"Reserve Bank of India (Small Finance Banks – Prudential Norms on Declaration of Dividend) Directions, 2026",Small Finance Banks
Small Finance Banks,Miscellaneous,Miscellaneous,md_13105,https://rbidocs.rbi.org.in/rdocs/notification/PDFs/204MD.PDF,"Reserve Bank of India (Small Finance Banks – Miscellaneous) Directions, 2025",Small Finance Banks
Small Finance Banks,Climate Finance and Management of Climate Change Risks,Climate Finance and Management of Climate Change Risks,md_13106,https://rbidocs.rbi.org.in/rdocs/notification/PDFs/203MD.PDF,"Reserve Bank of India (Small Finance Banks – Climate Finance and Management of Climate Change Risks) Directions, 2025",Small Finance Banks
Small Finance Banks,Managing Risks in Outsourcing,Managing Risks in Outsourcing,md_13107,https://rbidocs.rbi.org.in/rdocs/notification/PDFs/202MD.PDF,"Reserve Bank of India (Small Finance Banks – Managing Risks in Outsourcing) Directions, 2025",Small Finance Banks
Small Finance Banks,Responsible Business Conduct,Responsible Business Conduct,md_13108,https://rbidocs.rbi.org.in/rdocs/notification/PDFs/201MD.PDF,"Reserve Bank of India (Small Finance Banks – Responsible Business Conduct) Directions, 2025 (Updated as on July 1, 2026)",Small Finance Banks
Small Finance Banks,Know Your Customer,Know Your Customer,md_13109,https://rbidocs.rbi.org.in/rdocs/notification/PDFs/200MD.PDF,"Reserve Bank of India (Small Finance Banks – Know Your Customer) Directions, 2025 (Updated as on December 29, 2025)",Small Finance Banks
Small Finance Banks,Financial Statements: Presentation and Disclosures,Financial Statements: Presentation and Disclosures,md_13111,https://rbidocs.rbi.org.in/rdocs/notification/PDFs/198MD.PDF,"Reserve Bank of India (Small Finance Banks - Financial Statements: Presentation and Disclosures) Directions, 2025 (Updated as on July 01, 2026)",Small Finance Banks
Small Finance Banks,Treatment of Wilful Defaulters and Large Defaulters,Treatment of Wilful Defaulters and Large Defaulters,md_13112,https://rbidocs.rbi.org.in/rdocs/notification/PDFs/197MD.PDF,"Reserve Bank of India (Small Finance Banks – Treatment of Wilful Defaulters and Large Defaulters) Directions, 2025",Small Finance Banks
Small Finance Banks,Resolution of Stressed Assets,Resolution of Stressed Assets,md_13113,https://rbidocs.rbi.org.in/rdocs/notification/PDFs/196MD.PDF,"Reserve Bank of India (Small Finance Banks – Resolution of Stressed Assets) Directions, 2025 (Updated as on July 01, 2026)",Small Finance Banks
Small Finance Banks,"Income Recognition, Asset Classification and Provisioning","Income Recognition, Asset Classification and Provisioning",md_13114,https://rbidocs.rbi.org.in/rdocs/notification/PDFs/195MD.PDF,"Reserve Bank of India (Small Finance Banks – Income Recognition, Asset Classification and Provisioning) Directions, 2025 (Updated as on July 01, 2026)",Small Finance Banks
Small Finance Banks,Asset Liability Management,Asset Liability Management,md_13115,https://rbidocs.rbi.org.in/rdocs/notification/PDFs/194MD.PDF,"Reserve Bank of India (Small Finance Banks – Asset Liability Management) Directions, 2025",Small Finance Banks
Small Finance Banks,"Classification, Valuation and Operation of Investment Portfolio","Classification, Valuation and Operation of Investment Portfolio",md_13116,https://rbidocs.rbi.org.in/rdocs/notification/PDFs/193MD.PDF,"Reserve Bank of India (Small Finance Banks – Classification, Valuation and Operation of Investment Portfolio) Directions, 2025 (Updated as on May 18, 2026)",Small Finance Banks
Small Finance Banks,Interest Rates on Advances,Interest Rates on Advances,md_13117,https://rbidocs.rbi.org.in/rdocs/notification/PDFs/192MD.PDF,"Reserve Bank of India (Small Finance Banks – Interest Rates on Advances) Directions, 2025",Small Finance Banks
Small Finance Banks,Securitisation Transactions,Securitisation Transactions,md_13118,https://rbidocs.rbi.org.in/rdocs/notification/PDFs/191MD.PDF,"Reserve Bank of India (Small Finance Banks – Securitisation Transactions) Directions, 2025",Small Finance Banks
Small Finance Banks,Transfer and Distribution of Credit Risk,Transfer and Distribution of Credit Risk,md_13119,https://rbidocs.rbi.org.in/rdocs/notification/PDFs/190MD.PDF,"Reserve Bank of India (Small Finance Banks – Transfer and Distribution of Credit Risk) Directions, 2025",Small Finance Banks
Small Finance Banks,Concentration Risk Management,Concentration Risk Management,md_13120,https://rbidocs.rbi.org.in/rdocs/notification/PDFs/189MD.PDF,"Reserve Bank of India (Small Finance Banks – Concentration Risk Management) Directions, 2025 (Updated as on July 01, 2026)",Small Finance Banks
Small Finance Banks,Credit Risk Management,Credit Risk Management,md_13121,https://rbidocs.rbi.org.in/rdocs/notification/PDFs/188MD.PDF,"Reserve Bank of India (Small Finance Banks – Credit Risk Management) Directions, 2025 (Updated as on July 01, 2026)",Small Finance Banks
Small Finance Banks,Credit Information Reporting,Credit Information Reporting,md_13122,https://rbidocs.rbi.org.in/rdocs/notification/PDFs/187MD.PDF,"Reserve Bank of India (Small Finance Banks – Credit Information Reporting) Directions, 2025 (Updated as on July 01, 2026)",Small Finance Banks
Small Finance Banks,Credit Cards and Debit Cards: Issuance and Conduct,Credit Cards and Debit Cards: Issuance and Conduct,md_13123,https://rbidocs.rbi.org.in/rdocs/notification/PDFs/186MD.PDF,"Reserve Bank of India (Small Finance Banks – Credit Cards and Debit Cards: Issuance and Conduct) Directions, 2025",Small Finance Banks
Small Finance Banks,Credit Facilities,Credit Facilities,md_13124,https://rbidocs.rbi.org.in/rdocs/notification/PDFs/185MD.PDF,"Reserve Bank of India (Small Finance Banks – Credit Facilities) Directions, 2025 (Updated as on July 15, 2026)",Small Finance Banks
Small Finance Banks,Interest Rate on Deposits,Interest Rate on Deposits,md_13125,https://rbidocs.rbi.org.in/rdocs/notification/PDFs/184MD.PDF,"Reserve Bank of India (Small Finance Banks – Interest Rate on Deposits) Directions, 2025 (Updated as on June 17, 2026)",Small Finance Banks
Small Finance Banks,Resource Raising Norms,Resource Raising Norms,md_13126,https://rbidocs.rbi.org.in/rdocs/notification/PDFs/183MD.PDF,"Reserve Bank of India (Small Finance Banks - Resource Raising Norms) Directions, 2025",Small Finance Banks
Small Finance Banks,Prudential Norms on Capital Adequacy,Prudential Norms on Capital Adequacy,md_13127,https://rbidocs.rbi.org.in/rdocs/notification/PDFs/182MD.PDF,"Reserve Bank of India (Small Finance Banks – Prudential Norms on Capital Adequacy) Directions, 2025 (Updated as on July 01, 2026)",Small Finance Banks
Small Finance Banks,Cash Reserve Ratio and Statutory Liquidity Ratio,Cash Reserve Ratio and Statutory Liquidity Ratio,md_13128,https://rbidocs.rbi.org.in/rdocs/notification/PDFs/181MD.PDF,"Reserve Bank of India (Small Finance Banks – Cash Reserve Ratio and Statutory Liquidity Ratio) Directions, 2025 (Updated as on June 19, 2026)",Small Finance Banks
Small Finance Banks,Governance,Governance,md_13129,https://rbidocs.rbi.org.in/rdocs/notification/PDFs/180MD.PDF,"Reserve Bank of India (Small Finance Banks – Governance) Directions, 2025",Small Finance Banks
Small Finance Banks,Undertaking of Financial Services,Undertaking of Financial Services,md_13130,https://rbidocs.rbi.org.in/rdocs/notification/PDFs/179MD.PDF,"Reserve Bank of India (Small Finance Banks – Undertaking of Financial Services) Directions, 2025 (Updated as on April 27, 2026)",Small Finance Banks
Small Finance Banks,Digital Banking Channels Authorisation,Digital Banking Channels Authorisation,md_13131,https://rbidocs.rbi.org.in/rdocs/notification/PDFs/381MD.PDF,"Reserve Bank of India (Small Finance Banks – Digital Banking Channels Authorisation) Directions, 2025",Small Finance Banks
Small Finance Banks,Branch Authorisation,Branch Authorisation,md_13132,https://rbidocs.rbi.org.in/rdocs/notification/PDFs/178MD.PDF,"Reserve Bank of India (Small Finance Banks – Branch Authorisation) Directions, 2025",Small Finance Banks
Small Finance Banks,Voluntary Amalgamation,Voluntary Amalgamation,md_13133,https://rbidocs.rbi.org.in/rdocs/notification/PDFs/177MD.PDF,"Reserve Bank of India (Small Finance Banks - Voluntary Amalgamation) Directions, 2025",Small Finance Banks
Small Finance Banks,Acquisition and Holding of Shares or Voting Rights,Acquisition and Holding of Shares or Voting Rights,md_13134,https://rbidocs.rbi.org.in/rdocs/notification/PDFs/176MD.PDF,"Reserve Bank of India (Small Finance Banks – Acquisition and Holding of Shares or Voting Rights) Directions, 2025",Small Finance Banks
Small Finance Banks,Licensing,Licensing,md_13135,https://rbidocs.rbi.org.in/rdocs/notification/PDFs/175MD.PDF,"Reserve Bank of India (Small Finance Banks – Licensing) Guidelines, 2025",Small Finance Banks
Payments Banks,Prudential Norms on Declaration of Dividend,Prudential Norms on Declaration of Dividend,md_13321,https://rbidocs.rbi.org.in/rdocs/notification/PDFs/388MD10032026C9C28BA2FD904454A24EE40607D82CC7.PDF,"Reserve Bank of India (Payments Banks – Prudential Norms on Declaration of Dividend) Directions, 2026",Payments Banks
Payments Banks,Miscellaneous,Miscellaneous,md_13087,https://rbidocs.rbi.org.in/rdocs/notification/PDFs/221MD.PDF,"Reserve Bank of India (Payments Banks – Miscellaneous) Directions, 2025 (Updated as on April 01, 2026)",Payments Banks
Payments Banks,Managing Risks in Outsourcing,Managing Risks in Outsourcing,md_13088,https://rbidocs.rbi.org.in/rdocs/notification/PDFs/220MD.PDF,"Reserve Bank of India (Payments Banks – Managing Risks in Outsourcing) Directions, 2025",Payments Banks
Payments Banks,Responsible Business Conduct,Responsible Business Conduct,md_13089,https://rbidocs.rbi.org.in/rdocs/notification/PDFs/219MD.PDF,"Reserve Bank of India (Payments Banks – Responsible Business Conduct) Directions, 2025 (Updated as on April 1, 2026)",Payments Banks
Payments Banks,Know Your Customer,Know Your Customer,md_13090,https://rbidocs.rbi.org.in/rdocs/notification/PDFs/218MD.PDF,"Reserve Bank of India (Payments Banks – Know Your Customer) Directions, 2025 (Updated as on December 29, 2025)",Payments Banks
Payments Banks,Financial Statements: Presentation and Disclosures,Financial Statements: Presentation and Disclosures,md_13092,https://rbidocs.rbi.org.in/rdocs/notification/PDFs/216MD.PDF,"Reserve Bank of India (Payments Banks – Financial Statements: Presentation and Disclosures) Directions, 2025 (Updated as on April 1, 2026)",Payments Banks
Payments Banks,Asset Liability Management,Asset Liability Management,md_13093,https://rbidocs.rbi.org.in/rdocs/notification/PDFs/215MD.PDF,"Reserve Bank of India (Payments Banks – Asset Liability Management) Directions, 2025",Payments Banks
Payments Banks,"Classification, Valuation and Operation of Investment Portfolio","Classification, Valuation and Operation of Investment Portfolio",md_13094,https://rbidocs.rbi.org.in/rdocs/notification/PDFs/214MD.PDF,"Reserve Bank of India (Payments Banks – Classification, Valuation and Operation of Investment Portfolio) Directions, 2025 (Updated as on May 18, 2026)",Payments Banks
Payments Banks,Debit Cards: Issuance and Conduct,Debit Cards: Issuance and Conduct,md_13095,https://rbidocs.rbi.org.in/rdocs/notification/PDFs/213MD.PDF,"Reserve Bank of India (Payments Banks – Debit Cards: Issuance and Conduct) Directions, 2025",Payments Banks
Payments Banks,Interest Rate on Deposits,Interest Rate on Deposits,md_13096,https://rbidocs.rbi.org.in/rdocs/notification/PDFs/212MD.PDF,"Reserve Bank of India (Payments Banks – Interest Rate on Deposits) Directions, 2025",Payments Banks
Payments Banks,Prudential Norms on Capital Adequacy,Prudential Norms on Capital Adequacy,md_13097,https://rbidocs.rbi.org.in/rdocs/notification/PDFs/211MD.PDF,"Reserve Bank of India (Payments Banks – Prudential Norms on Capital Adequacy) Directions, 2025 (updated as on May 08, 2026)",Payments Banks
Payments Banks,Cash Reserve Ratio and Statutory Liquidity Ratio,Cash Reserve Ratio and Statutory Liquidity Ratio,md_13098,https://rbidocs.rbi.org.in/rdocs/notification/PDFs/210MD.PDF,"Reserve Bank of India (Payments Banks – Cash Reserve Ratio and Statutory Liquidity Ratio) Directions, 2025 (Updated as on January 22, 2026)",Payments Banks
Payments Banks,Governance,Governance,md_13099,https://rbidocs.rbi.org.in/rdocs/notification/PDFs/209MD.PDF,"Reserve Bank of India (Payments Banks - Governance) Directions, 2025",Payments Banks
Payments Banks,Undertaking of Financial Services,Undertaking of Financial Services,md_13100,https://rbidocs.rbi.org.in/rdocs/notification/PDFs/208MD.PDF,"Reserve Bank of India (Payments Banks – Undertaking of Financial Services) Directions, 2025 (Updated as on December 05, 2025)",Payments Banks
Payments Banks,Digital Banking Channels Authorisation,Digital Banking Channels Authorisation,md_13101,https://rbidocs.rbi.org.in/rdocs/notification/PDFs/382MD.PDF,"Reserve Bank of India (Payments Banks – Digital Banking Channels Authorisation) Directions, 2025",Payments Banks
Payments Banks,Branch Authorisation,Branch Authorisation,md_13102,https://rbidocs.rbi.org.in/rdocs/notification/PDFs/207MD.PDF,"Reserve Bank of India (Payments Banks – Branch Authorisation) Directions, 2025",Payments Banks
Payments Banks,Voluntary Amalgamation,Voluntary Amalgamation,md_13103,https://rbidocs.rbi.org.in/rdocs/notification/PDFs/206MD.PDF,"Reserve Bank of India (Payments Banks – Voluntary Amalgamation) Directions, 2025",Payments Banks
Payments Banks,Acquisition and Holding of Shares or Voting Rights,Acquisition and Holding of Shares or Voting Rights,md_13104,https://rbidocs.rbi.org.in/rdocs/notification/PDFs/205MD.PDF,"Reserve Bank of India (Payments Banks – Acquisition and Holding of Shares or Voting Rights) Directions, 2025",Payments Banks
Local Area Banks,Prudential Norms on Declaration of Dividend,Prudential Norms on Declaration of Dividend,md_13324,https://rbidocs.rbi.org.in/rdocs/notification/PDFs/389MD100320260CC22242233B4A46883801B79C02FE8B.PDF,"Reserve Bank of India (Local Area Banks – Prudential Norms on Declaration of Dividend) Directions, 2026",Local Area Banks
Local Area Banks,Miscellaneous,Miscellaneous,md_13061,https://rbidocs.rbi.org.in/rdocs/notification/PDFs/246MD.PDF,"Reserve Bank of India (Local Area Banks – Miscellaneous) Directions, 2025 (Updated as on April 27, 2026)",Local Area Banks
Local Area Banks,Managing Risks in Outsourcing,Managing Risks in Outsourcing,md_13062,https://rbidocs.rbi.org.in/rdocs/notification/PDFs/245MD.PDF,"Reserve Bank of India (Local Area Banks – Managing Risks in Outsourcing) Directions, 2025",Local Area Banks
Local Area Banks,Responsible Business Conduct,Responsible Business Conduct,md_13063,https://rbidocs.rbi.org.in/rdocs/notification/PDFs/244MD.PDF,"Reserve Bank of India (Local Area Banks – Responsible Business Conduct) Directions, 2025 (Updated as on July 1, 2026)",Local Area Banks
Local Area Banks,Know Your Customer,Know Your Customer,md_13064,https://rbidocs.rbi.org.in/rdocs/notification/PDFs/243MD.PDF,"Reserve Bank of India (Local Area Banks – Know Your Customer) Directions, 2025 (Updated as on December 29, 2025)",Local Area Banks
Local Area Banks,Financial Statements: Presentation and Disclosures,Financial Statements: Presentation and Disclosures,md_13066,https://rbidocs.rbi.org.in/rdocs/notification/PDFs/241MD.PDF,"Reserve Bank of India (Local Area Banks – Financial Statements: Presentation and Disclosures) Directions, 2025 (Updated as on May 18, 2026)",Local Area Banks
Local Area Banks,Treatment of Wilful Defaulters and Large Defaulters,Treatment of Wilful Defaulters and Large Defaulters,md_13067,https://rbidocs.rbi.org.in/rdocs/notification/PDFs/240MD.PDF,"Reserve Bank of India (Local Area Banks – Treatment of Wilful Defaulters and Large Defaulters) Directions, 2025",Local Area Banks
Local Area Banks,Resolution of Stressed Assets,Resolution of Stressed Assets,md_13068,https://rbidocs.rbi.org.in/rdocs/notification/PDFs/239MD.PDF,"Reserve Bank of India (Local Area Banks – Resolution of Stressed Assets) Directions, 2025 (Updated as on July 1, 2026)",Local Area Banks
Local Area Banks,"Income Recognition, Asset Classification and Provisioning","Income Recognition, Asset Classification and Provisioning",md_13069,https://rbidocs.rbi.org.in/rdocs/notification/PDFs/238MD.PDF,"Reserve Bank of India (Local Area Banks – Income Recognition, Asset Classification and Provisioning) Directions, 2025 (Updated as on July 1, 2026)",Local Area Banks
Local Area Banks,Asset Liability Management,Asset Liability Management,md_13070,https://rbidocs.rbi.org.in/rdocs/notification/PDFs/237MD.PDF,"Reserve Bank of India (Local Area Banks – Asset Liability Management) Directions, 2025",Local Area Banks
Local Area Banks,"Classification, Valuation and Operation of Investment Portfolio","Classification, Valuation and Operation of Investment Portfolio",md_13071,https://rbidocs.rbi.org.in/rdocs/notification/PDFs/236MD.PDF,"Reserve Bank of India (Local Area Banks – Classification, Valuation and Operation of Investment Portfolio) Directions, 2025 (Updated as on May 18, 2026)",Local Area Banks
Local Area Banks,Interest Rates on Advances,Interest Rates on Advances,md_13072,https://rbidocs.rbi.org.in/rdocs/notification/PDFs/235MD.PDF,"Reserve Bank of India (Local Area Banks – Interest Rates on Advances) Directions, 2025",Local Area Banks
Local Area Banks,Transfer and Distribution of Credit Risk,Transfer and Distribution of Credit Risk,md_13073,https://rbidocs.rbi.org.in/rdocs/notification/PDFs/234MD.PDF,"Reserve Bank of India (Local Area Banks – Transfer and Distribution of Credit Risk) Directions, 2025",Local Area Banks
Local Area Banks,Concentration Risk Management,Concentration Risk Management,md_13074,https://rbidocs.rbi.org.in/rdocs/notification/PDFs/233MD.PDF,"Reserve Bank of India (Local Area Banks – Concentration Risk Management) Directions, 2025",Local Area Banks
Local Area Banks,Credit Risk Management,Credit Risk Management,md_13075,https://rbidocs.rbi.org.in/rdocs/notification/PDFs/232MD.PDF,"Reserve Bank of India (Local Area Banks – Credit Risk Management) Directions, 2025 (Updated as on July 01, 2026)",Local Area Banks
Local Area Banks,Credit Information Reporting,Credit Information Reporting,md_13076,https://rbidocs.rbi.org.in/rdocs/notification/PDFs/231MD.PDF,"Reserve Bank of India (Local Area Banks – Credit Information Reporting) Directions, 2025 (Updated as on July 01, 2026)",Local Area Banks
Local Area Banks,Debit Cards: Issuance and Conduct,Debit Cards: Issuance and Conduct,md_13077,https://rbidocs.rbi.org.in/rdocs/notification/PDFs/230MD.PDF,"Reserve Bank of India (Local Area Banks – Debit Cards: Issuance and Conduct) Directions, 2025",Local Area Banks
Local Area Banks,Credit Facilities,Credit Facilities,md_13078,https://rbidocs.rbi.org.in/rdocs/notification/PDFs/229MD.PDF,"Reserve Bank of India (Local Area Banks – Credit Facilities) Directions, 2025 (Updated as on April 01, 2026)",Local Area Banks
Local Area Banks,Interest Rate on Deposits,Interest Rate on Deposits,md_13079,https://rbidocs.rbi.org.in/rdocs/notification/PDFs/228MD.PDF,"Reserve Bank of India (Local Area Banks – Interest Rate on Deposits) Directions, 2025 (Updated as on June 17, 2026)",Local Area Banks
Local Area Banks,Prudential Norms on Capital Adequacy,Prudential Norms on Capital Adequacy,md_13080,https://rbidocs.rbi.org.in/rdocs/notification/PDFs/227MD.PDF,"Reserve Bank of India (Local Area Banks – Prudential Norms on Capital Adequacy) Directions, 2025",Local Area Banks
Local Area Banks,Cash Reserve Ratio and Statutory Liquidity Ratio,Cash Reserve Ratio and Statutory Liquidity Ratio,md_13081,https://rbidocs.rbi.org.in/rdocs/notification/PDFs/226MD.PDF,"Reserve Bank of India (Local Area Banks – Cash Reserve Ratio and Statutory Liquidity Ratio) Directions, 2025 (Updated as on January 22, 2026)",Local Area Banks
Local Area Banks,Governance,Governance,md_13082,https://rbidocs.rbi.org.in/rdocs/notification/PDFs/225MD.PDF,"Reserve Bank of India (Local Area Banks – Governance) Directions, 2025",Local Area Banks
Local Area Banks,Digital Banking Channels Authorisation,Digital Banking Channels Authorisation,md_13083,https://rbidocs.rbi.org.in/rdocs/notification/PDFs/383MD.PDF,"Reserve Bank of India (Local Area Banks – Digital Banking Channels Authorisation) Directions, 2025",Local Area Banks
Local Area Banks,Branch Authorisation,Branch Authorisation,md_13084,https://rbidocs.rbi.org.in/rdocs/notification/PDFs/224MD.PDF,"Reserve Bank of India (Local Area Banks – Branch Authorisation) Directions, 2025",Local Area Banks
Local Area Banks,Voluntary Amalgamation,Voluntary Amalgamation,md_13085,https://rbidocs.rbi.org.in/rdocs/notification/PDFs/223MD.PDF,"Reserve Bank of India (Local Area Banks – Voluntary Amalgamation) Directions, 2025",Local Area Banks
Local Area Banks,Acquisition and Holding of Shares or Voting Rights,Acquisition and Holding of Shares or Voting Rights,md_13086,https://rbidocs.rbi.org.in/rdocs/notification/PDFs/222MD.PDF,"Reserve Bank of India (Local Area Banks – Acquisition and Holding of Shares or Voting Rights) Directions, 2025",Local Area Banks
Regional Rural Banks,Prudential Norms on Declaration of Dividend,Prudential Norms on Declaration of Dividend,md_13327,https://rbidocs.rbi.org.in/rdocs/notification/PDFs/390MD10032026A83919BF58A2481BB8240A89F25F285E.PDF,"Reserve Bank of India (Regional Rural Banks – Prudential Norms on Declaration of Dividend) Directions, 2026",Regional Rural Banks
Regional Rural Banks,Miscellaneous,Miscellaneous,md_13038,https://rbidocs.rbi.org.in/rdocs/notification/PDFs/268MD4759833478EF4A88898144BF91E4EE1B.PDF,"Reserve Bank of India (Regional Rural Banks – Miscellaneous) Directions, 2025",Regional Rural Banks
Regional Rural Banks,Responsible Business Conduct,Responsible Business Conduct,md_13039,https://rbidocs.rbi.org.in/rdocs/notification/PDFs/267MD96B7D24557AC47BFB051A5301120FFBB.PDF,"Reserve Bank of India (Regional Rural Banks – Responsible Business Conduct) Directions, 2025 (Updated as on July 1, 2026)",Regional Rural Banks
Regional Rural Banks,Know Your Customer,Know Your Customer,md_13040,https://rbidocs.rbi.org.in/rdocs/notification/PDFs/266MDB4BD80DE4B394A50808E81ACC3A2358E.PDF,"Reserve Bank of India (Regional Rural Banks – Know Your Customer) Directions, 2025 (Updated as on December 29, 2025)",Regional Rural Banks
Regional Rural Banks,Financial Statements: Presentation and Disclosures,Financial Statements: Presentation and Disclosures,md_13041,https://rbidocs.rbi.org.in/rdocs/notification/PDFs/265MD4C8ABA19A5194D39A7AD1071676C3060.PDF,"Reserve Bank of India (Regional Rural Banks – Financial Statements: Presentation and Disclosures) Directions, 2025 (Updated as on April 1, 2026)",Regional Rural Banks
Regional Rural Banks,Treatment of Wilful Defaulters and Large Defaulters,Treatment of Wilful Defaulters and Large Defaulters,md_13042,https://rbidocs.rbi.org.in/rdocs/notification/PDFs/264MDC9E9F8DD7A7D4A0D8C7661B8589E8605.PDF,"Reserve Bank of India (Regional Rural Banks – Treatment of Wilful Defaulters and Large Defaulters) Directions, 2025",Regional Rural Banks
Regional Rural Banks,Resolution of Stressed Assets,Resolution of Stressed Assets,md_13043,https://rbidocs.rbi.org.in/rdocs/notification/PDFs/263MD.PDF,"Reserve Bank of India (Regional Rural Banks – Resolution of Stressed Assets) Directions, 2025 (updated as on July 01, 2026)",Regional Rural Banks
Regional Rural Banks,"Income Recognition, Asset Classification and Provisioning","Income Recognition, Asset Classification and Provisioning",md_13044,https://rbidocs.rbi.org.in/rdocs/notification/PDFs/262MD.PDF,"Reserve Bank of India (Regional Rural Banks – Income Recognition, Asset Classification and Provisioning) Directions, 2025 (updated as on July 01, 2026)",Regional Rural Banks
Regional Rural Banks,Asset Liability Management,Asset Liability Management,md_13045,https://rbidocs.rbi.org.in/rdocs/notification/PDFs/261MD.PDF,"Reserve Bank of India (Regional Rural Banks – Asset Liability Management) Directions, 2025",Regional Rural Banks
Regional Rural Banks,"Classification, Valuation and Operation of Investment Portfolio","Classification, Valuation and Operation of Investment Portfolio",md_13046,https://rbidocs.rbi.org.in/rdocs/notification/PDFs/260MD.PDF,"Reserve Bank of India (Regional Rural Banks – Classification, Valuation and Operation of Investment Portfolio) Directions, 2025 (Updated as on May 18, 2026)",Regional Rural Banks
Regional Rural Banks,Interest Rates on Advances,Interest Rates on Advances,md_13047,https://rbidocs.rbi.org.in/rdocs/notification/PDFs/259MD.PDF,"Reserve Bank of India (Regional Rural Banks – Interest Rates on Advances) Directions, 2025",Regional Rural Banks
Regional Rural Banks,Transfer and Distribution of Credit Risk,Transfer and Distribution of Credit Risk,md_13048,https://rbidocs.rbi.org.in/rdocs/notification/PDFs/258MD.PDF,"Reserve Bank of India (Regional Rural Banks – Transfer and Distribution of Credit Risk) Directions, 2025",Regional Rural Banks
Regional Rural Banks,Concentration Risk Management,Concentration Risk Management,md_13049,https://rbidocs.rbi.org.in/rdocs/notification/PDFs/257MD.PDF,"Reserve Bank of India (Regional Rural Banks – Concentration Risk Management) Directions, 2025",Regional Rural Banks
Regional Rural Banks,Credit Risk Management,Credit Risk Management,md_13050,https://rbidocs.rbi.org.in/rdocs/notification/PDFs/256MD.PDF,"Reserve Bank of India (Regional Rural Banks – Credit Risk Management) Directions, 2025 (updated as on July 01, 2026)",Regional Rural Banks
Regional Rural Banks,Credit Information Reporting,Credit Information Reporting,md_13051,https://rbidocs.rbi.org.in/rdocs/notification/PDFs/255MD.PDF,"Reserve Bank of India (Regional Rural Banks – Credit Information Reporting) Directions, 2025 (Updated as on July 01, 2026)",Regional Rural Banks
Regional Rural Banks,Credit Cards and Debit Cards: Issuance and Conduct,Credit Cards and Debit Cards: Issuance and Conduct,md_13052,https://rbidocs.rbi.org.in/rdocs/notification/PDFs/254MD.PDF,"Reserve Bank of India (Regional Rural Banks – Credit Cards and Debit Cards: Issuance and Conduct) Directions, 2025",Regional Rural Banks
Regional Rural Banks,Credit Facilities,Credit Facilities,md_13053,https://rbidocs.rbi.org.in/rdocs/notification/PDFs/253MD.PDF,"Reserve Bank of India (Regional Rural Banks – Credit Facilities) Directions, 2025 (Updated as on April 01, 2026)",Regional Rural Banks
Regional Rural Banks,Interest Rate on Deposits,Interest Rate on Deposits,md_13054,https://rbidocs.rbi.org.in/rdocs/notification/PDFs/252MD.PDF,"Reserve Bank of India (Regional Rural Banks – Interest Rate on Deposits) Directions, 2025 (Updated as on June 17, 2026)",Regional Rural Banks
Regional Rural Banks,Prudential Norms on Capital Adequacy,Prudential Norms on Capital Adequacy,md_13055,https://rbidocs.rbi.org.in/rdocs/notification/PDFs/251MD.PDF,"Reserve Bank of India (Regional Rural Banks - Prudential Norms on Capital Adequacy) Directions, 2025 (Updated as on June 16, 2026)",Regional Rural Banks
Regional Rural Banks,Cash Reserve Ratio and Statutory Liquidity Ratio,Cash Reserve Ratio and Statutory Liquidity Ratio,md_13056,https://rbidocs.rbi.org.in/rdocs/notification/PDFs/250MD.PDF,"Reserve Bank of India (Regional Rural Banks – Cash Reserve Ratio and Statutory Liquidity Ratio) Directions, 2025 (Updated as on June 19, 2026)",Regional Rural Banks
Regional Rural Banks,Governance,Governance,md_13057,https://rbidocs.rbi.org.in/rdocs/notification/PDFs/249MD.PDF,"Reserve Bank of India (Regional Rural Banks – Governance) Directions, 2025",Regional Rural Banks
Regional Rural Banks,Undertaking of Financial Services,Undertaking of Financial Services,md_13058,https://rbidocs.rbi.org.in/rdocs/notification/PDFs/248MD.PDF,"Reserve Bank of India (Regional Rural Banks – Undertaking of Financial Services) Directions, 2025 (Updated as on April 27, 2026)",Regional Rural Banks
Regional Rural Banks,Digital Banking Channels Authorisation,Digital Banking Channels Authorisation,md_13059,https://rbidocs.rbi.org.in/rdocs/notification/PDFs/384MD.PDF,"Reserve Bank of India (Regional Rural Banks – Digital Banking Channels Authorisation) Directions, 2025",Regional Rural Banks
Regional Rural Banks,Branch Authorisation,Branch Authorisation,md_13060,https://rbidocs.rbi.org.in/rdocs/notification/PDFs/247MD.PDF,"Reserve Bank of India (Regional Rural Banks – Branch Authorisation) Directions, 2025",Regional Rural Banks
Urban Co-operative Banks,"Licensing, Scheduling and Regulatory Classification","Licensing, Scheduling and Regulatory Classification",md_13203,https://rbidocs.rbi.org.in/rdocs/notification/PDFs/269MDB68791ED3DA4407596FC88446FC24DF3.PDF,"Reserve Bank of India (Urban Co-operative Banks – Licensing, Scheduling and Regulatory Classification) Guidelines, 2025",Urban Co-operative Banks
Urban Co-operative Banks,Branch Authorisation,Branch Authorisation,md_13204,https://rbidocs.rbi.org.in/rdocs/notification/PDFs/271MD5F6E28F2C5AF4B92AE44048FD3C21405.PDF,"Reserve Bank of India (Urban Co-operative Banks - Branch Authorisation) Directions, 2025",Urban Co-operative Banks
Urban Co-operative Banks,Miscellaneous,Miscellaneous,md_13011,https://rbidocs.rbi.org.in/rdocs/notification/PDFs/294MDA514F8EED7554D9F8B8DC461B55E4956.PDF,"Reserve Bank of India (Urban Co-operative Banks – Miscellaneous) Directions, 2025",Urban Co-operative Banks
Urban Co-operative Banks,Managing Risks in Outsourcing,Managing Risks in Outsourcing,md_13012,https://rbidocs.rbi.org.in/rdocs/notification/PDFs/293MD6D08F6482DFE4A22AF441AD601136473.PDF,"Reserve Bank of India (Urban Co-operative Banks – Managing Risks in Outsourcing) Directions, 2025",Urban Co-operative Banks
Urban Co-operative Banks,Responsible Business Conduct,Responsible Business Conduct,md_13013,https://rbidocs.rbi.org.in/rdocs/notification/PDFs/292MD76099C95D4BD4139A4EBCDA2F50BEFA2.PDF,"Reserve Bank of India (Urban Co-operative Banks – Responsible Business Conduct) Directions, 2025 (Updated as on July 1, 2026)",Urban Co-operative Banks
Urban Co-operative Banks,Know Your Customer,Know Your Customer,md_13014,https://rbidocs.rbi.org.in/rdocs/notification/PDFs/291MDE108E59AC43D4C13B2D06598B296C877.PDF,"Reserve Bank of India (Urban Co-operative Banks – Know Your Customer) Directions, 2025 (Updated as on December 29, 2025)",Urban Co-operative Banks
Urban Co-operative Banks,Prudential Norms on Declaration of Dividends,Prudential Norms on Declaration of Dividends,md_13015,https://rbidocs.rbi.org.in/rdocs/notification/PDFs/290MD616350878BDB425AB674BD8F44CECA6F.PDF,"Reserve Bank of India (Urban Co-operative Banks – Prudential Norms on Declaration of Dividends) Directions, 2025",Urban Co-operative Banks
Urban Co-operative Banks,Financial Statements: Presentation and Disclosures,Financial Statements: Presentation and Disclosures,md_13016,https://rbidocs.rbi.org.in/rdocs/notification/PDFs/289MDA4C31A1342334925BEA8860F1C07A2E2.PDF,"Reserve Bank of India (Urban Co-operative Banks – Financial Statements: Presentation and Disclosures) Directions, 2025 (Updated as on April 1, 2026)",Urban Co-operative Banks
Urban Co-operative Banks,Treatment of Wilful Defaulters and Large Defaulters,Treatment of Wilful Defaulters and Large Defaulters,md_13017,https://rbidocs.rbi.org.in/rdocs/notification/PDFs/288MDFF01AB60686C42C3A362F83E87392224.PDF,"Reserve Bank of India (Urban Co-operative Banks – Treatment of Wilful Defaulters and Large Defaulters) Directions, 2025",Urban Co-operative Banks
Urban Co-operative Banks,Resolution of Stressed Assets,Resolution of Stressed Assets,md_13018,https://rbidocs.rbi.org.in/rdocs/notification/PDFs/287MDF9C64E970EA74C16A6FEAB59052A0F72.PDF,"Reserve Bank of India (Urban Co-operative Banks – Resolution of Stressed Assets) Directions, 2025 (Updated as on July 1, 2026)",Urban Co-operative Banks
Urban Co-operative Banks,"Income Recognition, Asset Classification and Provisioning","Income Recognition, Asset Classification and Provisioning",md_13019,https://rbidocs.rbi.org.in/rdocs/notification/PDFs/286MD85DCC2671BCB41DC8B0714812DAB799A.PDF,"Reserve Bank of India (Urban Co-operative Banks – Income Recognition, Asset Classification and Provisioning) Directions, 2025 (updated as on July 01, 2026)",Urban Co-operative Banks
Urban Co-operative Banks,Asset Liability Management,Asset Liability Management,md_13020,https://rbidocs.rbi.org.in/rdocs/notification/PDFs/285MDF435283E73444E45A54EC8764ABCC848.PDF,"Reserve Bank of India (Urban Co-operative Banks – Asset Liability Management) Directions, 2025",Urban Co-operative Banks
Urban Co-operative Banks,"Classification, Valuation and Operation of Investment Portfolio","Classification, Valuation and Operation of Investment Portfolio",md_13021,https://rbidocs.rbi.org.in/rdocs/notification/PDFs/284MD47AE1D934ED549E2AEB98E30D3A85A57.PDF,"Reserve Bank of India (Urban Co-operative Banks – Classification, Valuation and Operation of Investment Portfolio) Directions, 2025 (Updated as on May 18, 2026)",Urban Co-operative Banks
Urban Co-operative Banks,Interest Rates on Advances,Interest Rates on Advances,md_13022,https://rbidocs.rbi.org.in/rdocs/notification/PDFs/283MDC3CE849D1EE047478359BA164A180EB2.PDF,"Reserve Bank of India (Urban Co-operative Banks – Interest Rates on Advances) Directions, 2025",Urban Co-operative Banks
Urban Co-operative Banks,Transfer and Distribution of Credit Risk,Transfer and Distribution of Credit Risk,md_13023,https://rbidocs.rbi.org.in/rdocs/notification/PDFs/282MD963601BD314543AD8105FDAFACD3AA91.PDF,"Reserve Bank of India (Urban Co-operative Banks – Transfer and Distribution of Credit Risk) Directions, 2025",Urban Co-operative Banks
Urban Co-operative Banks,Concentration Risk Management,Concentration Risk Management,md_13024,https://rbidocs.rbi.org.in/rdocs/notification/PDFs/281MD5AD018D50ACD4B10AF51DD504AD3DDB3.PDF,"Reserve Bank of India (Urban Co-operative Banks – Concentration Risk Management) Directions, 2025",Urban Co-operative Banks
Urban Co-operative Banks,Credit Risk Management,Credit Risk Management,md_13025,https://rbidocs.rbi.org.in/rdocs/notification/PDFs/280MD71ABEC5E655C4CE7816646F849E5CB29.PDF,"Reserve Bank of India (Urban Co-operative Banks – Credit Risk Management) Directions, 2025 (Updated as on July 01, 2026)",Urban Co-operative Banks
Urban Co-operative Banks,Credit Information Reporting,Credit Information Reporting,md_13026,https://rbidocs.rbi.org.in/rdocs/notification/PDFs/279MD3334DC0D4F8F43068FA37F74DED62382.PDF,"Reserve Bank of India (Urban Co-operative Banks – Credit Information Reporting) Directions, 2025 (Updated as on July 01, 2026)",Urban Co-operative Banks
Urban Co-operative Banks,Credit Cards and Debit Cards: Issuance and Conduct,Credit Cards and Debit Cards: Issuance and Conduct,md_13027,https://rbidocs.rbi.org.in/rdocs/notification/PDFs/278MD2C704B1C34BF4E1BB8F6B710190D4E6C.PDF,"Reserve Bank of India (Urban Co-operative Banks – Credit Cards and Debit Cards: Issuance and Conduct) Directions, 2025",Urban Co-operative Banks
Urban Co-operative Banks,Credit Facilities,Credit Facilities,md_13028,https://rbidocs.rbi.org.in/rdocs/notification/PDFs/277MDFF00147367D64F02899A3A756CDA9093.PDF,"Reserve Bank of India (Urban Co-operative Banks – Credit Facilities) Directions, 2025 (Updated as on July 15, 2026)",Urban Co-operative Banks
Urban Co-operative Banks,Interest Rate on Deposits,Interest Rate on Deposits,md_13029,https://rbidocs.rbi.org.in/rdocs/notification/PDFs/276MD926CB0F1D85C4C7981A81F01AAEE0D13.PDF,"Reserve Bank of India (Urban Co-operative Banks – Interest Rate on Deposits) Directions, 2025 (Updated as on June 17, 2026)",Urban Co-operative Banks
Urban Co-operative Banks,Prudential Norms on Capital Adequacy,Prudential Norms on Capital Adequacy,md_13030,https://rbidocs.rbi.org.in/rdocs/notification/PDFs/275MD3D20366A706C4C13B4FA21A3DC0451A1.PDF,"Reserve Bank of India (Urban Co-operative Banks - Prudential Norms on Capital Adequacy) Directions, 2025 (Updated as on June 16, 2026)",Urban Co-operative Banks
Urban Co-operative Banks,Cash Reserve Ratio and Statutory Liquidity Ratio,Cash Reserve Ratio and Statutory Liquidity Ratio,md_13031,https://rbidocs.rbi.org.in/rdocs/notification/PDFs/274MD3A0AEE03DF1B4F39BB0F0B91BFC73A05.PDF,"Reserve Bank of India (Urban Co-operative Banks – Cash Reserve Ratio and Statutory Liquidity Ratio) Directions, 2025 (Updated as on June 19, 2026)",Urban Co-operative Banks
Urban Co-operative Banks,Governance,Governance,md_13032,https://rbidocs.rbi.org.in/rdocs/notification/PDFs/273MD1E2C8ADF7F3D4881933547E0AAABCFA4.PDF,"Reserve Bank of India (Urban Co-operative Banks - Governance) Directions, 2025 (Updated as on May 25, 2026)",Urban Co-operative Banks
Urban Co-operative Banks,Undertaking of Financial Services,Undertaking of Financial Services,md_13033,https://rbidocs.rbi.org.in/rdocs/notification/PDFs/272MD6C9694D129BC4A769CBCD6B206A345B5.PDF,"Reserve Bank of India (Urban Co-operative Banks – Undertaking of Financial Services) Directions, 2025 (Updated as on April 27, 2026)",Urban Co-operative Banks
Urban Co-operative Banks,Digital Banking Channels Authorisation,Digital Banking Channels Authorisation,md_13034,https://rbidocs.rbi.org.in/rdocs/notification/PDFs/385MDE9EEBCE5D5EA40C5AD9FD122507E94F8.PDF,"Reserve Bank of India (Urban Co-operative Banks – Digital Banking Channels Authorisation) Directions, 2025",Urban Co-operative Banks
Urban Co-operative Banks,Voluntary Amalgamation,Voluntary Amalgamation,md_13036,https://rbidocs.rbi.org.in/rdocs/notification/PDFs/270MD0F410014D53F4900814935480D096DDA.PDF,"Reserve Bank of India (Urban Co-operative Banks – Voluntary Amalgamation) Directions, 2025",Urban Co-operative Banks
Rural Co-operative Banks,Managing Risks in Outsourcing,Managing Risks in Outsourcing,md_12986,https://rbidocs.rbi.org.in/rdocs/notification/PDFs/318MDE0794991DA36479EAF4267E99E78C5D4.PDF,"Reserve Bank of India (Rural Co-operative Banks – Managing Risks in Outsourcing) Directions, 2025",Rural Co-operative Banks
Rural Co-operative Banks,Responsible Business Conduct,Responsible Business Conduct,md_12987,https://rbidocs.rbi.org.in/rdocs/notification/PDFs/317MD887462600A924B8CB0DD389AC78041C5.PDF,"Reserve Bank of India (Rural Co-operative Banks – Responsible Business Conduct) Directions, 2025 (Updated as on July 1, 2026)",Rural Co-operative Banks
Rural Co-operative Banks,Know Your Customer,Know Your Customer,md_12988,https://rbidocs.rbi.org.in/rdocs/notification/PDFs/316MDC827AC45BD1248DFB272637379D4128C.PDF,"Reserve Bank of India (Rural Co-operative Banks – Know Your Customer) Directions, 2025 (Updated as on December 29, 2025)",Rural Co-operative Banks
Rural Co-operative Banks,Prudential Norms on Declaration of Dividends,Prudential Norms on Declaration of Dividends,md_12989,https://rbidocs.rbi.org.in/rdocs/notification/PDFs/315MDD4D6D28D4BD84F84A93DBB459D696D04.PDF,"Reserve Bank of India (Rural Co-operative Banks – Prudential Norms on Declaration of Dividends) Directions, 2025",Rural Co-operative Banks
Rural Co-operative Banks,Financial Statements: Presentation and Disclosures,Financial Statements: Presentation and Disclosures,md_12990,https://rbidocs.rbi.org.in/rdocs/notification/PDFs/314MD105FDB4D92954DC8A332FDDD468727E2.PDF,"Reserve Bank of India (Rural Co-operative Banks – Financial Statements: Presentation and Disclosures) Directions, 2025 (Updated as on April 1, 2026)",Rural Co-operative Banks
Rural Co-operative Banks,Treatment of Wilful Defaulters and Large Defaulters,Treatment of Wilful Defaulters and Large Defaulters,md_12991,https://rbidocs.rbi.org.in/rdocs/notification/PDFs/313MD02F712F901B74064B5DFB5389AAF4635.PDF,"Reserve Bank of India (Rural Co-operative Banks – Treatment of Wilful Defaulters and Large Defaulters) Directions, 2025",Rural Co-operative Banks
Rural Co-operative Banks,Resolution of Stressed Assets,Resolution of Stressed Assets,md_12992,https://rbidocs.rbi.org.in/rdocs/notification/PDFs/312MDED63664A2FAD47AAA2AF35B21B42D891.PDF,"Reserve Bank of India (Rural Co-operative Banks – Resolution of Stressed Assets) Directions, 2025 (Updated as on July 01, 2026)",Rural Co-operative Banks
Rural Co-operative Banks,"Income Recognition, Asset Classification and Provisioning","Income Recognition, Asset Classification and Provisioning",md_12993,https://rbidocs.rbi.org.in/rdocs/notification/PDFs/311MD325E093FC9B14A5E8D968E2BFC9A7CE2.PDF,"Reserve Bank of India (Rural Co-operative Banks – Income Recognition, Asset Classification and Provisioning) Directions, 2025  (Updated as on July 01, 2026)",Rural Co-operative Banks
Rural Co-operative Banks,Asset Liability Management,Asset Liability Management,md_12994,https://rbidocs.rbi.org.in/rdocs/notification/PDFs/310MDB3001389A9CC4E929E5C95170219D08C.PDF,"Reserve Bank of India (Rural Co-operative Banks – Asset Liability Management) Directions, 2025",Rural Co-operative Banks
Rural Co-operative Banks,"Classification, Valuation and Operation of Investment Portfolio","Classification, Valuation and Operation of Investment Portfolio",md_12995,https://rbidocs.rbi.org.in/rdocs/notification/PDFs/309MDA721C4C88C1C47618967DEE0A5DD8ECF.PDF,"Reserve Bank of India (Rural Co-operative Banks – Classification, Valuation and Operation of Investment Portfolio) Directions, 2025 (Updated as on May 18, 2026)",Rural Co-operative Banks
Rural Co-operative Banks,Interest Rates on Advances,Interest Rates on Advances,md_12996,https://rbidocs.rbi.org.in/rdocs/notification/PDFs/308MD5EFEC2756D6C49D89939321BFA1112ED.PDF,"Reserve Bank of India (Rural Co-operative Banks – Interest Rates on Advances) Directions, 2025",Rural Co-operative Banks
Rural Co-operative Banks,Transfer and Distribution of Credit Risk,Transfer and Distribution of Credit Risk,md_12997,https://rbidocs.rbi.org.in/rdocs/notification/PDFs/307MDA2E3C66F4060495EB4262788206D4624.PDF,"Reserve Bank of India (Rural Co-operative Banks – Transfer and Distribution of Credit Risk) Directions, 2025",Rural Co-operative Banks
Rural Co-operative Banks,Concentration Risk Management,Concentration Risk Management,md_12998,https://rbidocs.rbi.org.in/rdocs/notification/PDFs/306MD1B2E712A2C85493B9597D742B7D0723D.PDF,"Reserve Bank of India (Rural Co-operative Banks – Concentration Risk Management) Directions, 2025",Rural Co-operative Banks
Rural Co-operative Banks,Credit Risk Management,Credit Risk Management,md_12999,https://rbidocs.rbi.org.in/rdocs/notification/PDFs/305MDBAA8E20812664CD58C98C7436D919C49.PDF,"Reserve Bank of India (Rural Co-operative Banks – Credit Risk Management) Directions, 2025 (Updated as on July 01, 2026)",Rural Co-operative Banks
Rural Co-operative Banks,Credit Information Reporting,Credit Information Reporting,md_13000,https://rbidocs.rbi.org.in/rdocs/notification/PDFs/304MDB8CFC8C99FB2410A82F9022648786BD0.PDF,"Reserve Bank of India (Rural Co-operative Banks – Credit Information Reporting) Directions, 2025 (Updated as on July 01, 2026)",Rural Co-operative Banks
Rural Co-operative Banks,Debit Cards: Issuance and Conduct,Debit Cards: Issuance and Conduct,md_13001,https://rbidocs.rbi.org.in/rdocs/notification/PDFs/303MD6394576E32E84D3FA6634CBA70F0291A.PDF,"Reserve Bank of India (Rural Co-operative Banks – Debit Cards: Issuance and Conduct) Directions, 2025",Rural Co-operative Banks
Rural Co-operative Banks,Credit Facilities,Credit Facilities,md_13002,https://rbidocs.rbi.org.in/rdocs/notification/PDFs/302MD9447AEE4C3A543AA970CAF17ECD0E440.PDF,"Reserve Bank of India (Rural Co-operative Banks – Credit Facilities) Directions, 2025 (Updated as on April 01, 2026)",Rural Co-operative Banks
Rural Co-operative Banks,Interest Rate on Deposits,Interest Rate on Deposits,md_13003,https://rbidocs.rbi.org.in/rdocs/notification/PDFs/301MD61FDD3EB323E49EEA9A1DFCE704E5BF9.PDF,"Reserve Bank of India (Rural Co-operative Banks – Interest Rate on Deposits) Directions, 2025 (Updated as on June 17, 2026)",Rural Co-operative Banks
Rural Co-operative Banks,Prudential Norms on Capital Adequacy,Prudential Norms on Capital Adequacy,md_13004,https://rbidocs.rbi.org.in/rdocs/notification/PDFs/300MDF58DB7A7A9564C0CA00ABE5D6A0A07F1.PDF,"Reserve Bank of India (Rural Co-operative Banks – Prudential Norms on Capital Adequacy) Directions, 2025 (Updated as on May 15, 2026)",Rural Co-operative Banks
Rural Co-operative Banks,Cash Reserve Ratio and Statutory Liquidity Ratio,Cash Reserve Ratio and Statutory Liquidity Ratio,md_13005,https://rbidocs.rbi.org.in/rdocs/notification/PDFs/299MDEC55794FB96E4E52A5B5D0893EBE36F6.PDF,"Reserve Bank of India (Rural Co-operative Banks – Cash Reserve Ratio and Statutory Liquidity Ratio) Directions, 2025 (Updated as on June 19, 2026)",Rural Co-operative Banks
Rural Co-operative Banks,Governance,Governance,md_13006,https://rbidocs.rbi.org.in/rdocs/notification/PDFs/298MD47439C1E67454650A666D90BDDE73AC3.PDF,"Reserve Bank of India (Rural Co-operative Banks - Governance) Directions, 2025 (Updated as on May 25, 2026)",Rural Co-operative Banks
Rural Co-operative Banks,Undertaking of Financial Services,Undertaking of Financial Services,md_13007,https://rbidocs.rbi.org.in/rdocs/notification/PDFs/297MD8B97C3B046D84D0BAA969029B3B4F39F.PDF,"Reserve Bank of India (Rural Co-operative Banks – Undertaking of Financial Services) Directions, 2025 (Updated as on April 27, 2026)",Rural Co-operative Banks
Rural Co-operative Banks,Digital Banking Channels Authorisation,Digital Banking Channels Authorisation,md_13008,https://rbidocs.rbi.org.in/rdocs/notification/PDFs/386MD2EA5A2249DB94541B485F19F9D6CEC6C.PDF,"Reserve Bank of India (Rural Co-operative Banks – Digital Banking Channels Authorisation) Directions, 2025",Rural Co-operative Banks
Rural Co-operative Banks,Voluntary Amalgamation,Voluntary Amalgamation,md_13010,https://rbidocs.rbi.org.in/rdocs/notification/PDFs/295MD1EAD13C6D93B44E98AB6A4353542054E.PDF,"Reserve Bank of India (Rural Co-operative Banks - Voluntary Amalgamation) Directions, 2025",Rural Co-operative Banks
Rural Co-operative Banks,Branch Authorisation,Branch Authorisation,md_13205,https://rbidocs.rbi.org.in/rdocs/notification/PDFs/296MD3B084D4247B940E782DCF35DE02806CB.PDF,"Reserve Bank of India (Rural Co-operative Banks - Branch Authorisation) Directions, 2025",Rural Co-operative Banks
Rural Co-operative Banks,Miscellaneous,Miscellaneous,md_13202,https://rbidocs.rbi.org.in/rdocs/notification/PDFs/319MDD6043B8B7A0A49CFA8C29881AE174DD6.PDF,"Reserve Bank of India (Rural Co-operative Banks – Miscellaneous) Directions, 2025",Rural Co-operative Banks
All India Financial Institutions,Miscellaneous,Miscellaneous,md_12966,https://rbidocs.rbi.org.in/rdocs/notification/PDFs/338MD82DA791B78C840DA9CE556AD2F6A099E.PDF,"Reserve Bank of India (All India Financial Institutions – Miscellaneous) Directions, 2025",All India Financial Institutions
All India Financial Institutions,Managing Risks in Outsourcing,Managing Risks in Outsourcing,md_12967,https://rbidocs.rbi.org.in/rdocs/notification/PDFs/337MD82046EB95DF047E7B6D4977E1D1B344E.PDF,"Reserve Bank of India (All India Financial Institutions – Managing Risks in Outsourcing) Directions, 2025",All India Financial Institutions
All India Financial Institutions,Responsible Business Conduct,Responsible Business Conduct,md_12968,https://rbidocs.rbi.org.in/rdocs/notification/PDFs/336MDE82A669C159C41D09B212DDF2908364A.PDF,"Reserve Bank of India (All India Financial Institutions – Responsible Business Conduct) Directions, 2025 (Updated as on July 1, 2026)",All India Financial Institutions
All India Financial Institutions,Know Your Customer,Know Your Customer,md_12969,https://rbidocs.rbi.org.in/rdocs/notification/PDFs/335MDB36143CAC69041858F40094B961AD8D1.PDF,"Reserve Bank of India (All India Financial Institutions – Know Your Customer) Directions, 2025 (Updated as on December 29, 2025)",All India Financial Institutions
All India Financial Institutions,Financial Statements: Presentation and Disclosures,Financial Statements: Presentation and Disclosures,md_12970,https://rbidocs.rbi.org.in/rdocs/notification/PDFs/334MDBA729BB698594DF88D0C0F8AD14D6051.PDF,"Reserve Bank of India (All India Financial Institutions – Financial Statements: Presentation and Disclosures) Directions, 2025 (Updated as on April 1, 2026)",All India Financial Institutions
All India Financial Institutions,Treatment of Wilful Defaulters and Large Defaulters,Treatment of Wilful Defaulters and Large Defaulters,md_12971,https://rbidocs.rbi.org.in/rdocs/notification/PDFs/333MD5058C30FAE2B4BF7A6FA46FBF5BA1860.PDF,"Reserve Bank of India (All India Financial Institutions – Treatment of Wilful Defaulters and Large Defaulters) Directions, 2025",All India Financial Institutions
All India Financial Institutions,Resolution of Stressed Assets,Resolution of Stressed Assets,md_12972,https://rbidocs.rbi.org.in/rdocs/notification/PDFs/332MD172466A0BC46438DB5E53C03F90E5D97.PDF,"Reserve Bank of India (All India Financial Institutions – Resolution of Stressed Assets) Directions, 2025 (Updated as on July 1, 2026)",All India Financial Institutions
All India Financial Institutions,"Income Recognition, Asset Classification and Provisioning","Income Recognition, Asset Classification and Provisioning",md_12973,https://rbidocs.rbi.org.in/rdocs/notification/PDFs/331MD8F94924174D045A9A61DB7472C935BBB.PDF,"Reserve Bank of India (All India Financial Institutions – Income Recognition, Asset Classification and Provisioning) Directions, 2025 (Updated as on July 01, 2026)",All India Financial Institutions
All India Financial Institutions,Asset Liability Management,Asset Liability Management,md_12974,https://rbidocs.rbi.org.in/rdocs/notification/PDFs/330MD8EE03EACE9C840B78782487A56262606.PDF,"Reserve Bank of India (All India Financial Institutions – Asset Liability Management) Directions, 2025",All India Financial Institutions
All India Financial Institutions,"Classification, Valuation and Operation of Investment Portfolio","Classification, Valuation and Operation of Investment Portfolio",md_12975,https://rbidocs.rbi.org.in/rdocs/notification/PDFs/329MDB471ED6596B74577A0D9BC3296ECC859.PDF,"Reserve Bank of India (All India Financial Institutions – Classification, Valuation and Operation of Investment Portfolio) Directions, 2025",All India Financial Institutions
All India Financial Institutions,Securitisation Transactions,Securitisation Transactions,md_12976,https://rbidocs.rbi.org.in/rdocs/notification/PDFs/328MDCA89E7AD35574A5E8A94F83F329293A2.PDF,"Reserve Bank of India (All India Financial Institutions – Securitisation Transactions) Directions, 2025",All India Financial Institutions
All India Financial Institutions,Transfer and Distribution of Credit Risk,Transfer and Distribution of Credit Risk,md_12977,https://rbidocs.rbi.org.in/rdocs/notification/PDFs/327MD7EA8E880A8D64D06B8AE74D8EDF60F17.PDF,"Reserve Bank of India (All India Financial Institutions – Transfer and Distribution of Credit Risk) Directions, 2025",All India Financial Institutions
All India Financial Institutions,Concentration Risk Management,Concentration Risk Management,md_12978,https://rbidocs.rbi.org.in/rdocs/notification/PDFs/326MD7CB162D66FB043AFA384B6ED63EFA5D7.PDF,"Reserve Bank of India (All India Financial Institutions – Concentration Risk Management) Directions, 2025",All India Financial Institutions
All India Financial Institutions,Credit Risk Management,Credit Risk Management,md_12979,https://rbidocs.rbi.org.in/rdocs/notification/PDFs/325MD9D1E9340756A42F183443F73A0B46998.PDF,"Reserve Bank of India (All India Financial Institutions – Credit Risk Management) Directions, 2025 (Updated as on July 01, 2026)",All India Financial Institutions
All India Financial Institutions,Credit Information Reporting,Credit Information Reporting,md_12980,https://rbidocs.rbi.org.in/rdocs/notification/PDFs/324MD7A26BF797952433E8A8D59AA98A79999.PDF,"Reserve Bank of India (All India Financial Institutions – Credit Information Reporting) Directions, 2025 (Updated as on July 01, 2026)",All India Financial Institutions
All India Financial Institutions,Credit Facilities,Credit Facilities,md_12981,https://rbidocs.rbi.org.in/rdocs/notification/PDFs/323MDC03F7527B77E43B586042F9F3104C2B7.PDF,"Reserve Bank of India (All India Financial Institutions – Credit Facilities) Directions, 2025 (Updated as on July 15, 2026)",All India Financial Institutions
All India Financial Institutions,Resource Raising Norms,Resource Raising Norms,md_12982,https://rbidocs.rbi.org.in/rdocs/notification/PDFs/322MD52B038D169F34D5C9851D5F02E1C7044.PDF,"Reserve Bank of India (All India Financial Institutions– Resource Raising Norms) Directions, 2025",All India Financial Institutions
All India Financial Institutions,Prudential Norms on Capital Adequacy,Prudential Norms on Capital Adequacy,md_12983,https://rbidocs.rbi.org.in/rdocs/notification/PDFs/321MDD26060BC94C943C8B5907F5E328E0F1B.PDF,"Reserve Bank of India (All India Financial Institutions - Prudential Norms on Capital Adequacy) Directions, 2025 (Updated as on June 16, 2026)",All India Financial Institutions
All India Financial Institutions,Undertaking of Financial Services,Undertaking of Financial Services,md_12984,https://rbidocs.rbi.org.in/rdocs/notification/PDFs/320MDC5714911D38A471980DD2D5D9DB3AECD.PDF,"Reserve Bank of India (All India Financial Institutions – Undertaking of Financial Services) Directions, 2025 (Updated as on April 27, 2026)",All India Financial Institutions
Non-Banking Financial Companies,Miscellaneous,Miscellaneous,md_12931,https://rbidocs.rbi.org.in/rdocs/notification/PDFs/373MD7F3656C99F764E2F9CE1BC4A1337861F.PDF,"Reserve Bank of India (Non-Banking Financial Companies – Miscellaneous) Directions, 2025 (Updated as on February 26, 2026)",Non-Banking Financial Companies
Non-Banking Financial Companies,(Non-Operative Financial Holding Companies),(Non-Operative Financial Holding Companies),md_12932,https://rbidocs.rbi.org.in/rdocs/notification/PDFs/372MD72894C1BCD6646C582BDF57824ED849B.PDF,"Reserve Bank of India (Non-Operative Financial Holding Companies) Directions, 2025 (Updated as on December 05, 2025)",Non-Banking Financial Companies
Non-Banking Financial Companies,Microfinance Institution,Microfinance Institution,md_12933,https://rbidocs.rbi.org.in/rdocs/notification/PDFs/371MD93444E1CFB2749C6A9F8F0182794522B.PDF,"Reserve Bank of India (Non-Banking Financial Companies – Microfinance Institution) Directions, 2025",Non-Banking Financial Companies
Non-Banking Financial Companies,Peer to Peer Lending Platform,Peer to Peer Lending Platform,md_12934,https://rbidocs.rbi.org.in/rdocs/notification/PDFs/370MD60843CF99DE6468CA026BF367311796E.PDF,"Reserve Bank of India (Non-Banking Financial Companies – Peer to Peer Lending Platform) Directions, 2025",Non-Banking Financial Companies
Non-Banking Financial Companies,(Mortgage Guarantee Companies),(Mortgage Guarantee Companies),md_12935,https://rbidocs.rbi.org.in/rdocs/notification/PDFs/369MD595FB8D5A60A4858AEADC3DA61569214.PDF,"Reserve Bank of India (Mortgage Guarantee Companies) Directions, 2025 (Updated as on March 10, 2026)",Non-Banking Financial Companies
Non-Banking Financial Companies,Account Aggregator,Account Aggregator,md_12936,https://rbidocs.rbi.org.in/rdocs/notification/PDFs/368MDA3A72C813679452CB0A291E6B300DB59.PDF,"Reserve Bank of India (Non-Banking Financial Companies - Account Aggregator) Directions, 2025",Non-Banking Financial Companies
Non-Banking Financial Companies,(Core Investment Companies),(Core Investment Companies),md_12937,https://rbidocs.rbi.org.in/rdocs/notification/PDFs/367MD6F29605A9F984829B1DDFA72799197BB.PDF,"Reserve Bank of India (Core Investment Companies) Directions, 2025 (Updated as on March 10, 2026)",Non-Banking Financial Companies
Non-Banking Financial Companies,(Standalone Primary Dealers),(Standalone Primary Dealers),md_12938,https://rbidocs.rbi.org.in/rdocs/notification/PDFs/366MDF8A3AEF00BF24FFC8FA8F1B096F8E054.PDF,"Reserve Bank of India (Standalone Primary Dealers) Directions, 2025 (Updated as on March 10, 2026)",Non-Banking Financial Companies
Non-Banking Financial Companies,(Housing Finance Companies),(Housing Finance Companies),md_12939,https://rbidocs.rbi.org.in/rdocs/notification/PDFs/365MD8214102C853241B98E06B2123AB42657.PDF,"Reserve Bank of India (Housing Finance Companies) Directions, 2025 (Updated as on April 15, 2026)",Non-Banking Financial Companies
Non-Banking Financial Companies,Climate Finance and Management of Climate Change Risks,Climate Finance and Management of Climate Change Risks,md_12940,https://rbidocs.rbi.org.in/rdocs/notification/PDFs/364MD89C593EA3A124B1491E797D1A752110F.PDF,"Reserve Bank of India (Non-Banking Financial Companies – Climate Finance and Management of Climate Change Risks) Directions, 2025",Non-Banking Financial Companies
Non-Banking Financial Companies,Managing Risks in Outsourcing,Managing Risks in Outsourcing,md_12941,https://rbidocs.rbi.org.in/rdocs/notification/PDFs/363MD40F22B0CDF734E3C884A9CBCE5DF9194.PDF,"Reserve Bank of India (Non-Banking Financial Companies – Managing Risks in Outsourcing) Directions, 2025",Non-Banking Financial Companies
Non-Banking Financial Companies,Responsible Business Conduct,Responsible Business Conduct,md_12942,https://rbidocs.rbi.org.in/rdocs/notification/PDFs/362MD26CA543937BA439A97E1BCFC08CF5808.PDF,"Reserve Bank of India (Non-Banking Financial Companies – Responsible Business Conduct) Directions, 2025 (Updated as on July 1, 2026)",Non-Banking Financial Companies
Non-Banking Financial Companies,Know Your Customer,Know Your Customer,md_12943,https://rbidocs.rbi.org.in/rdocs/notification/PDFs/361MD1E2F8EA063454AD5AFA1D02A1BA5ACA7.PDF,"Reserve Bank of India (Non-Banking Financial Companies – Know Your Customer) Directions, 2025 (Updated as on December 29, 2025)",Non-Banking Financial Companies
Non-Banking Financial Companies,Prudential Norms on Declaration of Dividends,Prudential Norms on Declaration of Dividends,md_12944,https://rbidocs.rbi.org.in/rdocs/notification/PDFs/360MD1E07039E1DCA455B8CCB9D0C4BFD4BBE.PDF,"Reserve Bank of India (Non-Banking Financial Companies – Prudential Norms on Declaration of Dividends) Directions, 2025 (Updated as on July 01, 2026)",Non-Banking Financial Companies
Non-Banking Financial Companies,Financial Statements: Presentation and Disclosures,Financial Statements: Presentation and Disclosures,md_12945,https://rbidocs.rbi.org.in/rdocs/notification/PDFs/359MD22B81FAE1AB9481BA79541602ADD032D.PDF,"Reserve Bank of India (Non-Banking Financial Companies – Financial Statements: Presentation and Disclosures) Directions, 2025 (Updated as on July 01, 2026)",Non-Banking Financial Companies
Non-Banking Financial Companies,Treatment of Wilful Defaulters and Large Defaulters,Treatment of Wilful Defaulters and Large Defaulters,md_12946,https://rbidocs.rbi.org.in/rdocs/notification/PDFs/358MDB0FF0CDD07C04BFAB5A97494E9BB7104.PDF,"Reserve Bank of India (Non-Banking Financial Companies – Treatment of Wilful Defaulters and Large Defaulters) Directions, 2025 (Updated as on July 01, 2026)",Non-Banking Financial Companies
Non-Banking Financial Companies,Resolution of Stressed Assets,Resolution of Stressed Assets,md_12947,https://rbidocs.rbi.org.in/rdocs/notification/PDFs/357MD501BDDC9758E40B592D1AD2D919CC6AF.PDF,"Reserve Bank of India (Non-Banking Financial Companies – Resolution of Stressed Assets) Directions, 2025 (updated as on July 1, 2026)",Non-Banking Financial Companies
Non-Banking Financial Companies,"Income Recognition, Asset Classification and Provisioning","Income Recognition, Asset Classification and Provisioning",md_12948,https://rbidocs.rbi.org.in/rdocs/notification/PDFs/356MD4F8109CA54BE44A9805C5300601F8A11.PDF,"Reserve Bank of India (Non-Banking Financial Companies – Income Recognition, Asset Classification and Provisioning) Directions, 2025 (updated as on July 01, 2026)",Non-Banking Financial Companies
Non-Banking Financial Companies,Asset Liability Management,Asset Liability Management,md_12949,https://rbidocs.rbi.org.in/rdocs/notification/PDFs/355MDDFD8E87964DD4F529248131781B5812F.PDF,"Reserve Bank of India (Non-Banking Financial Companies – Asset Liability Management) Directions, 2025 (Updated as on July 01, 2026)",Non-Banking Financial Companies
Non-Banking Financial Companies,"Classification, Valuation and Operation of Investment Portfolio","Classification, Valuation and Operation of Investment Portfolio",md_12950,https://rbidocs.rbi.org.in/rdocs/notification/PDFs/354MD1F909E42C44E481085D47ECF16A9EE26.PDF,"Reserve Bank of India (Non-Banking Financial Companies – Classification, Valuation and Operation of Investment Portfolio) Directions, 2025 (Updated as on July 01, 2026)",Non-Banking Financial Companies
Non-Banking Financial Companies,Securitisation Transactions,Securitisation Transactions,md_12951,https://rbidocs.rbi.org.in/rdocs/notification/PDFs/353MD9A35481FC07E4D1199A62E5C2356B0C4.PDF,"Reserve Bank of India (Non-Banking Financial Companies – Securitisation Transactions) Directions, 2025 (Updated as on July 01, 2026)",Non-Banking Financial Companies
Non-Banking Financial Companies,Transfer and Distribution of Credit Risk,Transfer and Distribution of Credit Risk,md_12952,https://rbidocs.rbi.org.in/rdocs/notification/PDFs/352MDCF4E55B0ACD24FCC8AED1C715997F0F9.PDF,"Reserve Bank of India (Non-Banking Financial Companies - Transfer and Distribution of Credit Risk) Directions, 2025 (Updated as on July 01, 2026)",Non-Banking Financial Companies
Non-Banking Financial Companies,Concentration Risk Management,Concentration Risk Management,md_12953,https://rbidocs.rbi.org.in/rdocs/notification/PDFs/351MD74108723E6DA484E954DB9D2C7ED184C.PDF,"Reserve Bank of India (Non-Banking Financial Companies - Concentration Risk Management) Directions, 2025 (Updated as on July 01, 2026)",Non-Banking Financial Companies
Non-Banking Financial Companies,Credit Risk Management,Credit Risk Management,md_12954,https://rbidocs.rbi.org.in/rdocs/notification/PDFs/350MDEF81E70DAB50429898EB2CF07BBCA09E.PDF,"Reserve Bank of India (Non-Banking Financial Companies – Credit Risk Management) Directions, 2025 (Updated as on July 01, 2026)",Non-Banking Financial Companies
Non-Banking Financial Companies,Credit Information Reporting,Credit Information Reporting,md_12955,https://rbidocs.rbi.org.in/rdocs/notification/PDFs/349MD04B1F5EC16D84779BC61D9CC40552401.PDF,"Reserve Bank of India (Non-Banking Financial Companies – Credit Information Reporting) Directions, 2025 (Updated as on July 01, 2026)",Non-Banking Financial Companies
Non-Banking Financial Companies,Credit Cards: Issuance and Conduct,Credit Cards: Issuance and Conduct,md_12956,https://rbidocs.rbi.org.in/rdocs/notification/PDFs/348MD993245D8570047299D1814811F20AFEE.PDF,"Reserve Bank of India (Non-Banking Financial Companies – Credit Cards: Issuance and Conduct) Directions, 2025",Non-Banking Financial Companies
Non-Banking Financial Companies,Credit Facilities,Credit Facilities,md_12957,https://rbidocs.rbi.org.in/rdocs/notification/PDFs/347MD5CC21D3597C04354B67A42A1A4CB439C.PDF,"Reserve Bank of India (Non-Banking Financial Companies – Credit Facilities) Directions, 2025 (updated as on July 15, 2026)",Non-Banking Financial Companies
Non-Banking Financial Companies,Acceptance of Public Deposits,Acceptance of Public Deposits,md_12958,https://rbidocs.rbi.org.in/rdocs/notification/PDFs/346MD6C1FC3FFE3E84415B12A1C05642FD3E3.PDF,"Reserve Bank of India (Non-Banking Financial Companies – Acceptance of Public Deposits) Directions, 2025 (Updated as on April 15, 2026)",Non-Banking Financial Companies
Non-Banking Financial Companies,Prudential Norms on Capital Adequacy,Prudential Norms on Capital Adequacy,md_12959,https://rbidocs.rbi.org.in/rdocs/notification/PDFs/345MDAB71EF5B2D534D7B92C654742BDF9A77.PDF,"Reserve Bank of India (Non-Banking Financial Companies – Prudential Norms on Capital Adequacy) Directions, 2025 (Updated as on July 01, 2026)",Non-Banking Financial Companies
Non-Banking Financial Companies,Governance,Governance,md_12960,https://rbidocs.rbi.org.in/rdocs/notification/PDFs/344MD22F0E87F6DD848919A6459236939D76F.PDF,"Reserve Bank of India (Non-Banking Financial Companies – Governance) Directions, 2025 (Updated as on June 24, 2026)",Non-Banking Financial Companies
Non-Banking Financial Companies,Undertaking of Financial Services,Undertaking of Financial Services,md_12961,https://rbidocs.rbi.org.in/rdocs/notification/PDFs/343MD54448C9FA65A429BB5AFADBB162904F1.PDF,"Reserve Bank of India (Non-Banking Financial Companies – Undertaking of Financial Services) Directions, 2025 (Updated as on July 01, 2026)",Non-Banking Financial Companies
Non-Banking Financial Companies,Branch Authorisation,Branch Authorisation,md_12962,https://rbidocs.rbi.org.in/rdocs/notification/PDFs/342MD6D0E541E684A451BB4BB80C4819B2BB1.PDF,"Reserve Bank of India (Non-Banking Financial Companies – Branch Authorisation) Directions, 2025 (Updated as on April 15, 2026)",Non-Banking Financial Companies
Non-Banking Financial Companies,Voluntary Amalgamation,Voluntary Amalgamation,md_12963,https://rbidocs.rbi.org.in/rdocs/notification/PDFs/341MDDF7F3A9C8BF2439D828E773D444D7FD3.PDF,"Reserve Bank of India (Non-Banking Financial Companies – Voluntary Amalgamation) Directions, 2025",Non-Banking Financial Companies
Non-Banking Financial Companies,Acquisition of Shareholding or Control,Acquisition of Shareholding or Control,md_12964,https://rbidocs.rbi.org.in/rdocs/notification/PDFs/340MD4B77ED4B942E4F9FBECA5673D0360BA3.PDF,"Reserve Bank of India (Non-Banking Financial Companies – Acquisition of Shareholding or Control) Directions, 2025",Non-Banking Financial Companies
Non-Banking Financial Companies,"Registration, Exemptions and Framework for Scale Based Regulation","Registration, Exemptions and Framework for Scale Based Regulation",md_12965,https://rbidocs.rbi.org.in/rdocs/notification/PDFs/339MD7166A79E96D64572B378949D3972DBD1.PDF,"Reserve Bank of India (Non-Banking Financial Companies – Registration, Exemptions and Framework for Scale Based Regulation) Directions, 2025 (Updated as on July 01, 2026)",Non-Banking Financial Companies
Asset Reconstruction Companies,Know Your Customer,Know Your Customer,md_12927,https://rbidocs.rbi.org.in/rdocs/notification/PDFs/377MDC2C0B12BF5FA4716B1186CBAFBAEE6DC.PDF,"Reserve Bank of India (Asset Reconstruction Companies – Know Your Customer) Directions, 2025 (Updated as on December 29, 2025)",Asset Reconstruction Companies
Asset Reconstruction Companies,Treatment of Wilful Defaulters and Large Defaulters,Treatment of Wilful Defaulters and Large Defaulters,md_12928,https://rbidocs.rbi.org.in/rdocs/notification/PDFs/376MD90C9663D1BA3430989254B93FFC0C975.PDF,"Reserve Bank of India (Asset Reconstruction Companies – Treatment of Wilful Defaulters and Large Defaulters) Directions, 2025",Asset Reconstruction Companies
Asset Reconstruction Companies,Credit Information Reporting,Credit Information Reporting,md_12929,https://rbidocs.rbi.org.in/rdocs/notification/PDFs/375MD4501F9CAB74942A5862702FA20D4F275.PDF,"Reserve Bank of India (Asset Reconstruction Companies  – Credit Information Reporting) Directions, 2025 (Updated as on July 01, 2026)",Asset Reconstruction Companies
Asset Reconstruction Companies,Asset Reconstruction Companies,Asset Reconstruction Companies,md_12930,https://rbidocs.rbi.org.in/rdocs/notification/PDFs/374MD5EB12B213C134165BBC19F6F9B01434A.PDF,"Reserve Bank of India (Asset Reconstruction Companies) Directions, 2025 (Updated as on March 10, 2026)",Asset Reconstruction Companies
Credit Information Companies,Managing Risks in Outsourcing,Managing Risks in Outsourcing,md_12925,https://rbidocs.rbi.org.in/rdocs/notification/PDFs/379MD4FB63C400E634A6EA5E9F800150E0643.PDF,"Reserve Bank of India (Credit Information Companies – Managing Risks in Outsourcing) Directions, 2025",Credit Information Companies
Credit Information Companies,Credit Information Companies,Credit Information Companies,md_12926,https://rbidocs.rbi.org.in/rdocs/notification/PDFs/378MD65D46FCCF0C34491B34505C6E1DACFFE.PDF,"Reserve Bank of India (Credit Information Companies) Directions, 2025 (Updated as on July 01, 2026)",Credit Information Companies
Commercial Banks,(Commercial Banks – Miscellaneous) Supervisory,(Commercial Banks – Miscellaneous) Supervisory,md_13637,https://rbidocs.rbi.org.in/rdocs/notification/PDFs/416MD53D6A6765E6649B6AAABB58C0E4C7EFB.PDF,"Reserve Bank of India (Commercial Banks – Miscellaneous) Supervisory Directions, 2026",Commercial Banks
Commercial Banks,Supervisory Returns,Supervisory Returns,md_13638,https://rbidocs.rbi.org.in/rdocs/notification/PDFs/415MD17AD8787C68848D58600F61E35468861.PDF,"Reserve Bank of India (Commercial Banks – Supervisory Returns) Directions, 2026",Commercial Banks
Commercial Banks,Statutory Audit,Statutory Audit,md_13639,https://rbidocs.rbi.org.in/rdocs/notification/PDFs/414MDEB929BD427B7443C98B182F2A13E1396.PDF,"Reserve Bank of India (Commercial Banks – Statutory Audit) Directions, 2026",Commercial Banks
Commercial Banks,Internal Audit Function,Internal Audit Function,md_13640,https://rbidocs.rbi.org.in/rdocs/notification/PDFs/413MD4F9FF319B5954ED1998D65025BDCBFDA.PDF,"Reserve Bank of India (Commercial Banks - Internal Audit Function) Directions, 2026",Commercial Banks
Commercial Banks,Fraud Risk Management,Fraud Risk Management,md_13641,https://rbidocs.rbi.org.in/rdocs/notification/PDFs/412MD5B6CA712E156413BACDEA9DD5CF5D1EF.PDF,"Reserve Bank of India (Commercial Banks – Fraud Risk Management) Directions, 2026",Commercial Banks
Commercial Banks,Digital Payment Security Controls,Digital Payment Security Controls,md_13642,https://rbidocs.rbi.org.in/rdocs/notification/PDFs/411MD1918998D1AD74F159D57664FB10E053F.PDF,"Reserve Bank of India (Commercial Banks – Digital Payment Security Controls) Directions, 2026",Commercial Banks
Commercial Banks,"Cybersecurity, Technology: Risk, Resilience and Assurance Framework","Cybersecurity, Technology: Risk, Resilience and Assurance Framework",md_13643,https://rbidocs.rbi.org.in/rdocs/notification/PDFs/410MD1C1DD4C43C9C49ED9033D64902636D9C.PDF,"Reserve Bank of India (Commercial Banks – Cybersecurity, Technology: Risk, Resilience and Assurance Framework) Directions, 2026",Commercial Banks
Commercial Banks,Concurrent Audit,Concurrent Audit,md_13644,https://rbidocs.rbi.org.in/rdocs/notification/PDFs/409MD13EB09368FC543A2BEDF3B9E8F2C9A6A.PDF,"Reserve Bank of India (Commercial Banks – Concurrent Audit) Directions, 2026",Commercial Banks
Commercial Banks,Compliance Function,Compliance Function,md_13645,https://rbidocs.rbi.org.in/rdocs/notification/PDFs/408MD83CAFF1305FB4180A6C3B4E68C88ED09.PDF,"Reserve Bank of India (Commercial Banks - Compliance Function) Directions, 2026",Commercial Banks
Small Finance Banks,(Small Finance Banks – Miscellaneous) Supervisory,(Small Finance Banks – Miscellaneous) Supervisory,md_13628,https://rbidocs.rbi.org.in/rdocs/notification/PDFs/425MD0436481B095C48CD89101DA2ACCD152E.PDF,"Reserve Bank of India (Small Finance Banks – Miscellaneous) Supervisory Directions, 2026",Small Finance Banks
Small Finance Banks,Supervisory Returns,Supervisory Returns,md_13629,https://rbidocs.rbi.org.in/rdocs/notification/PDFs/424MD2CF5C97A54FA4C2883108496BBEF2D80.PDF,"Reserve Bank of India (Small Finance Banks - Supervisory Returns) Directions, 2026",Small Finance Banks
Small Finance Banks,Statutory Audit,Statutory Audit,md_13630,https://rbidocs.rbi.org.in/rdocs/notification/PDFs/423MD425FF643D83E4234949863E6681E0BC3.PDF,"Reserve Bank of India (Small Finance Banks – Statutory Audit) Directions, 2026",Small Finance Banks
Small Finance Banks,Internal Audit Function,Internal Audit Function,md_13631,https://rbidocs.rbi.org.in/rdocs/notification/PDFs/422MD40D63D4AC3564816952B97A16E1AFABD.PDF,"Reserve Bank of India (Small Finance Banks - Internal Audit Function) Directions, 2026",Small Finance Banks
Small Finance Banks,Fraud Risk Management,Fraud Risk Management,md_13632,https://rbidocs.rbi.org.in/rdocs/notification/PDFs/421MD045AAA3F34354D88B80AB52E2EFBBBA1.PDF,"Reserve Bank of India (Small Finance Banks – Fraud Risk Management) Directions, 2026",Small Finance Banks
Small Finance Banks,Digital Payment Security Controls,Digital Payment Security Controls,md_13633,https://rbidocs.rbi.org.in/rdocs/notification/PDFs/420MD29384D707EBB4C938067734D3B24D278.PDF,"Reserve Bank of India (Small Finance Banks – Digital Payment Security Controls) Directions, 2026",Small Finance Banks
Small Finance Banks,"Cybersecurity, Technology: Risk, Resilience and Assurance Framework","Cybersecurity, Technology: Risk, Resilience and Assurance Framework",md_13634,https://rbidocs.rbi.org.in/rdocs/notification/PDFs/419MD2FBDBDE1A8C948B79579A76A9BC83E21.PDF,"Reserve Bank of India (Small Finance Banks - Cybersecurity, Technology: Risk, Resilience and Assurance Framework) Directions, 2026",Small Finance Banks
Small Finance Banks,Concurrent Audit,Concurrent Audit,md_13635,https://rbidocs.rbi.org.in/rdocs/notification/PDFs/418MD59AF663B94CE4CA4AED6B0F320D63F27.PDF,"Reserve Bank of India (Small Finance Banks – Concurrent Audit) Directions, 2026",Small Finance Banks
Small Finance Banks,Compliance Function,Compliance Function,md_13636,https://rbidocs.rbi.org.in/rdocs/notification/PDFs/417MDBF2FB62647A34F518725C7419A522A1A.PDF,"Reserve Bank of India (Small Finance Banks - Compliance Function) Directions, 2026",Small Finance Banks
Payments Banks,(Payments Banks – Miscellaneous) Supervisory,(Payments Banks – Miscellaneous) Supervisory,md_13619,https://rbidocs.rbi.org.in/rdocs/notification/PDFs/434MDB0864F4A89F445818734DA5107794020.PDF,"Reserve Bank of India (Payments Banks – Miscellaneous) Supervisory Directions, 2026",Payments Banks
Payments Banks,Supervisory Returns,Supervisory Returns,md_13620,https://rbidocs.rbi.org.in/rdocs/notification/PDFs/433MD144CFE8D6C744FDABF82F09A06E54704.PDF,"Reserve Bank of India (Payments Banks - Supervisory Returns) Directions, 2026",Payments Banks
Payments Banks,Statutory Audit,Statutory Audit,md_13621,https://rbidocs.rbi.org.in/rdocs/notification/PDFs/432MD02061AE612F1453BAD8A821EBECC8F58.PDF,"Reserve Bank of India (Payments Banks – Statutory Audit) Directions, 2026",Payments Banks
Payments Banks,Internal Audit Function,Internal Audit Function,md_13622,https://rbidocs.rbi.org.in/rdocs/notification/PDFs/431MDACE5BE38F43D4579B03E9DF6F96DA7B7.PDF,"Reserve Bank of India (Payments Banks - Internal Audit Function) Directions, 2026",Payments Banks
Payments Banks,Fraud Risk Management,Fraud Risk Management,md_13623,https://rbidocs.rbi.org.in/rdocs/notification/PDFs/430MD8AFE9055BACE46968BC6E8CB3112471B.PDF,"Reserve Bank of India (Payments Banks – Fraud Risk Management) Directions, 2026",Payments Banks
Payments Banks,Digital Payment Security Controls,Digital Payment Security Controls,md_13624,https://rbidocs.rbi.org.in/rdocs/notification/PDFs/429MD335484C7D27C4AC58720D636CA735A25.PDF,"Reserve Bank of India (Payments Banks – Digital Payment Security Controls) Directions, 2026",Payments Banks
Payments Banks,"Cybersecurity, Technology: Risk, Resilience and Assurance Framework","Cybersecurity, Technology: Risk, Resilience and Assurance Framework",md_13625,https://rbidocs.rbi.org.in/rdocs/notification/PDFs/428MD47757204F5E54CE99FB1E19E8C458655.PDF,"Reserve Bank of India (Payments Banks - Cybersecurity, Technology: Risk, Resilience and Assurance Framework) Directions, 2026",Payments Banks
Payments Banks,Concurrent Audit,Concurrent Audit,md_13626,https://rbidocs.rbi.org.in/rdocs/notification/PDFs/427MD7FCE1B261A9043DC9F6B526DAC24BCF3.PDF,"Reserve Bank of India (Payments Banks – Concurrent Audit) Directions, 2026",Payments Banks
Payments Banks,Compliance Function,Compliance Function,md_13627,https://rbidocs.rbi.org.in/rdocs/notification/PDFs/426MDAC33102EE3FA40DA842AAF54921D76DD.PDF,"Reserve Bank of India (Payments Banks - Compliance Function) Directions, 2026",Payments Banks
Local Area Banks,(Local Area Banks – Miscellaneous) Supervisory,(Local Area Banks – Miscellaneous) Supervisory,md_13603,https://rbidocs.rbi.org.in/rdocs/notification/PDFs/450MD9EEAB01F633148768CC03DEEA746654E.PDF,"Reserve Bank of India (Local Area Banks – Miscellaneous) Supervisory Directions, 2026",Local Area Banks
Local Area Banks,Supervisory Returns,Supervisory Returns,md_13604,https://rbidocs.rbi.org.in/rdocs/notification/PDFs/449MD116AEA06D1C141EDA717FDD5B72BB988.PDF,"Reserve Bank of India (Local Area Banks - Supervisory Returns) Directions, 2026",Local Area Banks
Local Area Banks,Statutory Audit,Statutory Audit,md_13605,https://rbidocs.rbi.org.in/rdocs/notification/PDFs/448MDEB239D081FB94715A7DA64D5F34CC51D.PDF,"Reserve Bank of India (Local Area Banks – Statutory Audit) Directions, 2026",Local Area Banks
Local Area Banks,Internal Audit Function,Internal Audit Function,md_13606,https://rbidocs.rbi.org.in/rdocs/notification/PDFs/447MDBF165A2602F944F79E739038F8807402.PDF,"Reserve Bank of India (Local Area Banks - Internal Audit Function) Directions, 2026",Local Area Banks
Local Area Banks,Fraud Risk Management,Fraud Risk Management,md_13607,https://rbidocs.rbi.org.in/rdocs/notification/PDFs/446MDF0DB1395806B4600842005FCA98583BE.PDF,"Reserve Bank of India (Local Area Banks – Fraud Risk Management) Directions, 2026",Local Area Banks
Local Area Banks,Concurrent Audit,Concurrent Audit,md_13608,https://rbidocs.rbi.org.in/rdocs/notification/PDFs/445MD0C4C20C6998646ABAC1E8634D932999D.PDF,"Reserve Bank of India (Local Area Banks – Concurrent Audit) Directions, 2026",Local Area Banks
Local Area Banks,Compliance Function,Compliance Function,md_13609,https://rbidocs.rbi.org.in/rdocs/notification/PDFs/444MDF1F447E6FD10463DAEDCAA55AEBC11ED.PDF,"Reserve Bank of India (Local Area Banks - Compliance Function) Directions, 2026",Local Area Banks
Regional Rural Banks,(Regional Rural Banks - Miscellaneous) Supervisory,(Regional Rural Banks - Miscellaneous) Supervisory,md_13598,https://rbidocs.rbi.org.in/rdocs/notification/PDFs/455MDC05EBF7DB224411BA9BCFB752F1AA5C3.PDF,"Reserve Bank of India (Regional Rural Banks - Miscellaneous) Supervisory Directions, 2026",Regional Rural Banks
Regional Rural Banks,Fraud Risk Management,Fraud Risk Management,md_13599,https://rbidocs.rbi.org.in/rdocs/notification/PDFs/454MD3627FA91C182430CB1E49367CA5A9896.PDF,"Reserve Bank of India (Regional Rural Banks – Fraud Risk Management) Directions, 2026",Regional Rural Banks
Urban Co-operative Banks,(Urban Co-operative Banks - Miscellaneous) Supervisory,(Urban Co-operative Banks - Miscellaneous) Supervisory,md_13610,https://rbidocs.rbi.org.in/rdocs/notification/PDFs/443MD40CA627030B44C78A2B73D3CE3BE4E98.PDF,"Reserve Bank of India (Urban Co-operative Banks - Miscellaneous) Supervisory Directions, 2026",Urban Co-operative Banks
Urban Co-operative Banks,Supervisory Returns,Supervisory Returns,md_13611,https://rbidocs.rbi.org.in/rdocs/notification/PDFs/442MD0BA25C6023EF4C10A10B90D638D6B00D.PDF,"Reserve Bank of India (Urban Co-operative Banks - Supervisory Returns) Directions, 2026",Urban Co-operative Banks
Urban Co-operative Banks,Statutory Audit,Statutory Audit,md_13612,https://rbidocs.rbi.org.in/rdocs/notification/PDFs/441MD53753CC8209F499E84242D70BF5AAB9F.PDF,"Reserve Bank of India (Urban Co-operative Banks - Statutory Audit) Directions, 2026",Urban Co-operative Banks
Urban Co-operative Banks,Internal Audit Function,Internal Audit Function,md_13613,https://rbidocs.rbi.org.in/rdocs/notification/PDFs/440MDAD4DA76A732549728DFC3DC643051CA0.PDF,"Reserve Bank of India (Urban Co-operative Banks - Internal Audit Function) Directions, 2026",Urban Co-operative Banks
Urban Co-operative Banks,Fraud Risk Management,Fraud Risk Management,md_13614,https://rbidocs.rbi.org.in/rdocs/notification/PDFs/439MD31E8DC47A27C4FE6B43005D22E4F6CB7.PDF,"Reserve Bank of India (Urban Co-operative Banks – Fraud Risk Management) Directions, 2026",Urban Co-operative Banks
Urban Co-operative Banks,Digital Payment Security Controls,Digital Payment Security Controls,md_13615,https://rbidocs.rbi.org.in/rdocs/notification/PDFs/438MDD999C3E155F8479AA7075B10FAF82870.PDF,"Reserve Bank of India (Urban Co-operative Banks – Digital Payment Security Controls) Directions, 2026",Urban Co-operative Banks
Urban Co-operative Banks,"Cybersecurity, Technology: Risk, Resilience and Assurance Framework","Cybersecurity, Technology: Risk, Resilience and Assurance Framework",md_13616,https://rbidocs.rbi.org.in/rdocs/notification/PDFs/437MDA9AD9C6F79B74CC8ABD98AAB32B1CD7D.PDF,"Reserve Bank of India (Urban Co-operative Banks – Cybersecurity, Technology: Risk, Resilience and Assurance Framework) Directions, 2026",Urban Co-operative Banks
Urban Co-operative Banks,Concurrent Audit,Concurrent Audit,md_13617,https://rbidocs.rbi.org.in/rdocs/notification/PDFs/436MD1749C7AECBD84DA589A814082520A61A.PDF,"Reserve Bank of India (Urban Co-operative Banks – Concurrent Audit) Directions, 2026",Urban Co-operative Banks
Urban Co-operative Banks,Compliance Function,Compliance Function,md_13618,https://rbidocs.rbi.org.in/rdocs/notification/PDFs/435MD3E78BD10EF6B4B0D8E7A686F5515990E.PDF,"Reserve Bank of India (Urban Co-operative Banks - Compliance Function) Directions, 2026",Urban Co-operative Banks
Rural Co-operative Banks,(Rural Co-operative Banks - Miscellaneous) Supervisory,(Rural Co-operative Banks - Miscellaneous) Supervisory,md_13600,https://rbidocs.rbi.org.in/rdocs/notification/PDFs/453MD62DE2F74F5754FF89FCE75096ADFA2AF.PDF,"Reserve Bank of India (Rural Co-operative Banks - Miscellaneous) Supervisory Directions, 2026",Rural Co-operative Banks
Rural Co-operative Banks,Statutory Audit,Statutory Audit,md_13601,https://rbidocs.rbi.org.in/rdocs/notification/PDFs/452MD687C391BD41D4A4BA803192EC00E5334.PDF,"Reserve Bank of India (Rural Co-operative Banks - Statutory Audit) Directions, 2026",Rural Co-operative Banks
Rural Co-operative Banks,Fraud Risk Management,Fraud Risk Management,md_13602,https://rbidocs.rbi.org.in/rdocs/notification/PDFs/451MD722AF863DDEA43F29EA4828F2038670D.PDF,"Reserve Bank of India (Rural Co-operative Banks – Fraud Risk Management) Directions, 2026",Rural Co-operative Banks
All India Financial Institutions,(All India Financial Institutions - Miscellaneous) Supervisory,(All India Financial Institutions - Miscellaneous) Supervisory,md_13594,https://rbidocs.rbi.org.in/rdocs/notification/PDFs/459MD246DBC64D787490CA734181844D21432.PDF,"Reserve Bank of India (All India Financial Institutions - Miscellaneous) Supervisory Directions, 2026",All India Financial Institutions
All India Financial Institutions,Supervisory Returns,Supervisory Returns,md_13595,https://rbidocs.rbi.org.in/rdocs/notification/PDFs/458MD364EFCA1964B4A9D88DBC6F0D774C920.PDF,"Reserve Bank of India (All India Financial Institutions - Supervisory Returns) Directions, 2026",All India Financial Institutions
All India Financial Institutions,Fraud Risk Management,Fraud Risk Management,md_13596,https://rbidocs.rbi.org.in/rdocs/notification/PDFs/457MDAC203EBBDF604A81958E02BB2C4BB1B1.PDF,"Reserve Bank of India (All India Financial Institutions – Fraud Risk Management) Directions, 2026",All India Financial Institutions
All India Financial Institutions,"Cybersecurity, Technology: Risk, Resilience and Assurance Framework","Cybersecurity, Technology: Risk, Resilience and Assurance Framework",md_13597,https://rbidocs.rbi.org.in/rdocs/notification/PDFs/456MDC4C94C45185348009970C11F344F27C4.PDF,"Reserve Bank of India (All India Financial Institutions – Cybersecurity, Technology: Risk, Resilience and Assurance Framework) Directions, 2026",All India Financial Institutions
Non-Banking Financial Companies,Auditor’s Report,Auditor’s Report,md_13585,https://rbidocs.rbi.org.in/rdocs/notification/PDFs/468MDF194492AB28E4600BEA9DFBF8D32CC13.PDF,"Reserve Bank of India (Non-Banking Financial Companies - Auditor’s Report) Directions, 2026",Non-Banking Financial Companies
Non-Banking Financial Companies,(Non-Banking Financial Companies – Miscellaneous) Supervisory,(Non-Banking Financial Companies – Miscellaneous) Supervisory,md_13586,https://rbidocs.rbi.org.in/rdocs/notification/PDFs/467MD9CF8CD4ED6364DEEAB5E2638BC39ABA8.PDF,"Reserve Bank of India (Non-Banking Financial Companies – Miscellaneous) Supervisory Directions, 2026",Non-Banking Financial Companies
Non-Banking Financial Companies,Supervisory Returns,Supervisory Returns,md_13587,https://rbidocs.rbi.org.in/rdocs/notification/PDFs/466MD8895831DD9DF4F4ABD6342045EB4509C.PDF,"Reserve Bank of India (Non-Banking Financial Companies - Supervisory Returns) Directions, 2026",Non-Banking Financial Companies
Non-Banking Financial Companies,Statutory Audit,Statutory Audit,md_13588,https://rbidocs.rbi.org.in/rdocs/notification/PDFs/465MD03A0FCE0832642DDAAE82DB2FBC920C8.PDF,"Reserve Bank of India (Non-Banking Financial Companies - Statutory Audit) Directions, 2026",Non-Banking Financial Companies
Non-Banking Financial Companies,Internal Audit Function,Internal Audit Function,md_13589,https://rbidocs.rbi.org.in/rdocs/notification/PDFs/464MD4F5E2EE83BB848DFB6B3475F8B91F45B.PDF,"Reserve Bank of India (Non-Banking Financial Companies - Internal Audit Function) Directions, 2026",Non-Banking Financial Companies
Non-Banking Financial Companies,Fraud Risk Management,Fraud Risk Management,md_13590,https://rbidocs.rbi.org.in/rdocs/notification/PDFs/463MDC5167A28A3B24A2B856804E201261635.PDF,"Reserve Bank of India (Non-Banking Financial Companies – Fraud Risk Management) Directions, 2026",Non-Banking Financial Companies
Non-Banking Financial Companies,Digital Payment Security Controls,Digital Payment Security Controls,md_13591,https://rbidocs.rbi.org.in/rdocs/notification/PDFs/462MD7323FF342D124FAF9BC3B3F7E4F837A5.PDF,"Reserve Bank of India (Non-Banking Financial Companies – Digital Payment Security Controls) Directions, 2026",Non-Banking Financial Companies
Non-Banking Financial Companies,"Cybersecurity, Technology: Risk, Resilience and Assurance Framework","Cybersecurity, Technology: Risk, Resilience and Assurance Framework",md_13592,https://rbidocs.rbi.org.in/rdocs/notification/PDFs/461MD9FAF2CD7550844EE9A70C884DBE4A8A6.PDF,"Reserve Bank of India (Non-Banking Financial Companies – Cybersecurity, Technology: Risk, Resilience and Assurance Framework) Directions, 2026",Non-Banking Financial Companies
Non-Banking Financial Companies,Compliance Function,Compliance Function,md_13593,https://rbidocs.rbi.org.in/rdocs/notification/PDFs/460MD930686EC27D04B4AA9DF4A3481CDD465.PDF,"Reserve Bank of India (Non-Banking Financial Companies - Compliance Function) Directions, 2026",Non-Banking Financial Companies
Asset Reconstruction Companies,Supervisory Returns,Supervisory Returns,md_13584,https://rbidocs.rbi.org.in/rdocs/notification/PDFs/469MDD14C26A537384DFA85C27DFF81A91765.PDF,"Reserve Bank of India (Asset Reconstruction Companies - Supervisory Returns) Directions, 2026",Asset Reconstruction Companies
Credit Information Companies,(Credit Information Companies - Miscellaneous) Supervisory,(Credit Information Companies - Miscellaneous) Supervisory,md_13582,https://rbidocs.rbi.org.in/rdocs/notification/PDFs/471MD76C394F39ABC4C0998D865E923481A06.PDF,"Reserve Bank of India (Credit Information Companies - Miscellaneous) Supervisory Directions, 2026",Credit Information Companies
Credit Information Companies,"Cybersecurity, Technology: Risk, Resilience and Assurance Framework","Cybersecurity, Technology: Risk, Resilience and Assurance Framework",md_13583,https://rbidocs.rbi.org.in/rdocs/notification/PDFs/470MD9D03D4E25E864955B59B7A17DA164DB9.PDF,"Reserve Bank of India (Credit Information Companies – Cybersecurity, Technology: Risk, Resilience and Assurance Framework) Directions, 2026",Credit Information Companies
Financial Inclusion and Development,[Commercial Banks - Kisan Credit Card (KCC) Scheme],[Commercial Banks - Kisan Credit Card (KCC) Scheme],md_13522,https://rbidocs.rbi.org.in/rdocs/notification/PDFs/402MD09973277BFE449CC8E21A0C9634191F2.PDF,"Reserve Bank of India [Commercial Banks - Kisan Credit Card (KCC) Scheme] Directions, 2026",Financial Inclusion and Development
Financial Inclusion and Development,[Small Finance Banks - Kisan Credit Card (KCC) Scheme],[Small Finance Banks - Kisan Credit Card (KCC) Scheme],md_13523,https://rbidocs.rbi.org.in/rdocs/notification/PDFs/403MDB87EB105BA0A40E18A89C5231E301639.PDF,"Reserve Bank of India [Small Finance Banks - Kisan Credit Card (KCC) Scheme] Directions, 2026",Financial Inclusion and Development
Financial Inclusion and Development,[Regional Rural Banks - Kisan Credit Card (KCC) Scheme],[Regional Rural Banks - Kisan Credit Card (KCC) Scheme],md_13524,https://rbidocs.rbi.org.in/rdocs/notification/PDFs/404MDE8BE807BACAC4DA09EA3561C820C7A13.PDF,"Reserve Bank of India [Regional Rural Banks - Kisan Credit Card (KCC) Scheme] Directions, 2026",Financial Inclusion and Development
Financial Inclusion and Development,[Rural Co-operative Banks - Kisan Credit Card (KCC) Scheme],[Rural Co-operative Banks - Kisan Credit Card (KCC) Scheme],md_13525,https://rbidocs.rbi.org.in/rdocs/notification/PDFs/405MDD58E90A39C3D479CB0CF706F173BF58F.PDF,"Reserve Bank of India [Rural Co-operative Banks - Kisan Credit Card (KCC) Scheme] Directions, 2026",Financial Inclusion and Development
Priority Sector Lending,Targets and Classification,Targets and Classification,md_12799,https://rbidocs.rbi.org.in/rdocs/notification/PDFs/128MD66C4DDCB167C4DC9A5BD913570CB3D47.PDF,"Master Directions - Reserve Bank of India (Priority Sector Lending – Targets and Classification) Directions, 2025 ( Updated as on August 07, 2026 )",Financial Inclusion and Development
Financial Inclusion and Development,,,md_11959,https://rbidocs.rbi.org.in/rdocs/notification/PDFs/MDPSL803EE903174E4C85AFA14C335A5B0909.PDF,,Financial Inclusion and Development
Financial Inclusion and Development,"Lending to Micro, Small & Medium Enterprises (MSME) Sector ( Updated as on February 09, 2026 )","Lending to Micro, Small & Medium Enterprises (MSME) Sector ( Updated as on February 09, 2026 )",md_11060,https://rbidocs.rbi.org.in/rdocs/notification/PDFs/56MD24072017E50D0ED63F9B4414AA756FF0FC72FB66.PDF,"Master Direction - Lending to Micro, Small & Medium Enterprises (MSME) Sector ( Updated as on February 09, 2026 )",Financial Inclusion and Development
Financial Inclusion and Development,Reserve Bank of India (Relief Measures by banks in areas affected by Natural Calamities),Reserve Bank of India (Relief Measures by banks in areas affected by Natural Calamities),md_11037,https://rbidocs.rbi.org.in/rdocs/notification/PDFs/55MD0A0C769D62074BCEAEC6F40FD8356870.PDF,Master Direction – Reserve Bank of India (Relief Measures by banks in areas affected by Natural Calamities) Directions 2017,Financial Inclusion and Development
Financial Market,Reserve Bank of India (Credit Derivatives),Reserve Bank of India (Credit Derivatives),md_13552,https://rbidocs.rbi.org.in/rdocs/notification/PDFs/407MD23637C77AC6742318BC8906ED8B98BEC.PDF,"Master Direction – Reserve Bank of India (Credit Derivatives) Directions, 2026",Financial Market
Financial Market,Reserve Bank of India (Unique Identifiers in Financial Markets),Reserve Bank of India (Unique Identifiers in Financial Markets),md_13343,https://rbidocs.rbi.org.in/rdocs/notification/PDFs/392MD270320266188FCF9FF0D4C51913E2DD577796EA4.PDF,"Master Direction - Reserve Bank of India (Unique Identifiers in Financial Markets) Directions, 2026",Financial Market
Financial Market,Reserve Bank of India (Rupee Interest Rate Derivatives),Reserve Bank of India (Rupee Interest Rate Derivatives),md_13214,https://rbidocs.rbi.org.in/rdocs/notification/PDFs/281MD4079EF84173847849A50F7A00FB229F5.PDF,"Master Direction – Reserve Bank of India (Rupee Interest Rate Derivatives) Directions, 2025",Financial Market
Financial Market,Reserve Bank of India (Repurchase Transactions (Repo)),Reserve Bank of India (Repurchase Transactions (Repo)),md_12920,https://rbidocs.rbi.org.in/rdocs/notification/PDFs/142MD1111202598527CBD7B6D4BFC9792D568AD07F27D.PDF,"Master Direction – Reserve Bank of India (Repurchase Transactions (Repo)) Directions, 2025",Financial Market
Financial Market,Reserve Bank of India (Electronic Trading Platforms),Reserve Bank of India (Electronic Trading Platforms),md_12870,https://rbidocs.rbi.org.in/rdocs/notification/PDFs/137MDEF04E0A142F948C58A9503C136E565AF.PDF,"Master Direction – Reserve Bank of India (Electronic Trading Platforms) Directions, 2025",Financial Market
Financial Market,(Forward Contracts in Government Securities),(Forward Contracts in Government Securities),md_12784,https://rbidocs.rbi.org.in/rdocs/notification/PDFs/NT117115BA3350C4D4AEABEF8DE4C2BCDE7BB.PDF,"Reserve Bank of India (Forward Contracts in Government Securities) Directions, 2025",Financial Market
Financial Market,Reserve Bank of India (Access Criteria for NDS-OM),Reserve Bank of India (Access Criteria for NDS-OM),md_13376,https://rbidocs.rbi.org.in/rdocs/notification/PDFs/MD12777A587A04E134163B2F6F574B44F9F1C.PDF,"Master Direction - Reserve Bank of India (Access Criteria for NDS-OM) Directions, 2025 ( Updated as on April 27, 2026 )",Financial Market
Financial Market,Reserve Bank of India (Non-resident Investment in Debt Instruments),Reserve Bank of India (Non-resident Investment in Debt Instruments),md_12765,https://rbidocs.rbi.org.in/rdocs/notification/PDFs/MD126B9CF2E0CABD14471955E50A54D8291F2.PDF,"Master Direction - Reserve Bank of India (Non-resident Investment in Debt Instruments) Directions, 2025 ( Updated as on June 05, 2026 )",Financial Market
Financial Market,Reserve Bank of India (Margining for Non-Centrally Cleared OTC Derivatives),Reserve Bank of India (Margining for Non-Centrally Cleared OTC Derivatives),md_12682,https://rbidocs.rbi.org.in/rdocs/notification/PDFs/117MDRBIOTCDERIVATIVES20245DEA695183554A20B155CE65F58944DD.PDF,"Master Direction – Reserve Bank of India (Margining for Non-Centrally Cleared OTC Derivatives) Directions, 2024 ( Updated as on February 21, 2025 )",Financial Market
Financial Market,Reserve Bank of India (Commercial Paper and Non-Convertible Debentures of original or initial maturity upto one year),Reserve Bank of India (Commercial Paper and Non-Convertible Debentures of original or initial maturity upto one year),md_12592,https://rbidocs.rbi.org.in/rdocs/notification/PDFs/109MDCPNCD797F42D139D741169EB58E637B243FF6.PDF,"Master Direction – Reserve Bank of India (Commercial Paper and Non-Convertible Debentures of original or initial maturity upto one year) Directions, 2024",Financial Market
Financial Market,(Financial Benchmark Administrators),(Financial Benchmark Administrators),md_12581,https://rbidocs.rbi.org.in/rdocs/notification/PDFs/NOTI98FBA281220235418D645715946F7A2C8905B39411F40.PDF,"Reserve Bank of India (Financial Benchmark Administrators) Directions, 2023",Financial Market
Financial Market,(Government Securities Lending),(Government Securities Lending),md_12580,https://rbidocs.rbi.org.in/rdocs/notification/PDFs/GSLDIRECTIONS0AF9CACC130344C0A261EAD47F277AF0.PDF,"Reserve Bank of India (Government Securities Lending) Directions, 2023",Financial Market
Financial Market,Foreign Exchange Management (Hedging of Commodity Price Risk and Freight Risk in Overseas Markets),Foreign Exchange Management (Hedging of Commodity Price Risk  and Freight Risk in Overseas Markets),md_12427,https://rbidocs.rbi.org.in/rdocs/notification/PDFs/94MDHEDGIN0DE447B3472143D6B3237D5F605E2ADB.PDF,"Master Direction – Foreign Exchange Management (Hedging of Commodity Price Risk  and Freight Risk in Overseas Markets) Directions, 2022 (Updated as on April 15, 2024)",Financial Market
Financial Market,Reserve Bank of India (Market-makers in OTC Derivatives),Reserve Bank of India (Market-makers in OTC Derivatives),md_12163,https://rbidocs.rbi.org.in/rdocs/notification/PDFs/84MD8DAD7C4F379B4875AC9C2D398646B42D.PDF,"Master Direction – Reserve Bank of India (Market-makers in OTC Derivatives) Directions, 2021 ( Updated as on February 21, 2025 )",Financial Market
Financial Market,Reserve Bank of India (Certificate of Deposit),Reserve Bank of India (Certificate of Deposit),md_12108,https://rbidocs.rbi.org.in/rdocs/notification/PDFs/NT5080C62E3929DE4D70AABB8136B7B5F647.PDF,"Master Direction – Reserve Bank of India (Certificate of Deposit) Directions, 2021",Financial Market
Financial Market,"Reserve Bank of India (Call, Notice and Term Money Markets)","Reserve Bank of India (Call, Notice and Term Money Markets)",md_12061,https://rbidocs.rbi.org.in/rdocs/notification/PDFs/78CALL95561D4E6ED4441EAE8AB0763E9B5DAE.PDF,"Master Direction - Reserve Bank of India (Call, Notice and Term Money Markets) Directions, 2021 (Updated as on June 08, 2023)",Financial Market
Financial Market,(Prevention of Market Abuse),(Prevention of Market Abuse),md_11500,https://rbidocs.rbi.org.in/rdocs/notification/PDFs/NT141DCB01288F6D24552A898041355981711.PDF,"Reserve Bank of India (Prevention of Market Abuse) Directions, 2019",Financial Market
Financial Market,"on Money Market Instruments: Call/Notice Money Market, Commercial Paper, Certificates of Deposit and Non-Convertible Debentures (original maturity up to one year) ( This Master Direction has been superseded )","on Money Market Instruments: Call/Notice Money Market, Commercial Paper, Certificates of Deposit and Non-Convertible Debentures (original maturity up to one year) ( This Master Direction has been superseded )",md_10495,https://rbidocs.rbi.org.in/rdocs/notification/PDFs/32MD3991CCC227A24E61B8EFF6F7DBA065E2.PDF,"Master Direction on Money Market Instruments: Call/Notice Money Market, Commercial Paper, Certificates of Deposit and Non-Convertible Debentures (original maturity up to one year) ( This Master Direction has been superseded )",Financial Market
Financial Market,"Risk Management and Inter-Bank Dealings ( Updated as on September 22, 2025 )","Risk Management and Inter-Bank Dealings ( Updated as on September 22, 2025 )",md_10485,https://rbidocs.rbi.org.in/rdocs/notification/PDFs/MD3191FD1C01B7704FB9B24E7073F651AB51.PDF,"Master Direction - Risk Management and Inter-Bank Dealings ( Updated as on September 22, 2025 )",Financial Market
Foreign Exchange Management,,,md_12839,https://rbidocs.rbi.org.in/rdocs/notification/PDFs/135MD89B55F672F36443FA02C0C53DC207FFF.PDF,,Foreign Exchange Management
Foreign Exchange Management,"Overseas Investment ( Updated as on April 01, 2026 )","Overseas Investment ( Updated as on April 01, 2026 )",md_12710,https://rbidocs.rbi.org.in/rdocs/notification/PDFs/121MDOI2507202427D16C96B42C4E0B849FFD9732752B68.PDF,"Master Direction - Overseas Investment ( Updated as on April 01, 2026 )",Foreign Exchange Management
Foreign Exchange Management,,,md_11510,https://rbidocs.rbi.org.in/rdocs/notification/PDFs/5MD2603201979CA1390E9E546869B2A9A92614DEDBF.PDF,,Foreign Exchange Management
Foreign Exchange Management,"Foreign Investment in India ( Updated up to June 15, 2026 )","Foreign Investment in India ( Updated up to June 15, 2026 )",md_11200,https://rbidocs.rbi.org.in/rdocs/notification/PDFs/MD11_04012018B4D0DB4E6DA04CC4B7AF62AA03D902BE.PDF,"Master Direction – Foreign Investment in India ( Updated up to June 15, 2026 )",Foreign Exchange Management
Foreign Exchange Management,"Money Transfer Service Scheme (MTSS) ( Updated as on November 28, 2025 )","Money Transfer Service Scheme (MTSS) ( Updated as on November 28, 2025 )",md_10868,https://rbidocs.rbi.org.in/rdocs/notification/PDFs/MD01220220176458378BB80A417592B7CE4DB57B123A.PDF,"Master Direction – Money Transfer Service Scheme (MTSS) ( Updated as on November 28, 2025 )",Foreign Exchange Management
Foreign Exchange Management,Insurance,Insurance,md_10738,https://rbidocs.rbi.org.in/rdocs/notification/PDFs/05MD56DF4232873F466191DC23F39F1012DD.PDF,"Master Direction - Insurance (Updated as on December 07, 2021)",Foreign Exchange Management
Foreign Exchange Management,Establishment of Branch Office (BO)/ Liaison Office (LO)/ Project Office (PO) or any other place of business in India by foreign entities,Establishment of Branch Office (BO)/ Liaison Office (LO)/ Project Office (PO) or any other place of business in India by foreign entities,md_10404,https://rbidocs.rbi.org.in/rdocs/notification/PDFs/06MDE170516F633150EBCFE438084174F7DECCDC20C.PDF,"Master Direction - Establishment of Branch Office (BO)/ Liaison Office (LO)/ Project Office (PO) or any other place of business in India by foreign entities (Updated as on May 18, 2021)",Foreign Exchange Management
Foreign Exchange Management,Direct Investment by Residents in Joint Venture (JV) / Wholly Owned Subsidiary (WOS) Abroad,Direct Investment by Residents in Joint Venture (JV) / Wholly Owned Subsidiary (WOS) Abroad,md_10637,https://rbidocs.rbi.org.in/rdocs/notification/PDFs/10MD06102016E550559916C346E0BC93720658286729.PDF,"Master Direction – Direct Investment by Residents in Joint Venture (JV) / Wholly Owned Subsidiary (WOS) Abroad (Updated as on June 24, 2021)",Foreign Exchange Management
Foreign Exchange Management,"Borrowing and Lending transactions in Indian Rupee between Persons Resident in India and Non-Resident Indians/ Persons of Indian Origin ( Updated as on February 16, 2026 )","Borrowing and Lending transactions in Indian Rupee between Persons Resident in India and Non-Resident Indians/ Persons of Indian Origin ( Updated as on February 16, 2026 )",md_10191,https://rbidocs.rbi.org.in/rdocs/notification/PDFs/02MD787706E669D641C090B415DBE22DEE29.PDF,"Master Direction – Borrowing and Lending transactions in Indian Rupee between Persons Resident in India and Non-Resident Indians/ Persons of Indian Origin ( Updated as on February 16, 2026 )",Foreign Exchange Management
Foreign Exchange Management,"Liberalised Remittance Scheme (LRS) ( Updated as on September 06, 2024 )","Liberalised Remittance Scheme (LRS) ( Updated as on September 06, 2024 )",md_10192,https://rbidocs.rbi.org.in/rdocs/notification/PDFs/03MD945692290C104C5595AEDAC89AE78788.PDF,"Master Direction - Liberalised Remittance Scheme (LRS) ( Updated as on September 06, 2024 )",Foreign Exchange Management
Foreign Exchange Management,"Other Remittance Facilities ( Updated as on May 06, 2026 )","Other Remittance Facilities ( Updated as on May 06, 2026 )",md_10193,https://rbidocs.rbi.org.in/rdocs/notification/PDFs/04MD5127742FD0914D54B5EC4ECA8076F325.PDF,"Master Direction - Other Remittance Facilities ( Updated as on May 06, 2026 )",Foreign Exchange Management
Foreign Exchange Management,"Acquisition or Transfer of Immovable Property under Foreign Exchange Management Act, 1999","Acquisition or Transfer of Immovable Property under Foreign Exchange Management Act, 1999",md_10196,https://rbidocs.rbi.org.in/rdocs/notification/PDFs/07MIP0101168C51C4CB845342D09E8A4A613B1F1C6D.PDF,"Master Direction – Acquisition or Transfer of Immovable Property under Foreign Exchange Management Act, 1999 (Updated as on September 01, 2022)",Foreign Exchange Management
Foreign Exchange Management,"Remittance of Assets ( Updated as on June 29, 2026 )","Remittance of Assets ( Updated as on June 29, 2026 )",md_10197,https://rbidocs.rbi.org.in/rdocs/notification/PDFs/08MDROA112016989330DF1FF9494784DAC32B488E6AE4.PDF,"Master Direction - Remittance of Assets ( Updated as on June 29, 2026 )",Foreign Exchange Management
Foreign Exchange Management,"Deposits and Accounts ( Updated as on June 29, 2026 )","Deposits and Accounts ( Updated as on June 29, 2026 )",md_10198,https://rbidocs.rbi.org.in/rdocs/notification/PDFs/09MDD593B2F2D48648C8AB3D37625C9F245D.PDF,"Master Direction - Deposits and Accounts ( Updated as on June 29, 2026 )",Foreign Exchange Management
Foreign Exchange Management,"Import of Goods and Services ( Updated as on January 12, 2026 )","Import of Goods and Services ( Updated as on January 12, 2026 )",md_10201,https://rbidocs.rbi.org.in/rdocs/notification/PDFs/12MDFB8AD1B34BCB4D0A8F6869DA4A53082E.PDF,"Master Direction – Import of Goods and Services ( Updated as on January 12, 2026 )",Foreign Exchange Management
Foreign Exchange Management,"Reporting under Foreign Exchange Management Act, 1999 ( Updated as on June 24, 2026 )","Reporting under Foreign Exchange Management Act, 1999 ( Updated as on June 24, 2026 )",md_10202,https://rbidocs.rbi.org.in/rdocs/notification/PDFs/13MDRD77DCF42C4E64B6C9A83C24EF5D4E188.PDF,"Master Direction – Reporting under Foreign Exchange Management Act, 1999 ( Updated as on June 24, 2026 )",Foreign Exchange Management
Foreign Exchange Management,"Miscellaneous ( Updated as on May 13, 2026 )","Miscellaneous ( Updated as on May 13, 2026 )",md_10203,https://rbidocs.rbi.org.in/rdocs/notification/PDFs/14MDM1120153F2FD5CC455640E78D139304BC7C080F.PDF,"Master Direction - Miscellaneous ( Updated as on May 13, 2026 )",Foreign Exchange Management
Foreign Exchange Management,Opening and Maintenance of Rupee/Foreign Currency Vostro Accounts of Non-resident Exchange Houses,Opening and Maintenance of Rupee/Foreign Currency Vostro Accounts of Non-resident Exchange Houses,md_10205,https://rbidocs.rbi.org.in/rdocs/notification/PDFs/16MCDF82CC17C279247FCB66E2A39BDAD38F6.PDF,"Master Direction – Opening and Maintenance of Rupee/Foreign Currency Vostro Accounts of Non-resident Exchange Houses (Updated as on December 22, 2022)",Foreign Exchange Management
Foreign Exchange Management,"Export of Goods and Services ( Updated as on July 17, 2026 )","Export of Goods and Services ( Updated as on July 17, 2026 )",md_10395,https://rbidocs.rbi.org.in/rdocs/notification/PDFs/11MDEGS1205163428383952204B77831A3A086E82FDDF.PDF,"Master Direction – Export of Goods and Services ( Updated as on July 17, 2026 )",Foreign Exchange Management
Foreign Exchange Management,"Money Changing Activities ( Updated as on June 24, 2026 )","Money Changing Activities ( Updated as on June 24, 2026 )",md_11518,https://rbidocs.rbi.org.in/rdocs/notification/PDFs/MD03_29031928C70FB929814CFCA72C7D3ED5A0EDE4.PDF,"Master Direction - Money Changing Activities ( Updated as on June 24, 2026 )",Foreign Exchange Management
Issuer of Currency,Facility for Exchange of Notes and Coins,Facility for Exchange of Notes and Coins,md_13362,https://rbidocs.rbi.org.in/rdocs/notification/PDFs/395MDDCEE303B29F7409B867FAAEC10242C4A.PDF,Master Direction – Facility for Exchange of Notes and Coins,Issuer of Currency
Issuer of Currency,"on Counterfeit Notes – Detection, Reporting and Monitoring","on Counterfeit Notes – Detection, Reporting and Monitoring",md_13361,https://rbidocs.rbi.org.in/rdocs/notification/PDFs/MD39472AB49ECE87F40868FBB8F0714E1627F.PDF,"Master Direction on Counterfeit Notes – Detection, Reporting and Monitoring",Issuer of Currency
Issuer of Currency,"on Incentives for Currency Distribution and Exchange and Penalties / Penal Provisions for Bank Branches and Currency Chests for Deficiency in Rendering Customer Service and Reporting of Transactions / Balances ( Updated as on May 27, 2026 )","on Incentives for Currency Distribution and Exchange and Penalties / Penal Provisions for Bank Branches and Currency Chests for Deficiency in Rendering Customer Service and Reporting of Transactions / Balances ( Updated as on May 27, 2026 )",md_13360,https://rbidocs.rbi.org.in/rdocs/notification/PDFs/393MD748717FE591F47CA86031C181677D39B.PDF,"Master Direction on Incentives for Currency Distribution and Exchange and Penalties / Penal Provisions for Bank Branches and Currency Chests for Deficiency in Rendering Customer Service and Reporting of Transactions / Balances ( Updated as on May 27, 2026 )",Issuer of Currency
Payment and Settlement System,(Trade Receivables Discounting System),(Trade Receivables Discounting System),md_13526,https://rbidocs.rbi.org.in/rdocs/notification/PDFs/406MD184DBA53FAE148368AD6D3ACF0DB824E.PDF,"Reserve Bank of India (Trade Receivables Discounting System) Directions, 2026",Payment and Settlement System
Payment and Settlement System,Authorisation to operate a Payment System,Authorisation to operate a Payment System,md_13502,https://rbidocs.rbi.org.in/rdocs/notification/PDFs/401MDDAB7489361B4431DB9A075997E990529.PDF,Master Directions on Authorisation to operate a Payment System,Payment and Settlement System
Payment and Settlement System,"Digital Payments – E-mandate Framework, 2026","Digital Payments – E-mandate Framework, 2026",md_13374,https://rbidocs.rbi.org.in/rdocs/notification/PDFs/396MDD002E435ECA145509929FC3ACBCFD0E9.PDF,"Digital Payments – E-mandate Framework, 2026",Payment and Settlement System
Payment and Settlement System,(Authentication mechanisms for digital payment transactions),(Authentication mechanisms for  digital payment transactions),md_12898,https://rbidocs.rbi.org.in/rdocs/notification/PDFs/NT79258FF36ECA8F4886B3B01F55D166C2B2.PDF,"Reserve Bank of India (Authentication mechanisms for  digital payment transactions) Directions, 2025",Payment and Settlement System
Payment and Settlement System,on Regulation of Payment Aggregator (PA),on Regulation of Payment Aggregator (PA),md_12896,https://rbidocs.rbi.org.in/rdocs/notification/PDFs/141MD7D7F25DEBF1F48449E20D685E4B014E5.PDF,Master Direction on Regulation of Payment Aggregator (PA),Payment and Settlement System
Payment and Settlement System,Cyber Resilience and Digital Payment Security Controls for non-bank Payment System Operators,Cyber Resilience and Digital Payment Security Controls for non-bank Payment System Operators,md_12715,https://rbidocs.rbi.org.in/rdocs/notification/PDFs/MD123C0C6F7FF70E34F3DA5623B9E72AB3181.PDF,Master Directions on Cyber Resilience and Digital Payment Security Controls for non-bank Payment System Operators,Payment and Settlement System
Payment and Settlement System,Reserve Bank of India (Bharat Bill Payment System),Reserve Bank of India (Bharat Bill Payment System),md_12616,https://rbidocs.rbi.org.in/rdocs/notification/PDFs/111MDONBBPS87BA4103916D4B21AE117F1443020ADB.PDF,"Master Direction – Reserve Bank of India (Bharat Bill Payment System) Directions, 2024",Payment and Settlement System
Payment and Settlement System,"Prepaid Payment Instruments (PPIs) ( Updated as on December 27, 2024 )","Prepaid Payment Instruments (PPIs) ( Updated as on December 27, 2024 )",md_12156,https://rbidocs.rbi.org.in/rdocs/notification/PDFs/82MDPPIS2708202181CF0A6FCD1B47B88CAE8E92A228B160.PDF,"Master Directions on Prepaid Payment Instruments (PPIs) ( Updated as on December 27, 2024 )",Payment and Settlement System
Payment and Settlement System,Access Criteria for Payment Systems,Access Criteria for Payment Systems,md_10833,https://rbidocs.rbi.org.in/rdocs/notification/PDFs/MD51170116C65788DE8A564165B74D5FECE0626A73.PDF,"Master Directions on Access Criteria for Payment Systems (Updated as on July 28, 2021)",Payment and Settlement System
